sample_id,cwe,project,commit,cve,group_id,project_wise_split,seen_project_split
row-1,CWE-264,php-src,055ecbc62878e86287d742c7246c21606cee8183,CVE-2012-3365,group-row-1,validation,validation
row-3,CWE-787,qemu,b2eb849d4b1fdb6f35d5c46958c7f703cf64cfef,CVE-2007-1320,group-row-3,train,train
row-4,CWE-787,qemu,b2eb849d4b1fdb6f35d5c46958c7f703cf64cfef,CVE-2007-1320,group-row-3,train,train
row-5,CWE-787,qemu,b2eb849d4b1fdb6f35d5c46958c7f703cf64cfef,CVE-2007-1320,group-row-3,train,train
row-6,CWE-787,qemu,b2eb849d4b1fdb6f35d5c46958c7f703cf64cfef,CVE-2007-1320,group-row-3,train,train
row-7,CWE-787,qemu,b2eb849d4b1fdb6f35d5c46958c7f703cf64cfef,CVE-2007-1320,group-row-3,train,train
row-8,CWE-787,qemu,b2eb849d4b1fdb6f35d5c46958c7f703cf64cfef,CVE-2007-1320,group-row-3,train,train
row-9,CWE-787,qemu,b2eb849d4b1fdb6f35d5c46958c7f703cf64cfef,CVE-2007-1320,group-row-3,train,train
row-10,CWE-787,qemu,b2eb849d4b1fdb6f35d5c46958c7f703cf64cfef,CVE-2007-1320,group-row-3,train,train
row-11,CWE-787,qemu,b2eb849d4b1fdb6f35d5c46958c7f703cf64cfef,CVE-2007-1320,group-row-3,train,train
row-12,CWE-787,qemu,b2eb849d4b1fdb6f35d5c46958c7f703cf64cfef,CVE-2007-1320,group-row-3,train,train
row-13,CWE-787,qemu,65d35a09979e63541afc5bfc595b9f1b1b4ae069,CVE-2007-1320,group-row-3,train,train
row-25,CWE-20,linux-2.6,29eb51101c02df517ca64ec472d7501127ad1da8,CVE-2007-3731,group-row-25,train,test
row-26,CWE-20,linux-2.6,29eb51101c02df517ca64ec472d7501127ad1da8,CVE-2007-3731,group-row-25,train,test
row-33,CWE-264,linux-2.6,176df2457ef6207156ca1a40991c54ca01fef567,CVE-2007-4573,group-row-33,train,train
row-34,CWE-399,linux-2.6,85237f202d46d55c1bffe0c5b1aa3ddc0f1dce4d,CVE-2007-5093,group-row-34,train,train
row-35,CWE-399,linux-2.6,85237f202d46d55c1bffe0c5b1aa3ddc0f1dce4d,CVE-2007-5093,group-row-34,train,train
row-39,CWE-200,linux-2.6,721151d004dcf01a71b12bb6b893f9160284cf6e,CVE-2007-3850,group-row-39,train,train
row-40,CWE-200,linux-2.6,721151d004dcf01a71b12bb6b893f9160284cf6e,CVE-2007-3850,group-row-39,train,train
row-41,CWE-189,linux-2.6,04045f98e0457aba7d4e6736f37eed189c48a5f7,CVE-2007-4997,group-row-41,train,train
row-44,CWE-119,linux-2.6,0f13864e5b24d9cbe18d125d41bfa4b726a82e40,CVE-2007-6063,group-row-44,train,train
row-45,CWE-119,linux-2.6,0f13864e5b24d9cbe18d125d41bfa4b726a82e40,CVE-2007-6063,group-row-44,train,train
row-46,CWE-119,linux-2.6,0f13864e5b24d9cbe18d125d41bfa4b726a82e40,CVE-2007-6063,group-row-44,train,train
row-49,CWE-119,linux-2.6,eafe1aa37e6ec2d56f14732b5240c4dd09f0613a,CVE-2007-6151,group-row-49,train,train
row-50,CWE-200,linux-2.6,e84e2e132c9c66d8498e7710d4ea532d1feaaac5,CVE-2007-6417,group-row-50,train,test
row-51,CWE-200,linux-2.6,e84e2e132c9c66d8498e7710d4ea532d1feaaac5,CVE-2007-6417,group-row-50,train,test
row-52,CWE-200,linux-2.6,e84e2e132c9c66d8498e7710d4ea532d1feaaac5,CVE-2007-6417,group-row-50,train,test
row-53,CWE-189,xserver,be6c17fcf9efebc0bbcc3d9a25f8c5a2450c2161,CVE-2007-6429,group-row-53,train,train
row-54,CWE-189,xserver,be6c17fcf9efebc0bbcc3d9a25f8c5a2450c2161,CVE-2007-6429,group-row-53,train,train
row-58,CWE-20,linux-2.6,9926e4c74300c4b31dee007298c6475d33369df0,CVE-2008-1294,group-row-58,train,train
row-59,CWE-399,linux-2.6,e40cd10ccff3d9fbffd57b93780bee4b7b9bff51,CVE-2008-1367,group-row-59,train,train
row-60,CWE-399,linux-2.6,e40cd10ccff3d9fbffd57b93780bee4b7b9bff51,CVE-2008-1367,group-row-59,train,train
row-61,CWE-399,linux-2.6,e40cd10ccff3d9fbffd57b93780bee4b7b9bff51,CVE-2008-1367,group-row-59,train,train
row-62,CWE-399,linux-2.6,e40cd10ccff3d9fbffd57b93780bee4b7b9bff51,CVE-2008-1367,group-row-59,train,train
row-63,CWE-399,linux-2.6,e40cd10ccff3d9fbffd57b93780bee4b7b9bff51,CVE-2008-1367,group-row-59,train,train
row-64,CWE-399,linux-2.6,3d6e48f43340343d97839eadb1ab7b6a3ea98797,CVE-2008-1514,group-row-64,train,validation
row-65,CWE-399,linux-2.6,3d6e48f43340343d97839eadb1ab7b6a3ea98797,CVE-2008-1514,group-row-64,train,validation
row-66,CWE-399,linux-2.6,3d6e48f43340343d97839eadb1ab7b6a3ea98797,CVE-2008-1514,group-row-64,train,validation
row-67,CWE-399,linux-2.6,3d6e48f43340343d97839eadb1ab7b6a3ea98797,CVE-2008-1514,group-row-64,train,validation
row-69,CWE-189,linux-2.6,13788ccc41ceea5893f9c747c59bc0b28f2416c2,CVE-2007-6712,group-row-69,train,test
row-70,CWE-20,poppler,1a531dcfee1c6fc79a414c38cbe7327fbf9a59d8,CVE-2008-1693,group-row-70,validation,train
row-75,CWE-119,linux-2.6,ddb2c43594f22843e9f3153da151deaba1a834c5,CVE-2008-1673,group-row-75,train,train
row-76,CWE-119,linux-2.6,ddb2c43594f22843e9f3153da151deaba1a834c5,CVE-2008-1673,group-row-75,train,train
row-77,CWE-119,linux-2.6,ddb2c43594f22843e9f3153da151deaba1a834c5,CVE-2008-1673,group-row-75,train,train
row-78,CWE-119,linux-2.6,ddb2c43594f22843e9f3153da151deaba1a834c5,CVE-2008-1673,group-row-75,train,train
row-79,CWE-119,linux-2.6,ddb2c43594f22843e9f3153da151deaba1a834c5,CVE-2008-1673,group-row-75,train,train
row-80,CWE-119,linux-2.6,ddb2c43594f22843e9f3153da151deaba1a834c5,CVE-2008-1673,group-row-75,train,train
row-81,CWE-399,linux-2.6,36ca34cc3b8335eb1fe8bd9a1d0a2592980c3f02,CVE-2008-2136,group-row-81,train,train
row-92,CWE-189,gnutls,bc8102405fda11ea00ca3b42acc4f4bce9d6e97b,CVE-2008-1948,group-row-92,test,train
row-93,CWE-189,gnutls,bc8102405fda11ea00ca3b42acc4f4bce9d6e97b,CVE-2008-1948,group-row-92,test,train
row-94,CWE-189,gnutls,bc8102405fda11ea00ca3b42acc4f4bce9d6e97b,CVE-2008-1948,group-row-92,test,train
row-95,CWE-189,gnutls,d223040e498bd50a4b9e0aa493e78587ae1ed653,CVE-2008-1948,group-row-92,test,train
row-96,CWE-20,linux-2.6,89f5b7da2a6bad2e84670422ab8192382a5aeb9f,CVE-2008-2372,group-row-96,train,test
row-97,CWE-20,linux-2.6,89f5b7da2a6bad2e84670422ab8192382a5aeb9f,CVE-2008-2372,group-row-96,train,test
row-98,CWE-20,linux-2.6,89f5b7da2a6bad2e84670422ab8192382a5aeb9f,CVE-2008-2372,group-row-96,train,test
row-99,CWE-20,linux-2.6,89f5b7da2a6bad2e84670422ab8192382a5aeb9f,CVE-2008-2372,group-row-96,train,test
row-100,CWE-20,linux-2.6,89f5b7da2a6bad2e84670422ab8192382a5aeb9f,CVE-2008-2372,group-row-96,train,test
row-101,CWE-20,linux-2.6,672ca28e300c17bf8d792a2a7a8631193e580c74,CVE-2008-2372,group-row-96,train,test
row-107,CWE-119,linux-2.6,5ac37f87ff18843aabab84cf75b2f8504c2d81fe,CVE-2008-3247,group-row-107,train,train
row-108,CWE-400,linux-2.6,14fcc23fdc78e9d32372553ccf21758a9bd56fa1,CVE-2008-3534,group-row-108,train,train
row-109,CWE-400,linux-2.6,14fcc23fdc78e9d32372553ccf21758a9bd56fa1,CVE-2008-3534,group-row-108,train,train
row-112,CWE-120,linux-2.6,d70b67c8bc72ee23b55381bd6a884f4796692f77,CVE-2008-3275,group-row-112,train,validation
row-113,CWE-120,linux-2.6,d70b67c8bc72ee23b55381bd6a884f4796692f77,CVE-2008-3275,group-row-112,train,validation
row-114,CWE-200,linux-2.6,82e68f7ffec3800425f2391c8c86277606860442,CVE-2008-3272,group-row-114,train,train
row-115,CWE-119,git,fd55a19eb1d49ae54008d932a65f79cd6fda45c9,CVE-2008-3546,group-row-115,train,train
row-116,CWE-119,git,fd55a19eb1d49ae54008d932a65f79cd6fda45c9,CVE-2008-3546,group-row-115,train,train
row-117,CWE-119,git,fd55a19eb1d49ae54008d932a65f79cd6fda45c9,CVE-2008-3546,group-row-115,train,train
row-118,CWE-119,git,fd55a19eb1d49ae54008d932a65f79cd6fda45c9,CVE-2008-3546,group-row-115,train,train
row-119,CWE-119,git,fd55a19eb1d49ae54008d932a65f79cd6fda45c9,CVE-2008-3546,group-row-115,train,train
row-120,CWE-119,git,fd55a19eb1d49ae54008d932a65f79cd6fda45c9,CVE-2008-3546,group-row-115,train,train
row-121,CWE-119,git,fd55a19eb1d49ae54008d932a65f79cd6fda45c9,CVE-2008-3546,group-row-115,train,train
row-122,CWE-119,git,fd55a19eb1d49ae54008d932a65f79cd6fda45c9,CVE-2008-3546,group-row-115,train,train
row-123,CWE-119,git,fd55a19eb1d49ae54008d932a65f79cd6fda45c9,CVE-2008-3546,group-row-115,train,train
row-126,CWE-189,linux-2.6,3e8a0a559c66ee9e7468195691a56fefc3589740,CVE-2008-3276,group-row-126,train,validation
row-137,CWE-189,linux-2.6,30c2235cbc477d4629983d440cdc4f496fec9246,CVE-2008-3526,group-row-137,train,train
row-138,CWE-189,linux-2.6,30c2235cbc477d4629983d440cdc4f496fec9246,CVE-2008-3526,group-row-137,train,train
row-139,CWE-189,linux-2.6,328fc47ea0bcc27d9afa69c3ad6e52431cadd76c,CVE-2008-3526,group-row-137,train,train
row-140,CWE-264,linux-2.6,7d91d531900bfa1165d445390b3b13a8013f98f7,CVE-2008-3527,group-row-140,train,train
row-141,CWE-264,linux-2.6,7d91d531900bfa1165d445390b3b13a8013f98f7,CVE-2008-3527,group-row-140,train,train
row-142,CWE-264,linux-2.6,7d91d531900bfa1165d445390b3b13a8013f98f7,CVE-2008-3527,group-row-140,train,train
row-143,CWE-264,linux-2.6,7d91d531900bfa1165d445390b3b13a8013f98f7,CVE-2008-3527,group-row-140,train,train
row-144,CWE-264,linux-2.6,f2455eb176ac87081bbfc9a44b21c7cd2bc1967e,CVE-2008-3525,group-row-144,train,train
row-147,CWE-119,linux-2.6,91b80969ba466ba4b915a4a1d03add8c297add3f,CVE-2008-3915,group-row-147,train,train
row-148,CWE-189,jasper,3c55b399c36ef46befcb21e4ebc4799367f89684,CVE-2008-3520,group-row-148,train,train
row-149,CWE-189,jasper,3c55b399c36ef46befcb21e4ebc4799367f89684,CVE-2008-3520,group-row-148,train,train
row-150,CWE-189,jasper,3c55b399c36ef46befcb21e4ebc4799367f89684,CVE-2008-3520,group-row-148,train,train
row-151,CWE-189,jasper,3c55b399c36ef46befcb21e4ebc4799367f89684,CVE-2008-3520,group-row-148,train,train
row-152,CWE-189,jasper,3c55b399c36ef46befcb21e4ebc4799367f89684,CVE-2008-3520,group-row-148,train,train
row-153,CWE-189,jasper,3c55b399c36ef46befcb21e4ebc4799367f89684,CVE-2008-3520,group-row-148,train,train
row-154,CWE-189,jasper,3c55b399c36ef46befcb21e4ebc4799367f89684,CVE-2008-3520,group-row-148,train,train
row-155,CWE-189,jasper,3c55b399c36ef46befcb21e4ebc4799367f89684,CVE-2008-3520,group-row-148,train,train
row-156,CWE-189,jasper,3c55b399c36ef46befcb21e4ebc4799367f89684,CVE-2008-3520,group-row-148,train,train
row-157,CWE-189,jasper,3c55b399c36ef46befcb21e4ebc4799367f89684,CVE-2008-3520,group-row-148,train,train
row-158,CWE-189,jasper,3c55b399c36ef46befcb21e4ebc4799367f89684,CVE-2008-3520,group-row-148,train,train
row-159,CWE-189,jasper,3c55b399c36ef46befcb21e4ebc4799367f89684,CVE-2008-3520,group-row-148,train,train
row-160,CWE-189,jasper,3c55b399c36ef46befcb21e4ebc4799367f89684,CVE-2008-3520,group-row-148,train,train
row-161,CWE-189,jasper,3c55b399c36ef46befcb21e4ebc4799367f89684,CVE-2008-3520,group-row-148,train,train
row-162,CWE-189,jasper,3c55b399c36ef46befcb21e4ebc4799367f89684,CVE-2008-3520,group-row-148,train,train
row-163,CWE-189,jasper,3c55b399c36ef46befcb21e4ebc4799367f89684,CVE-2008-3520,group-row-148,train,train
row-164,CWE-189,jasper,3c55b399c36ef46befcb21e4ebc4799367f89684,CVE-2008-3520,group-row-148,train,train
row-165,CWE-189,jasper,3c55b399c36ef46befcb21e4ebc4799367f89684,CVE-2008-3520,group-row-148,train,train
row-166,CWE-189,jasper,3c55b399c36ef46befcb21e4ebc4799367f89684,CVE-2008-3520,group-row-148,train,train
row-167,CWE-189,jasper,3c55b399c36ef46befcb21e4ebc4799367f89684,CVE-2008-3520,group-row-148,train,train
row-168,CWE-189,jasper,3c55b399c36ef46befcb21e4ebc4799367f89684,CVE-2008-3520,group-row-148,train,train
row-169,CWE-189,jasper,3c55b399c36ef46befcb21e4ebc4799367f89684,CVE-2008-3520,group-row-148,train,train
row-170,CWE-189,jasper,3c55b399c36ef46befcb21e4ebc4799367f89684,CVE-2008-3520,group-row-148,train,train
row-171,CWE-189,jasper,3c55b399c36ef46befcb21e4ebc4799367f89684,CVE-2008-3520,group-row-148,train,train
row-172,CWE-189,jasper,3c55b399c36ef46befcb21e4ebc4799367f89684,CVE-2008-3520,group-row-148,train,train
row-173,CWE-189,jasper,3c55b399c36ef46befcb21e4ebc4799367f89684,CVE-2008-3520,group-row-148,train,train
row-174,CWE-189,jasper,3c55b399c36ef46befcb21e4ebc4799367f89684,CVE-2008-3520,group-row-148,train,train
row-175,CWE-189,jasper,3c55b399c36ef46befcb21e4ebc4799367f89684,CVE-2008-3520,group-row-148,train,train
row-176,CWE-189,jasper,3c55b399c36ef46befcb21e4ebc4799367f89684,CVE-2008-3520,group-row-148,train,train
row-177,CWE-189,jasper,3c55b399c36ef46befcb21e4ebc4799367f89684,CVE-2008-3520,group-row-148,train,train
row-178,CWE-189,jasper,3c55b399c36ef46befcb21e4ebc4799367f89684,CVE-2008-3520,group-row-148,train,train
row-179,CWE-189,jasper,3c55b399c36ef46befcb21e4ebc4799367f89684,CVE-2008-3520,group-row-148,train,train
row-180,CWE-189,jasper,3c55b399c36ef46befcb21e4ebc4799367f89684,CVE-2008-3520,group-row-148,train,train
row-181,CWE-189,jasper,3c55b399c36ef46befcb21e4ebc4799367f89684,CVE-2008-3520,group-row-148,train,train
row-182,CWE-189,jasper,3c55b399c36ef46befcb21e4ebc4799367f89684,CVE-2008-3520,group-row-148,train,train
row-183,CWE-189,jasper,3c55b399c36ef46befcb21e4ebc4799367f89684,CVE-2008-3520,group-row-148,train,train
row-184,CWE-189,jasper,3c55b399c36ef46befcb21e4ebc4799367f89684,CVE-2008-3520,group-row-148,train,train
row-185,CWE-189,jasper,3c55b399c36ef46befcb21e4ebc4799367f89684,CVE-2008-3520,group-row-148,train,train
row-186,CWE-189,jasper,3c55b399c36ef46befcb21e4ebc4799367f89684,CVE-2008-3520,group-row-148,train,train
row-187,CWE-189,jasper,3c55b399c36ef46befcb21e4ebc4799367f89684,CVE-2008-3520,group-row-148,train,train
row-188,CWE-189,jasper,3c55b399c36ef46befcb21e4ebc4799367f89684,CVE-2008-3520,group-row-148,train,train
row-189,CWE-189,jasper,3c55b399c36ef46befcb21e4ebc4799367f89684,CVE-2008-3520,group-row-148,train,train
row-190,CWE-189,jasper,3c55b399c36ef46befcb21e4ebc4799367f89684,CVE-2008-3520,group-row-148,train,train
row-191,CWE-189,jasper,3c55b399c36ef46befcb21e4ebc4799367f89684,CVE-2008-3520,group-row-148,train,train
row-192,CWE-189,jasper,3c55b399c36ef46befcb21e4ebc4799367f89684,CVE-2008-3520,group-row-148,train,train
row-193,CWE-189,jasper,3c55b399c36ef46befcb21e4ebc4799367f89684,CVE-2008-3520,group-row-148,train,train
row-194,CWE-189,jasper,3c55b399c36ef46befcb21e4ebc4799367f89684,CVE-2008-3520,group-row-148,train,train
row-195,CWE-189,jasper,3c55b399c36ef46befcb21e4ebc4799367f89684,CVE-2008-3520,group-row-148,train,train
row-196,CWE-189,jasper,3c55b399c36ef46befcb21e4ebc4799367f89684,CVE-2008-3520,group-row-148,train,train
row-197,CWE-189,jasper,3c55b399c36ef46befcb21e4ebc4799367f89684,CVE-2008-3520,group-row-148,train,train
row-198,CWE-189,jasper,3c55b399c36ef46befcb21e4ebc4799367f89684,CVE-2008-3520,group-row-148,train,train
row-199,CWE-189,jasper,3c55b399c36ef46befcb21e4ebc4799367f89684,CVE-2008-3520,group-row-148,train,train
row-200,CWE-189,jasper,3c55b399c36ef46befcb21e4ebc4799367f89684,CVE-2008-3520,group-row-148,train,train
row-201,CWE-189,jasper,3c55b399c36ef46befcb21e4ebc4799367f89684,CVE-2008-3520,group-row-148,train,train
row-202,CWE-189,jasper,3c55b399c36ef46befcb21e4ebc4799367f89684,CVE-2008-3520,group-row-148,train,train
row-203,CWE-189,jasper,3c55b399c36ef46befcb21e4ebc4799367f89684,CVE-2008-3520,group-row-148,train,train
row-204,CWE-189,jasper,3c55b399c36ef46befcb21e4ebc4799367f89684,CVE-2008-3520,group-row-148,train,train
row-205,CWE-189,jasper,3c55b399c36ef46befcb21e4ebc4799367f89684,CVE-2008-3520,group-row-148,train,train
row-206,CWE-189,jasper,3c55b399c36ef46befcb21e4ebc4799367f89684,CVE-2008-3520,group-row-148,train,train
row-207,CWE-189,jasper,3c55b399c36ef46befcb21e4ebc4799367f89684,CVE-2008-3520,group-row-148,train,train
row-208,CWE-189,jasper,3c55b399c36ef46befcb21e4ebc4799367f89684,CVE-2008-3520,group-row-148,train,train
row-209,CWE-189,jasper,3c55b399c36ef46befcb21e4ebc4799367f89684,CVE-2008-3520,group-row-148,train,train
row-210,CWE-189,jasper,3c55b399c36ef46befcb21e4ebc4799367f89684,CVE-2008-3520,group-row-148,train,train
row-211,CWE-189,jasper,3c55b399c36ef46befcb21e4ebc4799367f89684,CVE-2008-3520,group-row-148,train,train
row-212,CWE-189,jasper,3c55b399c36ef46befcb21e4ebc4799367f89684,CVE-2008-3520,group-row-148,train,train
row-213,CWE-189,jasper,3c55b399c36ef46befcb21e4ebc4799367f89684,CVE-2008-3520,group-row-148,train,train
row-214,CWE-119,jasper,d678ccd27b8a062e3bfd4c80d8ce2676a8166a27,CVE-2008-3522,group-row-214,train,train
row-216,CWE-399,linux-2.6,6a860c979b35469e4d77da781a96bdb2ca05ae64,CVE-2008-4302,group-row-216,train,test
row-217,CWE-200,linux-2.6,d97240552cd98c4b07322f30f66fd9c3ba4171de,CVE-2008-4445,group-row-217,train,train
row-218,CWE-200,linux-2.6,d97240552cd98c4b07322f30f66fd9c3ba4171de,CVE-2008-4445,group-row-217,train,train
row-219,CWE-264,linux-2.6,7b82dc0e64e93f430182f36b46b79fcee87d3532,CVE-2008-4210,group-row-219,train,validation
row-220,CWE-264,linux-2.6,8c34e2d63231d4bf4852bac8521883944d770fe3,CVE-2008-3833,group-row-220,train,validation
row-221,CWE-264,linux-2.6,8c34e2d63231d4bf4852bac8521883944d770fe3,CVE-2008-3833,group-row-220,train,validation
row-222,CWE-20,dbus,7b10b46c5c8658449783ce45f1273dd35c353bce,CVE-2008-3834,group-row-222,train,train
row-223,CWE-20,dbus,7b10b46c5c8658449783ce45f1273dd35c353bce,CVE-2008-3834,group-row-222,train,train
row-224,CWE-20,linux-2.6,ba0166708ef4da7eeb61dd92bbba4d5a749d6561,CVE-2008-4618,group-row-224,train,train
row-225,CWE-20,linux-2.6,ba0166708ef4da7eeb61dd92bbba4d5a749d6561,CVE-2008-4618,group-row-224,train,train
row-226,CWE-20,linux-2.6,ba0166708ef4da7eeb61dd92bbba4d5a749d6561,CVE-2008-4618,group-row-224,train,train
row-227,CWE-20,linux-2.6,ba0166708ef4da7eeb61dd92bbba4d5a749d6561,CVE-2008-4618,group-row-224,train,train
row-232,CWE-264,linux-2.6,efc968d450e013049a662d22727cf132618dcb2f,CVE-2008-4554,group-row-232,train,train
row-233,CWE-119,linux-2.6,efc7ffcb4237f8cb9938909041c4ed38f6e1bf40,CVE-2008-4933,group-row-233,train,train
row-234,CWE-20,linux-2.6,649f1ee6c705aab644035a7998d7b574193a598a,CVE-2008-4934,group-row-234,train,train
row-253,CWE-120,linux-2.6,233548a2fd934a0220db8b1521c0bc88c82e5e53,CVE-2008-3496,group-row-253,train,train
row-256,CWE-119,linux-2.6,48735d8d8bd701b1e0cd3d49c21e5e385ddcb077,CVE-2008-5134,group-row-256,train,train
row-257,CWE-399,linux-2.6,01a1a3cc1e3fbe718bd06a2a5d4d1a2d0fb4d7d9,CVE-2008-5033,group-row-257,train,train
row-258,CWE-399,linux-2.6,01a1a3cc1e3fbe718bd06a2a5d4d1a2d0fb4d7d9,CVE-2008-5033,group-row-257,train,train
row-259,CWE-399,linux-2.6,01a1a3cc1e3fbe718bd06a2a5d4d1a2d0fb4d7d9,CVE-2008-5033,group-row-257,train,train
row-277,CWE-399,linux-2.6,5f23b734963ec7eaa3ebcd9050da0c9b7d143dd3,CVE-2008-5300,group-row-277,train,train
row-278,CWE-399,linux-2.6,5f23b734963ec7eaa3ebcd9050da0c9b7d143dd3,CVE-2008-5300,group-row-277,train,train
row-279,CWE-399,linux-2.6,5f23b734963ec7eaa3ebcd9050da0c9b7d143dd3,CVE-2008-5300,group-row-277,train,train
row-280,CWE-399,linux-2.6,17b24b3c97498935a2ef9777370b1151dfed3f6f,CVE-2008-5079,group-row-280,train,train
row-281,CWE-399,linux-2.6,f2f1fa78a155524b849edf359e42a3001ea652c0,CVE-2008-5700,group-row-281,train,train
row-282,CWE-399,linux-2.6,f2f1fa78a155524b849edf359e42a3001ea652c0,CVE-2008-5700,group-row-281,train,train
row-284,CWE-399,avahi,3093047f1aa36bed8a37fa79004bf0ee287929f4,CVE-2008-5081,group-row-284,train,train
row-286,CWE-399,linux-2.6,2ba2506ca7ca62c56edaa334b0fe61eb5eab6ab0,CVE-2008-5713,group-row-286,train,train
row-287,CWE-119,linux-2.6,9fcb95a105758b81ef0131cd18e2db5149f13e95,CVE-2009-0065,group-row-287,train,train
row-288,CWE-119,linux-2.6,9fcb95a105758b81ef0131cd18e2db5149f13e95,CVE-2009-0065,group-row-287,train,train
row-289,CWE-264,linux-2.6,2d5516cbb9daf7d0e342a2e3b0fc6f8c39a81205,CVE-2009-0028,group-row-289,train,train
row-290,CWE-119,audiofile,e8cf0095b3f319739f9aa1ab5a1aa52b76be8cdd,CVE-2008-5824,group-row-290,train,train
row-291,CWE-119,audiofile,e8cf0095b3f319739f9aa1ab5a1aa52b76be8cdd,CVE-2008-5824,group-row-290,train,train
row-292,CWE-119,audiofile,e8cf0095b3f319739f9aa1ab5a1aa52b76be8cdd,CVE-2008-5824,group-row-290,train,train
row-293,CWE-119,audiofile,e8cf0095b3f319739f9aa1ab5a1aa52b76be8cdd,CVE-2008-5824,group-row-290,train,train
row-294,CWE-119,audiofile,e8cf0095b3f319739f9aa1ab5a1aa52b76be8cdd,CVE-2008-5824,group-row-290,train,train
row-295,CWE-119,audiofile,e8cf0095b3f319739f9aa1ab5a1aa52b76be8cdd,CVE-2008-5824,group-row-290,train,train
row-296,CWE-119,audiofile,e8cf0095b3f319739f9aa1ab5a1aa52b76be8cdd,CVE-2008-5824,group-row-290,train,train
row-297,CWE-119,audiofile,e8cf0095b3f319739f9aa1ab5a1aa52b76be8cdd,CVE-2008-5824,group-row-290,train,train
row-298,CWE-119,audiofile,e8cf0095b3f319739f9aa1ab5a1aa52b76be8cdd,CVE-2008-5824,group-row-290,train,train
row-299,CWE-119,audiofile,e8cf0095b3f319739f9aa1ab5a1aa52b76be8cdd,CVE-2008-5824,group-row-290,train,train
row-300,CWE-119,audiofile,e8cf0095b3f319739f9aa1ab5a1aa52b76be8cdd,CVE-2008-5824,group-row-290,train,train
row-301,CWE-119,audiofile,e8cf0095b3f319739f9aa1ab5a1aa52b76be8cdd,CVE-2008-5824,group-row-290,train,train
row-302,CWE-119,audiofile,e8cf0095b3f319739f9aa1ab5a1aa52b76be8cdd,CVE-2008-5824,group-row-290,train,train
row-303,CWE-399,linux-2.6,0d54ee1c7850a954026deec4cd4885f331da35cc,CVE-2009-0031,group-row-303,train,validation
row-304,CWE-264,linux-2.6,df0bca049d01c0ee94afb7cd5dfd959541e6c8da,CVE-2009-0676,group-row-304,train,train
row-305,CWE-264,linux-2.6,50fee1dec5d71b8a14c1b82f2f42e16adc227f8b,CVE-2009-0676,group-row-304,train,train
row-306,CWE-264,linux-2.6,c25b9abbc2c2c0da88e180c3933d6e773245815a,CVE-2009-0675,group-row-306,train,train
row-307,CWE-20,linux-2.6,fdff73f094e7220602cc3f8959c7230517976412,CVE-2009-0745,group-row-307,train,train
row-308,CWE-20,linux-2.6,e6b8bc09ba2075cd91fbffefcd2778b1a00bd76f,CVE-2009-0746,group-row-308,train,train
row-309,CWE-399,linux-2.6,06a279d636734da32bb62dd2f7b0ade666f65d7c,CVE-2009-0747,group-row-309,train,train
row-310,CWE-399,linux-2.6,06a279d636734da32bb62dd2f7b0ade666f65d7c,CVE-2009-0747,group-row-309,train,train
row-311,CWE-20,linux-2.6,4ec110281379826c5cf6ed14735e47027c3c5765,CVE-2009-0748,group-row-311,train,train
row-313,CWE-399,avahi,6fabf9d5189cf0efb86af1cd57e5399f8e31112a,CVE-2009-0758,group-row-313,train,train
row-314,CWE-399,linux-2.6,3632dee2f8b8a9720329f29eeaa4ec4669a3aff8,CVE-2009-0935,group-row-314,train,train
row-315,CWE-189,linux-2.6,8faece5f906725c10e7a1f6caf84452abadbdc7b,CVE-2009-0787,group-row-315,train,train
row-316,CWE-189,linux-2.6,8faece5f906725c10e7a1f6caf84452abadbdc7b,CVE-2009-0787,group-row-315,train,train
row-317,CWE-189,linux-2.6,8faece5f906725c10e7a1f6caf84452abadbdc7b,CVE-2009-0787,group-row-315,train,train
row-318,CWE-399,linux-2.6,878b8619f711280fd05845e21956434b5e588cc4,CVE-2009-1046,group-row-318,train,train
row-319,CWE-20,linux-2.6,54af3bb543c071769141387a42deaaab5074da55,CVE-2009-1336,group-row-319,train,train
row-320,CWE-20,linux-2.6,54af3bb543c071769141387a42deaaab5074da55,CVE-2009-1336,group-row-319,train,train
row-321,CWE-20,linux-2.6,54af3bb543c071769141387a42deaaab5074da55,CVE-2009-1336,group-row-319,train,train
row-322,CWE-20,linux-2.6,54af3bb543c071769141387a42deaaab5074da55,CVE-2009-1336,group-row-319,train,train
row-323,CWE-20,linux-2.6,54af3bb543c071769141387a42deaaab5074da55,CVE-2009-1336,group-row-319,train,train
row-324,CWE-20,linux-2.6,54af3bb543c071769141387a42deaaab5074da55,CVE-2009-1336,group-row-319,train,train
row-325,CWE-20,linux-2.6,54af3bb543c071769141387a42deaaab5074da55,CVE-2009-1336,group-row-319,train,train
row-331,CWE-120,udev,662c3110803bd8c1aedacc36788e6fd028944314,CVE-2009-1186,group-row-331,train,train
row-334,CWE-20,linux-2.6,16175a796d061833aacfbd9672235f2d2725df65,CVE-2009-1242,group-row-334,train,train
row-335,CWE-264,samba,d6c28913f3109d1327a3d1369b6eafd3874b2dca,CVE-2009-1888,group-row-335,train,test
row-336,CWE-264,samba,d6c28913f3109d1327a3d1369b6eafd3874b2dca,CVE-2009-1888,group-row-335,train,test
row-337,CWE-264,samba,d6c28913f3109d1327a3d1369b6eafd3874b2dca,CVE-2009-1888,group-row-335,train,test
row-338,CWE-119,linux-2.6,3c8a9c63d5fd738c261bd0ceece04d9c8357ca13,CVE-2009-1897,group-row-338,train,train
row-339,CWE-476,linux-2.6,59839dfff5eabca01cc4e20b45797a60a80af8cb,CVE-2009-2287,group-row-339,train,train
row-340,CWE-119,linux-2.6,6352a29305373ae6196491e6d4669f301e26492e,CVE-2009-2406,group-row-340,train,train
row-341,CWE-119,linux-2.6,f151cd2c54ddc7714e2f740681350476cda03a28,CVE-2009-2407,group-row-341,train,train
row-342,CWE-20,gzip,39a362ae9d9b007473381dba5032f4dfc1744cf2,CVE-2009-2624,group-row-342,train,validation
row-344,CWE-476,linux-2.6,1e0c14f49d6b393179f423abbac47f85618d3d46,CVE-2009-2698,group-row-344,train,train
row-345,CWE-476,linux-2.6,1e0c14f49d6b393179f423abbac47f85618d3d46,CVE-2009-2698,group-row-344,train,train
row-346,CWE-200,linux-2.6,28e9fc592cb8c7a43e4d3147b38be6032a0e81bc,CVE-2009-3001,group-row-346,train,train
row-347,CWE-200,linux-2.6,09384dfc76e526c3993c09c42e016372dc9dd22c,CVE-2009-3001,group-row-346,train,train
row-348,CWE-200,linux-2.6,17ac2e9c58b69a1e25460a568eae1b0dc0188c25,CVE-2009-3001,group-row-346,train,train
row-349,CWE-200,linux-2.6,3d392475c873c10c10d6d96b94d092a34ebd4791,CVE-2009-3001,group-row-346,train,train
row-350,CWE-200,linux-2.6,80922bbb12a105f858a8f0abb879cb4302d0ecaa,CVE-2009-3001,group-row-346,train,train
row-351,CWE-200,linux-2.6,e84b90ae5eb3c112d1f208964df1d8156a538289,CVE-2009-3001,group-row-346,train,train
row-352,CWE-200,linux-2.6,f6b97b29513950bfbf621a83d85b6f86b39ec8db,CVE-2009-3001,group-row-346,train,train
row-354,CWE-200,linux-2.6,8a47077a0b5aa2649751c46e7a27884e6686ccbf,CVE-2005-4881,group-row-354,train,train
row-355,CWE-200,linux-2.6,8a47077a0b5aa2649751c46e7a27884e6686ccbf,CVE-2005-4881,group-row-354,train,train
row-356,CWE-200,linux-2.6,8a47077a0b5aa2649751c46e7a27884e6686ccbf,CVE-2005-4881,group-row-354,train,train
row-357,CWE-200,linux-2.6,9ef1d4c7c7aca1cd436612b6ca785b726ffb8ed8,CVE-2005-4881,group-row-354,train,train
row-358,CWE-200,linux-2.6,9ef1d4c7c7aca1cd436612b6ca785b726ffb8ed8,CVE-2005-4881,group-row-354,train,train
row-359,CWE-200,linux-2.6,9ef1d4c7c7aca1cd436612b6ca785b726ffb8ed8,CVE-2005-4881,group-row-354,train,train
row-360,CWE-200,linux-2.6,9ef1d4c7c7aca1cd436612b6ca785b726ffb8ed8,CVE-2005-4881,group-row-354,train,train
row-361,CWE-200,linux-2.6,9ef1d4c7c7aca1cd436612b6ca785b726ffb8ed8,CVE-2005-4881,group-row-354,train,train
row-362,CWE-200,linux-2.6,9ef1d4c7c7aca1cd436612b6ca785b726ffb8ed8,CVE-2005-4881,group-row-354,train,train
row-363,CWE-200,linux-2.6,9ef1d4c7c7aca1cd436612b6ca785b726ffb8ed8,CVE-2005-4881,group-row-354,train,train
row-364,CWE-200,linux-2.6,9ef1d4c7c7aca1cd436612b6ca785b726ffb8ed8,CVE-2005-4881,group-row-354,train,train
row-365,CWE-200,linux-2.6,9ef1d4c7c7aca1cd436612b6ca785b726ffb8ed8,CVE-2005-4881,group-row-354,train,train
row-366,CWE-200,linux-2.6,9ef1d4c7c7aca1cd436612b6ca785b726ffb8ed8,CVE-2005-4881,group-row-354,train,train
row-367,CWE-200,linux-2.6,9ef1d4c7c7aca1cd436612b6ca785b726ffb8ed8,CVE-2005-4881,group-row-354,train,train
row-368,CWE-200,linux-2.6,9ef1d4c7c7aca1cd436612b6ca785b726ffb8ed8,CVE-2005-4881,group-row-354,train,train
row-369,CWE-200,linux-2.6,9ef1d4c7c7aca1cd436612b6ca785b726ffb8ed8,CVE-2005-4881,group-row-354,train,train
row-370,CWE-200,linux-2.6,9ef1d4c7c7aca1cd436612b6ca785b726ffb8ed8,CVE-2005-4881,group-row-354,train,train
row-371,CWE-200,linux-2.6,9ef1d4c7c7aca1cd436612b6ca785b726ffb8ed8,CVE-2005-4881,group-row-354,train,train
row-372,CWE-200,linux-2.6,b3563c4fbff906991a1b4ef4609f99cca2a0de6a,CVE-2005-4881,group-row-354,train,train
row-373,CWE-200,linux-2.6,b3563c4fbff906991a1b4ef4609f99cca2a0de6a,CVE-2005-4881,group-row-354,train,train
row-374,CWE-200,linux-2.6,b3563c4fbff906991a1b4ef4609f99cca2a0de6a,CVE-2005-4881,group-row-354,train,train
row-379,CWE-200,linux-2.6,ad61df918c44316940404891d5082c63e79c256a,CVE-2009-3612,group-row-379,train,train
row-380,CWE-59,samba,3ae5dac462c4ed0fb2cd94553583c56fce2f9d80,CVE-2010-0788,group-row-380,train,train
row-381,CWE-59,samba,3ae5dac462c4ed0fb2cd94553583c56fce2f9d80,CVE-2010-0788,group-row-380,train,train
row-382,CWE-59,samba,a065c177dfc8f968775593ba00dffafeebb2e054,CVE-2010-0788,group-row-380,train,train
row-383,CWE-59,samba,a0c31ec1c8d1220a5884e40d9ba6b191a04a24d5,CVE-2010-0788,group-row-380,train,train
row-384,CWE-190,gimp,e3afc99b2fa7aeddf0dba4778663160a5bc682d3,CVE-2009-1570,group-row-384,test,train
row-385,CWE-190,gimp,88eccea84aa375197cc04a2a0e2e29debb56bfa5,CVE-2009-3909,group-row-385,test,train
row-386,CWE-190,gimp,88eccea84aa375197cc04a2a0e2e29debb56bfa5,CVE-2009-3909,group-row-385,test,train
row-387,CWE-190,gimp,88eccea84aa375197cc04a2a0e2e29debb56bfa5,CVE-2009-3909,group-row-385,test,train
row-388,CWE-190,gimp,88eccea84aa375197cc04a2a0e2e29debb56bfa5,CVE-2009-3909,group-row-385,test,train
row-389,CWE-190,gimp,687ec47914ec08d6e460918cb641c196d80140a3,CVE-2009-3909,group-row-385,test,train
row-392,CWE-20,kvm,e42d9b8141d1f54ff72ad3850bb110c95a5f3b88,CVE-2009-4031,group-row-392,train,train
row-393,CWE-20,kvm,e42d9b8141d1f54ff72ad3850bb110c95a5f3b88,CVE-2009-4031,group-row-392,train,train
row-394,CWE-200,network-manager-applet,8627880e07c8345f69ed639325280c7f62a8f894,CVE-2009-4145,group-row-394,train,train
row-395,CWE-200,network-manager-applet,8627880e07c8345f69ed639325280c7f62a8f894,CVE-2009-4145,group-row-394,train,train
row-396,CWE-200,network-manager-applet,8627880e07c8345f69ed639325280c7f62a8f894,CVE-2009-4145,group-row-394,train,train
row-397,CWE-200,network-manager-applet,8627880e07c8345f69ed639325280c7f62a8f894,CVE-2009-4145,group-row-394,train,train
row-398,CWE-200,network-manager-applet,8627880e07c8345f69ed639325280c7f62a8f894,CVE-2009-4145,group-row-394,train,train
row-399,CWE-200,network-manager-applet,8627880e07c8345f69ed639325280c7f62a8f894,CVE-2009-4145,group-row-394,train,train
row-400,CWE-200,network-manager-applet,8627880e07c8345f69ed639325280c7f62a8f894,CVE-2009-4145,group-row-394,train,train
row-401,CWE-200,network-manager-applet,56d87fcb86acb5359558e0a2ee702cfc0c3391f2,CVE-2009-4145,group-row-394,train,train
row-402,CWE-200,network-manager-applet,56d87fcb86acb5359558e0a2ee702cfc0c3391f2,CVE-2009-4145,group-row-394,train,train
row-416,CWE-399,linux-2.6,8c0c0cc2d9f4c523fde04bdfe41e4380dec8ee54,CVE-2009-4138,group-row-416,train,train
row-417,CWE-399,linux-2.6,8c0c0cc2d9f4c523fde04bdfe41e4380dec8ee54,CVE-2009-4138,group-row-416,train,train
row-440,CWE-189,gzip,a3db5806d012082b9e25cc36d09f19cd736a468f,CVE-2010-0001,group-row-440,train,train
row-441,CWE-119,pango,797d46714d27f147277fdd5346648d838c68fb8c,CVE-2010-0421,group-row-441,train,train
row-442,CWE-119,pango,797d46714d27f147277fdd5346648d838c68fb8c,CVE-2010-0421,group-row-441,train,train
row-443,CWE-119,qemu,babd03fde68093482528010a5435c14ce9128e3f,CVE-2010-0297,group-row-443,train,train
row-453,CWE-22,samba,bd269443e311d96ef495a9db47d1b95eb83bb8f4,CVE-2010-0926,group-row-453,train,train
row-454,CWE-22,samba,bd269443e311d96ef495a9db47d1b95eb83bb8f4,CVE-2010-0926,group-row-453,train,train
row-455,CWE-22,samba,bd269443e311d96ef495a9db47d1b95eb83bb8f4,CVE-2010-0926,group-row-453,train,train
row-475,CWE-20,clamav-devel,224fee54dd6cd8933d7007331ec2bfca0398d4b4,CVE-2010-1311,group-row-475,validation,train
row-477,CWE-399,linux-2.6,7e619bc3e6252dc746f64ac3b486e784822e9533,CVE-2010-1436,group-row-477,train,train
row-478,CWE-399,linux-2.6,7e619bc3e6252dc746f64ac3b486e784822e9533,CVE-2010-1436,group-row-477,train,train
row-480,CWE-119,samba,9280051bfba337458722fb157f3082f93cbd9f2b,,group-row-480,train,validation
row-485,CWE-20,wget,3e25a9817f47fbb8660cc6a3b2f3eea239526c6c,CVE-2010-2252,group-row-485,test,train
row-486,CWE-20,wget,3e25a9817f47fbb8660cc6a3b2f3eea239526c6c,CVE-2010-2252,group-row-485,test,train
row-487,CWE-20,wget,3e25a9817f47fbb8660cc6a3b2f3eea239526c6c,CVE-2010-2252,group-row-485,test,train
row-489,CWE-190,linux-2.6,db048b69037e7fa6a7d9e95a1271a50dc08ae233,CVE-2010-2478,group-row-489,train,train
row-490,CWE-20,mumble,6b33dda344f89e5a039b7d79eb43925040654242,CVE-2010-2490,group-row-490,train,train
row-491,CWE-20,mumble,6b33dda344f89e5a039b7d79eb43925040654242,CVE-2010-2490,group-row-490,train,train
row-492,CWE-20,mumble,6b33dda344f89e5a039b7d79eb43925040654242,CVE-2010-2490,group-row-490,train,train
row-495,CWE-120,freetype2-demos,b995299b73ba4cd259f221f500d4e63095508bec,CVE-2010-2527,group-row-495,validation,train
row-496,CWE-120,freetype2-demos,b995299b73ba4cd259f221f500d4e63095508bec,CVE-2010-2527,group-row-495,validation,train
row-497,CWE-120,freetype2-demos,b995299b73ba4cd259f221f500d4e63095508bec,CVE-2010-2527,group-row-495,validation,train
row-498,CWE-120,freetype2-demos,b995299b73ba4cd259f221f500d4e63095508bec,CVE-2010-2527,group-row-495,validation,train
row-499,CWE-120,freetype2-demos,b995299b73ba4cd259f221f500d4e63095508bec,CVE-2010-2527,group-row-495,validation,train
row-500,CWE-120,freetype2-demos,3636982a7666bcfa0e47fb31d565314d1b3e7d78,CVE-2010-2541,group-row-500,validation,train
row-501,CWE-476,linux-2.6,9d1ac65a9698513d00e5608d93fca0c53f536c14,CVE-2010-2960,group-row-501,train,train
row-502,CWE-476,linux-2.6,3d96406c7da1ed5811ea52a3b0905f4f0e295376,CVE-2010-2960,group-row-501,train,train
row-503,CWE-190,linux-2.6,75e1c70fc31490ef8a373ea2a4bea2524099b478,CVE-2010-3067,group-row-503,train,train
row-504,CWE-415,linux-2.6,27f7ad53829f79e799a253285318bff79ece15bd,CVE-2010-3080,group-row-504,train,test
row-505,CWE-415,linux-2.6,27f7ad53829f79e799a253285318bff79ece15bd,CVE-2010-3080,group-row-504,train,test
row-509,CWE-400,linux-2.6,9581d442b9058d3699b4be568b6e5eae38a41493,CVE-2010-3698,group-row-509,train,validation
row-510,CWE-400,linux-2.6,9581d442b9058d3699b4be568b6e5eae38a41493,CVE-2010-3698,group-row-509,train,validation
row-511,CWE-400,linux-2.6,9581d442b9058d3699b4be568b6e5eae38a41493,CVE-2010-3698,group-row-509,train,validation
row-512,CWE-400,linux-2.6,9581d442b9058d3699b4be568b6e5eae38a41493,CVE-2010-3698,group-row-509,train,validation
row-513,CWE-400,linux-2.6,9581d442b9058d3699b4be568b6e5eae38a41493,CVE-2010-3698,group-row-509,train,validation
row-514,CWE-400,linux-2.6,9581d442b9058d3699b4be568b6e5eae38a41493,CVE-2010-3698,group-row-509,train,validation
row-515,CWE-400,linux-2.6,9581d442b9058d3699b4be568b6e5eae38a41493,CVE-2010-3698,group-row-509,train,validation
row-516,CWE-400,linux-2.6,9581d442b9058d3699b4be568b6e5eae38a41493,CVE-2010-3698,group-row-509,train,validation
row-517,CWE-119,libxml2,91d19754d46acd4a639a8b9e31f50f31c78f8c9c,CVE-2010-4008,group-row-517,test,validation
row-518,CWE-119,libxml2,91d19754d46acd4a639a8b9e31f50f31c78f8c9c,CVE-2010-4008,group-row-517,test,validation
row-519,CWE-119,libxml2,91d19754d46acd4a639a8b9e31f50f31c78f8c9c,CVE-2010-4008,group-row-517,test,validation
row-520,CWE-119,libxml2,ea90b894146030c214a7df6d8375310174f134b9,CVE-2010-4008,group-row-517,test,validation
row-521,CWE-119,libxml2,ea90b894146030c214a7df6d8375310174f134b9,CVE-2010-4008,group-row-517,test,validation
row-522,CWE-119,libxml2,ea90b894146030c214a7df6d8375310174f134b9,CVE-2010-4008,group-row-517,test,validation
row-525,CWE-200,kvm,831d9d02f9522e739825a51a11e3bc5aa531a905,CVE-2010-3881,group-row-525,train,train
row-526,CWE-200,kvm,831d9d02f9522e739825a51a11e3bc5aa531a905,CVE-2010-3881,group-row-525,train,train
row-527,CWE-200,kvm,831d9d02f9522e739825a51a11e3bc5aa531a905,CVE-2010-3881,group-row-525,train,train
row-528,CWE-200,kvm,831d9d02f9522e739825a51a11e3bc5aa531a905,CVE-2010-3881,group-row-525,train,train
row-530,CWE-400,linux-2.6,c377411f2494a931ff7facdbb3a6839b1266bcf6,CVE-2010-4251,group-row-530,train,train
row-531,CWE-400,linux-2.6,c377411f2494a931ff7facdbb3a6839b1266bcf6,CVE-2010-4251,group-row-530,train,train
row-532,CWE-400,linux-2.6,c377411f2494a931ff7facdbb3a6839b1266bcf6,CVE-2010-4251,group-row-530,train,train
row-533,CWE-400,linux-2.6,c377411f2494a931ff7facdbb3a6839b1266bcf6,CVE-2010-4251,group-row-530,train,train
row-534,CWE-400,linux-2.6,c377411f2494a931ff7facdbb3a6839b1266bcf6,CVE-2010-4251,group-row-530,train,train
row-535,CWE-400,linux-2.6,c377411f2494a931ff7facdbb3a6839b1266bcf6,CVE-2010-4251,group-row-530,train,train
row-536,CWE-400,linux-2.6,c377411f2494a931ff7facdbb3a6839b1266bcf6,CVE-2010-4251,group-row-530,train,train
row-537,CWE-20,mono,4905ef1130feb26c3150b28b97e4a96752e0d399,CVE-2010-4254,group-row-537,train,train
row-538,CWE-20,mono,65292a69c837b8a5f7a392d34db63de592153358,CVE-2010-4254,group-row-537,train,train
row-540,CWE-264,exim,fa32850be0d9e605da1b33305c122f7a59a24650,CVE-2010-4345,group-row-540,train,train
row-541,CWE-264,exim,e2f5dc151e2e79058e93924e6d35510557f0535d,CVE-2010-4345,group-row-540,train,train
row-542,CWE-264,exim,c1d94452b1b7f3620ee3cc9aa197ad98821de79f,CVE-2010-4345,group-row-540,train,train
row-543,CWE-415,libxml2,df83c17e5a2646bd923f75e5e507bc80d73c9722,CVE-2010-4494,group-row-543,test,train
row-544,CWE-20,evince,d4139205b010ed06310d14284e63114e88ec6de2,CVE-2010-2640,group-row-544,train,train
row-545,CWE-20,evince,d4139205b010ed06310d14284e63114e88ec6de2,CVE-2010-2640,group-row-544,train,train
row-546,CWE-20,evince,d4139205b010ed06310d14284e63114e88ec6de2,CVE-2010-2640,group-row-544,train,train
row-547,CWE-20,evince,d4139205b010ed06310d14284e63114e88ec6de2,CVE-2010-2640,group-row-544,train,train
row-548,CWE-20,evince,d4139205b010ed06310d14284e63114e88ec6de2,CVE-2010-2640,group-row-544,train,train
row-549,CWE-399,avahi,46109dfec75534fe270c0ab902576f685d5ab3a6,CVE-2011-1002,group-row-549,train,train
row-550,CWE-399,avahi,46109dfec75534fe270c0ab902576f685d5ab3a6,CVE-2011-1002,group-row-549,train,train
row-551,CWE-22,patch,685a78b6052f4df6eac6d625a545cfb54a6ac0e1,CVE-2010-4651,group-row-551,test,train
row-552,CWE-119,nbd,4ed24fe0d64c7cc9963c57b52cad1555ad7c6b60,CVE-2011-0530,group-row-552,train,validation
row-554,CWE-200,linux-2.6,af24ee9ea8d532e16883251a6684dfa1be8eec29,CVE-2011-0711,group-row-554,train,train
row-578,CWE-399,clamav-devel,d21fb8d975f8c9688894a8cef4d50d977022e09f,CVE-2011-1003,group-row-578,validation,train
row-581,CWE-476,linux-2.6,8ed030dd0aa400d18c63861c2c6deb7c38f4edde,CVE-2011-1093,group-row-581,train,validation
row-582,CWE-200,libxslt,ecb6bcb8d1b7e44842edde3929f412d46b40c89f,CVE-2011-1202,group-row-582,train,train
row-583,CWE-200,linux,1309d7afbed112f0e8e90be9af975550caa0076b,,group-row-583,train,train
row-593,CWE-20,weechat,c265cad1c95b84abfd4e8d861f25926ef13b5d91,CVE-2011-1428,group-row-593,train,train
row-594,CWE-20,weechat,c265cad1c95b84abfd4e8d861f25926ef13b5d91,CVE-2011-1428,group-row-593,train,train
row-595,CWE-20,weechat,c265cad1c95b84abfd4e8d861f25926ef13b5d91,CVE-2011-1428,group-row-593,train,train
row-596,CWE-200,linux-2.6,42eab94fff18cb1091d3501cd284d6bd6cc9c143,CVE-2011-1170,group-row-596,train,validation
row-597,CWE-200,linux-2.6,42eab94fff18cb1091d3501cd284d6bd6cc9c143,CVE-2011-1170,group-row-596,train,validation
row-598,CWE-200,linux-2.6,42eab94fff18cb1091d3501cd284d6bd6cc9c143,CVE-2011-1170,group-row-596,train,validation
row-599,CWE-200,linux-2.6,78b79876761b86653df89c48a7010b5cbd41a84a,CVE-2011-1171,group-row-599,train,train
row-600,CWE-200,linux-2.6,78b79876761b86653df89c48a7010b5cbd41a84a,CVE-2011-1171,group-row-599,train,train
row-601,CWE-200,linux-2.6,78b79876761b86653df89c48a7010b5cbd41a84a,CVE-2011-1171,group-row-599,train,train
row-602,CWE-120,linux-2.6,961ed183a9fd080cf306c659b8736007e44065a5,CVE-2011-2534,group-row-602,train,train
row-603,CWE-200,linux-2.6,6a8ab060779779de8aea92ce3337ca348f973f54,CVE-2011-1172,group-row-603,train,train
row-604,CWE-200,linux-2.6,6a8ab060779779de8aea92ce3337ca348f973f54,CVE-2011-1172,group-row-603,train,train
row-605,CWE-200,linux-2.6,6a8ab060779779de8aea92ce3337ca348f973f54,CVE-2011-1172,group-row-603,train,train
row-606,CWE-190,gimp,a9671395f6573e90316a9d748588c5435216f6ce,CVE-2011-1178,group-row-606,test,train
row-616,CWE-119,vino,dff52694a384fe95195f2211254026b752d63ec4,CVE-2011-0904,group-row-616,train,test
row-617,CWE-119,vino,456dadbb5c5971d3448763a44c05b9ad033e522f,CVE-2011-0904,group-row-616,train,test
row-619,CWE-264,mono,035c8587c0d8d307e45f1b7171a0d337bb451f1e,CVE-2011-0989,group-row-619,train,train
row-630,CWE-20,cifs-utils,f6eae44a3d05b6515a59651e6bed8b6dde689aec,CVE-2011-1678,group-row-630,train,test
row-632,CWE-119,qemu-kvm,52c050236eaa4f0b5e1d160cd66dc18106445c4d,CVE-2011-1750,group-row-632,train,validation
row-633,CWE-119,qemu-kvm,52c050236eaa4f0b5e1d160cd66dc18106445c4d,CVE-2011-1750,group-row-632,train,validation
row-634,CWE-190,linux-2.6,194b3da873fd334ef183806db751473512af29ce,CVE-2011-1745,group-row-634,train,train
row-635,CWE-190,linux-2.6,194b3da873fd334ef183806db751473512af29ce,CVE-2011-1745,group-row-634,train,train
row-647,CWE-787,gimp,48ec15890e1751dede061f6d1f469b6508c13439,CVE-2011-1782,group-row-647,test,train
row-648,CWE-119,tor,43414eb98821d3b5c6c65181d7545ce938f82c8e,CVE-2011-1924,group-row-648,train,train
row-665,CWE-189,libxml2,d7958b21e7f8c447a26bb2436f08402b2c308be4,CVE-2011-1944,group-row-665,test,validation
row-666,CWE-189,libxml2,d7958b21e7f8c447a26bb2436f08402b2c308be4,CVE-2011-1944,group-row-665,test,validation
row-667,CWE-189,libxml2,d7958b21e7f8c447a26bb2436f08402b2c308be4,CVE-2011-1944,group-row-665,test,validation
row-668,CWE-189,libxml2,d7958b21e7f8c447a26bb2436f08402b2c308be4,CVE-2011-1944,group-row-665,test,validation
row-669,CWE-189,libxml2,d7958b21e7f8c447a26bb2436f08402b2c308be4,CVE-2011-1944,group-row-665,test,validation
row-670,CWE-264,linux,434a964daa14b9db083ce20404a4a2add54d037a,CVE-2011-2203,group-row-670,train,train
row-672,CWE-264,nspluginwrapper,7e4ab8e1189846041f955e6c83f72bc1624e7a98,CVE-2011-2486,group-row-672,train,train
row-673,CWE-264,nspluginwrapper,7e4ab8e1189846041f955e6c83f72bc1624e7a98,CVE-2011-2486,group-row-672,train,train
row-674,CWE-264,nspluginwrapper,7e4ab8e1189846041f955e6c83f72bc1624e7a98,CVE-2011-2486,group-row-672,train,train
row-675,CWE-264,nspluginwrapper,7e4ab8e1189846041f955e6c83f72bc1624e7a98,CVE-2011-2486,group-row-672,train,train
row-676,CWE-264,nspluginwrapper,7e4ab8e1189846041f955e6c83f72bc1624e7a98,CVE-2011-2486,group-row-672,train,train
row-677,CWE-189,libxml2,69f04562f75212bfcabecd190ea8b06ace28ece2,CVE-2011-0216,group-row-677,test,train
row-678,CWE-189,libxml2,69f04562f75212bfcabecd190ea8b06ace28ece2,CVE-2011-0216,group-row-677,test,train
row-679,CWE-20,busybox,7280d2017d8075267a12e469983e38277dcf0374,CVE-2011-2716,group-row-679,train,train
row-680,CWE-20,busybox,7280d2017d8075267a12e469983e38277dcf0374,CVE-2011-2716,group-row-679,train,train
row-681,CWE-20,busybox,7280d2017d8075267a12e469983e38277dcf0374,CVE-2011-2716,group-row-679,train,train
row-682,CWE-20,busybox,7280d2017d8075267a12e469983e38277dcf0374,CVE-2011-2716,group-row-679,train,train
row-683,CWE-189,clamav-devel,4842733eb3f09be61caeed83778bb6679141dbc5,CVE-2011-2721,group-row-683,validation,train
row-684,CWE-20,cifs-utils,1e7a32924b22d1f786b6f490ce8590656f578f91,CVE-2011-2724,group-row-684,train,train
row-685,CWE-20,gdk-pixbuf,3bac204e0d0241a0d68586ece7099e6acf0e9bea,CVE-2011-2897,group-row-685,test,train
row-686,CWE-20,gdk-pixbuf,3bac204e0d0241a0d68586ece7099e6acf0e9bea,CVE-2011-2897,group-row-685,test,train
row-687,CWE-20,gdk-pixbuf,3bac204e0d0241a0d68586ece7099e6acf0e9bea,CVE-2011-2897,group-row-685,test,train
row-688,CWE-20,gdk-pixbuf,3bac204e0d0241a0d68586ece7099e6acf0e9bea,CVE-2011-2897,group-row-685,test,train
row-689,CWE-20,gdk-pixbuf,3bac204e0d0241a0d68586ece7099e6acf0e9bea,CVE-2011-2897,group-row-685,test,train
row-690,CWE-20,gdk-pixbuf,3bac204e0d0241a0d68586ece7099e6acf0e9bea,CVE-2011-2897,group-row-685,test,train
row-691,CWE-20,gdk-pixbuf,3bac204e0d0241a0d68586ece7099e6acf0e9bea,CVE-2011-2897,group-row-685,test,train
row-692,CWE-20,gdk-pixbuf,3bac204e0d0241a0d68586ece7099e6acf0e9bea,CVE-2011-2897,group-row-685,test,train
row-693,CWE-20,gdk-pixbuf,3bac204e0d0241a0d68586ece7099e6acf0e9bea,CVE-2011-2897,group-row-685,test,train
row-694,CWE-20,gdk-pixbuf,3bac204e0d0241a0d68586ece7099e6acf0e9bea,CVE-2011-2897,group-row-685,test,train
row-695,CWE-20,gdk-pixbuf,3bac204e0d0241a0d68586ece7099e6acf0e9bea,CVE-2011-2897,group-row-685,test,train
row-696,CWE-20,gdk-pixbuf,3bac204e0d0241a0d68586ece7099e6acf0e9bea,CVE-2011-2897,group-row-685,test,train
row-698,CWE-20,gdk-pixbuf,3bac204e0d0241a0d68586ece7099e6acf0e9bea,CVE-2011-2897,group-row-685,test,train
row-699,CWE-20,gdk-pixbuf,3bac204e0d0241a0d68586ece7099e6acf0e9bea,CVE-2011-2897,group-row-685,test,train
row-700,CWE-20,gdk-pixbuf,3bac204e0d0241a0d68586ece7099e6acf0e9bea,CVE-2011-2897,group-row-685,test,train
row-701,CWE-20,gdk-pixbuf,3bac204e0d0241a0d68586ece7099e6acf0e9bea,CVE-2011-2897,group-row-685,test,train
row-702,CWE-20,gdk-pixbuf,3bac204e0d0241a0d68586ece7099e6acf0e9bea,CVE-2011-2897,group-row-685,test,train
row-703,CWE-20,gdk-pixbuf,3bac204e0d0241a0d68586ece7099e6acf0e9bea,CVE-2011-2897,group-row-685,test,train
row-704,CWE-20,gdk-pixbuf,3bac204e0d0241a0d68586ece7099e6acf0e9bea,CVE-2011-2897,group-row-685,test,train
row-705,CWE-20,gimp,cac290d093d0c318bbe33a4ff290c2abbd9698d3,CVE-2011-2897,group-row-685,test,train
row-706,CWE-20,gimp,cac290d093d0c318bbe33a4ff290c2abbd9698d3,CVE-2011-2897,group-row-685,test,train
row-707,CWE-119,rsyslog,1ca6cc236d1dabf1633238b873fb1c057e52f95e,CVE-2011-3200,group-row-707,train,train
row-708,CWE-787,gimp,376ad788c1a1c31d40f18494889c383f6909ebfc,CVE-2011-2896,group-row-708,test,train
row-709,CWE-200,tpm,adfea973dfca35407de074ae2052be221e4b8956,CVE-2011-1162,group-row-709,train,train
row-710,CWE-200,tpm,adfea973dfca35407de074ae2052be221e4b8956,CVE-2011-1162,group-row-709,train,train
row-711,CWE-200,tpm,0913d46b54eea18ecb88bb0e1654894e07e87ca8,CVE-2011-1162,group-row-709,train,train
row-712,CWE-189,linux,f8bd2258e2d520dff28c855658bd24bdafb5102d,CVE-2011-3209,group-row-712,train,test
row-713,CWE-189,linux,f8bd2258e2d520dff28c855658bd24bdafb5102d,CVE-2011-3209,group-row-712,train,test
row-714,CWE-189,linux,f8bd2258e2d520dff28c855658bd24bdafb5102d,CVE-2011-3209,group-row-712,train,test
row-715,CWE-189,linux,f8bd2258e2d520dff28c855658bd24bdafb5102d,CVE-2011-3209,group-row-712,train,test
row-716,CWE-189,linux,f8bd2258e2d520dff28c855658bd24bdafb5102d,CVE-2011-3209,group-row-712,train,test
row-717,CWE-189,linux,f8bd2258e2d520dff28c855658bd24bdafb5102d,CVE-2011-3209,group-row-712,train,test
row-718,CWE-189,linux,f8bd2258e2d520dff28c855658bd24bdafb5102d,CVE-2011-3209,group-row-712,train,test
row-719,CWE-189,linux,f8bd2258e2d520dff28c855658bd24bdafb5102d,CVE-2011-3209,group-row-712,train,test
row-720,CWE-189,linux,f8bd2258e2d520dff28c855658bd24bdafb5102d,CVE-2011-3209,group-row-712,train,test
row-721,CWE-189,linux,f8bd2258e2d520dff28c855658bd24bdafb5102d,CVE-2011-3209,group-row-712,train,test
row-722,CWE-189,linux,f8bd2258e2d520dff28c855658bd24bdafb5102d,CVE-2011-3209,group-row-712,train,test
row-723,CWE-189,linux,f8bd2258e2d520dff28c855658bd24bdafb5102d,CVE-2011-3209,group-row-712,train,test
row-724,CWE-189,linux,f8bd2258e2d520dff28c855658bd24bdafb5102d,CVE-2011-3209,group-row-712,train,test
row-725,CWE-189,linux,f8bd2258e2d520dff28c855658bd24bdafb5102d,CVE-2011-3209,group-row-712,train,test
row-726,CWE-20,yubico-pam,4712da70cac159d5ca9579c1e4fac0645b674043,CVE-2011-4120,group-row-726,train,train
row-727,CWE-119,cyrus-imapd,0f8f026699829b65733c3081657b24e2174f4f4d,CVE-2011-3208,group-row-727,train,train
row-728,CWE-415,libxml2,f5048b3e71fc30ad096970b8df6e7af073bae4cb,CVE-2011-2821,group-row-728,test,train
row-729,CWE-415,libxml2,f5048b3e71fc30ad096970b8df6e7af073bae4cb,CVE-2011-2821,group-row-728,test,train
row-730,CWE-415,libxml2,f5048b3e71fc30ad096970b8df6e7af073bae4cb,CVE-2011-2821,group-row-728,test,train
row-731,CWE-415,libxml2,f5048b3e71fc30ad096970b8df6e7af073bae4cb,CVE-2011-2821,group-row-728,test,train
row-732,CWE-415,libxml2,f5048b3e71fc30ad096970b8df6e7af073bae4cb,CVE-2011-2821,group-row-728,test,train
row-733,CWE-415,libxml2,f5048b3e71fc30ad096970b8df6e7af073bae4cb,CVE-2011-2821,group-row-728,test,train
row-745,CWE-399,quassel,da215fcb9cd3096a3e223c87577d5d4ab8f8518b,CVE-2011-3354,group-row-745,train,train
row-746,CWE-20,linux,70945643722ffeac779d2529a348f99567fa5c33,,group-row-746,train,train
row-755,CWE-617,polipo,0e2b44af619e46e365971ea52b97457bc0778cd3,CVE-2011-3596,group-row-755,test,test
row-756,CWE-617,polipo,0e2b44af619e46e365971ea52b97457bc0778cd3,CVE-2011-3596,group-row-755,test,test
row-757,CWE-617,polipo,0e2b44af619e46e365971ea52b97457bc0778cd3,CVE-2011-3596,group-row-755,test,test
row-758,CWE-617,polipo,0e2b44af619e46e365971ea52b97457bc0778cd3,CVE-2011-3596,group-row-755,test,test
row-759,CWE-617,polipo,0e2b44af619e46e365971ea52b97457bc0778cd3,CVE-2011-3596,group-row-755,test,test
row-760,CWE-617,polipo,0e2b44af619e46e365971ea52b97457bc0778cd3,CVE-2011-3596,group-row-755,test,test
row-764,CWE-119,radvd,9dfaaaf740ce784541e76e68de4ae04dce2c0921,CVE-2011-3601,group-row-764,train,train
row-765,CWE-22,radvd,92e22ca23e52066da2258df8c76a2dca8a428bcc,CVE-2011-3602,group-row-765,train,train
row-766,CWE-20,radvd,2c50375043186e133f15135f4c93ca964238ee60,CVE-2011-3603,group-row-766,train,train
row-767,CWE-20,radvd,074816cd0b37aac7b3209987e6e998f0a847b275,CVE-2011-3603,group-row-766,train,train
row-768,CWE-20,radvd,7dc53cc3b792775369bf0b2f053a3f4ed5d87e3d,CVE-2011-3603,group-row-766,train,train
row-769,CWE-119,radvd,7de1b9abf87b747ee2611c0d2a94dfeee79878b4,CVE-2011-3604,group-row-769,train,train
row-770,CWE-20,radvd,2591d0189257caeaae2057dfed0a260310497a61,CVE-2011-3605,group-row-770,train,train
row-771,CWE-119,linux-pam,caf5e7f61c8d9288daa49b4f61962e6b1239121d,CVE-2011-3148,group-row-771,train,train
row-772,CWE-119,linux-pam,109823cb621c900c07c4b6cdc99070d354d19444,CVE-2011-3149,group-row-772,train,train
row-773,CWE-189,clamav-devel,3d664817f6ef833a17414a4ecea42004c35cc42f,CVE-2011-3627,group-row-773,validation,test
row-774,CWE-189,clamav-devel,3d664817f6ef833a17414a4ecea42004c35cc42f,CVE-2011-3627,group-row-773,validation,test
row-776,CWE-119,jasper,0d22460816ea58e74a124158fa6cc48efb709a47,CVE-2011-4516,group-row-776,train,train
row-777,CWE-119,jasper,0d22460816ea58e74a124158fa6cc48efb709a47,CVE-2011-4516,group-row-776,train,train
row-779,CWE-264,tor,638fdedcf16cf7d6f7c586d36f7ef335c1c9714f,CVE-2011-2768,group-row-779,train,train
row-780,CWE-264,tor,638fdedcf16cf7d6f7c586d36f7ef335c1c9714f,CVE-2011-2768,group-row-779,train,train
row-781,CWE-264,tor,638fdedcf16cf7d6f7c586d36f7ef335c1c9714f,CVE-2011-2768,group-row-779,train,train
row-782,CWE-264,tor,00fffbc1a15e2696a89c721d0c94dc333ff419ef,CVE-2011-2768,group-row-779,train,train
row-783,CWE-264,tor,4684ced1b3fced0543fa65bf01f75c5d81eaf464,CVE-2011-2768,group-row-779,train,train
row-784,CWE-264,tor,a74e7fd40f1a77eb4000d8216bb5b80cdd8a6193,CVE-2011-2768,group-row-779,train,train
row-785,CWE-20,ruby,e926ef5233cc9f1035d3d51068abe9df8b5429da,CVE-2011-4815,group-row-785,validation,train
row-786,CWE-20,ruby,e926ef5233cc9f1035d3d51068abe9df8b5429da,CVE-2011-4815,group-row-785,validation,train
row-787,CWE-20,ruby,e926ef5233cc9f1035d3d51068abe9df8b5429da,CVE-2011-4815,group-row-785,validation,train
row-788,CWE-20,ruby,e926ef5233cc9f1035d3d51068abe9df8b5429da,CVE-2011-4815,group-row-785,validation,train
row-789,CWE-20,ruby,e926ef5233cc9f1035d3d51068abe9df8b5429da,CVE-2011-4815,group-row-785,validation,train
row-790,CWE-264,linux-2.6,9f35a33b8d06263a165efe3541d9aa0cdbd70b3b,CVE-2011-4110,group-row-790,train,test
row-791,CWE-119,gnutls,190cef6eed37d0e73a73c1e205eb31d45ab60a3c,CVE-2011-4128,group-row-791,test,train
row-792,CWE-119,gnutls,e82ef4545e9e98cbcb032f55d7c750b81e3a0450,CVE-2011-4128,group-row-791,test,train
row-793,CWE-125,libxml2,77404b8b69bc122d12231807abf1a837d121b551,CVE-2011-3905,group-row-793,test,train
row-794,CWE-125,libxml2,77404b8b69bc122d12231807abf1a837d121b551,CVE-2011-3905,group-row-793,test,train
row-795,CWE-125,libxml2,77404b8b69bc122d12231807abf1a837d121b551,CVE-2011-3905,group-row-793,test,train
row-796,CWE-119,linux-2.6,b5a1eeef04cc7859f34dec9b72ea1b28e4aba07c,CVE-2011-4604,group-row-796,train,validation
row-797,CWE-189,rsyslog,6bad782f154b7f838c7371bf99c13f6dc4ec4101,CVE-2011-4623,group-row-797,train,train
row-805,CWE-787,libxml2,5bd3c061823a8499b27422aee04ea20aae24f03e,CVE-2011-3919,group-row-805,test,validation
row-818,CWE-399,znc,11508aa72efab4fad0dbd8292b9614d9371b20a9,,group-row-818,train,train
row-832,CWE-119,suhosin,73b1968ee30f6d9d2dae497544b910e68e114bfa,CVE-2012-0807,group-row-832,train,train
row-833,CWE-119,suhosin,73b1968ee30f6d9d2dae497544b910e68e114bfa,CVE-2012-0807,group-row-832,train,train
row-834,CWE-399,libxml2,8973d58b7498fa5100a876815476b81fd1a2412a,CVE-2012-0841,group-row-834,test,validation
row-835,CWE-399,libxml2,8973d58b7498fa5100a876815476b81fd1a2412a,CVE-2012-0841,group-row-834,test,validation
row-836,CWE-399,libxml2,8973d58b7498fa5100a876815476b81fd1a2412a,CVE-2012-0841,group-row-834,test,validation
row-837,CWE-399,libxml2,8973d58b7498fa5100a876815476b81fd1a2412a,CVE-2012-0841,group-row-834,test,validation
row-838,CWE-399,libxml2,8973d58b7498fa5100a876815476b81fd1a2412a,CVE-2012-0841,group-row-834,test,validation
row-839,CWE-399,libxml2,8973d58b7498fa5100a876815476b81fd1a2412a,CVE-2012-0841,group-row-834,test,validation
row-840,CWE-399,libxml2,8973d58b7498fa5100a876815476b81fd1a2412a,CVE-2012-0841,group-row-834,test,validation
row-841,CWE-399,libxml2,8973d58b7498fa5100a876815476b81fd1a2412a,CVE-2012-0841,group-row-834,test,validation
row-842,CWE-399,libxml2,8973d58b7498fa5100a876815476b81fd1a2412a,CVE-2012-0841,group-row-834,test,validation
row-843,CWE-399,libxml2,8973d58b7498fa5100a876815476b81fd1a2412a,CVE-2012-0841,group-row-834,test,validation
row-844,CWE-125,libxslt,fe5a4fa33eb85bce3253ed3742b1ea6c4b59b41b,CVE-2011-3970,group-row-844,train,test
row-847,CWE-400,linux-stable-rt,bcf6b1d78c0bde228929c388978ed3af9a623463,CVE-2012-0810,group-row-847,train,train
row-848,CWE-400,linux-stable-rt,bcf6b1d78c0bde228929c388978ed3af9a623463,CVE-2012-0810,group-row-847,train,train
row-849,CWE-400,linux-stable-rt,e5d4e1c3ccee18c68f23d62ba77bda26e893d4f0,CVE-2012-0810,group-row-847,train,train
row-850,CWE-400,linux-stable-rt,e5d4e1c3ccee18c68f23d62ba77bda26e893d4f0,CVE-2012-0810,group-row-847,train,train
row-851,CWE-400,linux-stable-rt,e5d4e1c3ccee18c68f23d62ba77bda26e893d4f0,CVE-2012-0810,group-row-847,train,train
row-852,CWE-400,linux-stable-rt,e5d4e1c3ccee18c68f23d62ba77bda26e893d4f0,CVE-2012-0810,group-row-847,train,train
row-853,CWE-400,linux-stable-rt,e5d4e1c3ccee18c68f23d62ba77bda26e893d4f0,CVE-2012-0810,group-row-847,train,train
row-855,CWE-20,taglib,ab8a0ee8937256311e649a88e8ddd7c7f870ad59,CVE-2012-1108,group-row-855,validation,train
row-856,CWE-20,taglib,b3646a07348ffa276ea41a9dae03ddc63ea6c532,CVE-2012-1108,group-row-855,validation,train
row-857,CWE-119,pyfribidi,d2860c655357975e7b32d84e6b45e98f0dcecd7a,CVE-2012-1176,group-row-857,train,train
row-858,CWE-119,pyfribidi,d2860c655357975e7b32d84e6b45e98f0dcecd7a,CVE-2012-1176,group-row-857,train,train
row-859,CWE-119,pyfribidi,d2860c655357975e7b32d84e6b45e98f0dcecd7a,CVE-2012-1176,group-row-857,train,train
row-860,CWE-119,pyfribidi,d2860c655357975e7b32d84e6b45e98f0dcecd7a,CVE-2012-1176,group-row-857,train,train
row-861,CWE-119,pyfribidi,d2860c655357975e7b32d84e6b45e98f0dcecd7a,CVE-2012-1176,group-row-857,train,train
row-862,CWE-119,quagga,5861739f8c38bc36ea9955e5cb2be2bf2f482d70,CVE-2012-0255,group-row-862,train,train
row-863,CWE-119,quagga,5861739f8c38bc36ea9955e5cb2be2bf2f482d70,CVE-2012-0255,group-row-862,train,train
row-864,CWE-119,quagga,5861739f8c38bc36ea9955e5cb2be2bf2f482d70,CVE-2012-0255,group-row-862,train,train
row-865,CWE-399,gnutls,9c62f4feb2bdd6fbbb06eb0c60bfdea80d21bbb8,CVE-2012-1663,group-row-865,test,train
row-866,CWE-399,gnutls,9c62f4feb2bdd6fbbb06eb0c60bfdea80d21bbb8,CVE-2012-1663,group-row-865,test,train
row-867,CWE-399,gnutls,9c62f4feb2bdd6fbbb06eb0c60bfdea80d21bbb8,CVE-2012-1663,group-row-865,test,train
row-868,CWE-399,gnutls,9c62f4feb2bdd6fbbb06eb0c60bfdea80d21bbb8,CVE-2012-1663,group-row-865,test,train
row-869,CWE-20,libgdata,6799f2c525a584dc998821a6ce897e463dad7840,CVE-2012-1177,group-row-869,train,train
row-870,CWE-20,libgdata,8eff8fa9138859e03e58c2aa76600ab63eb5c29c,CVE-2012-1177,group-row-869,train,train
row-871,CWE-189,gnash,bb4dc77eecb6ed1b967e3ecbce3dac6c5e6f1527,CVE-2012-1175,group-row-871,train,train
row-872,CWE-189,gnash,bb4dc77eecb6ed1b967e3ecbce3dac6c5e6f1527,CVE-2012-1175,group-row-871,train,train
row-873,CWE-264,linux-2.6,1a5a9906d4e8d1976b701f889d8f35d54b928f25,CVE-2012-1179,group-row-873,train,train
row-874,CWE-264,linux-2.6,1a5a9906d4e8d1976b701f889d8f35d54b928f25,CVE-2012-1179,group-row-873,train,train
row-875,CWE-264,linux-2.6,1a5a9906d4e8d1976b701f889d8f35d54b928f25,CVE-2012-1179,group-row-873,train,train
row-876,CWE-264,linux-2.6,1a5a9906d4e8d1976b701f889d8f35d54b928f25,CVE-2012-1179,group-row-873,train,train
row-877,CWE-264,linux-2.6,1a5a9906d4e8d1976b701f889d8f35d54b928f25,CVE-2012-1179,group-row-873,train,train
row-878,CWE-264,linux-2.6,1a5a9906d4e8d1976b701f889d8f35d54b928f25,CVE-2012-1179,group-row-873,train,train
row-879,CWE-264,linux-2.6,1a5a9906d4e8d1976b701f889d8f35d54b928f25,CVE-2012-1179,group-row-873,train,train
row-880,CWE-264,linux-2.6,1a5a9906d4e8d1976b701f889d8f35d54b928f25,CVE-2012-1179,group-row-873,train,train
row-881,CWE-264,linux-2.6,1a5a9906d4e8d1976b701f889d8f35d54b928f25,CVE-2012-1179,group-row-873,train,train
row-882,CWE-264,linux-2.6,1a5a9906d4e8d1976b701f889d8f35d54b928f25,CVE-2012-1179,group-row-873,train,train
row-883,CWE-264,linux-2.6,1a5a9906d4e8d1976b701f889d8f35d54b928f25,CVE-2012-1179,group-row-873,train,train
row-884,CWE-264,linux-2.6,1a5a9906d4e8d1976b701f889d8f35d54b928f25,CVE-2012-1179,group-row-873,train,train
row-885,CWE-119,file,1859fdb4e67c49c463c4e0078054335cd46ba295,CVE-2012-1571,group-row-885,validation,validation
row-886,CWE-119,file,1859fdb4e67c49c463c4e0078054335cd46ba295,CVE-2012-1571,group-row-885,validation,validation
row-887,CWE-119,file,1859fdb4e67c49c463c4e0078054335cd46ba295,CVE-2012-1571,group-row-885,validation,validation
row-888,CWE-119,file,1140872578eedaeecf828f1841d17ff574372dba,CVE-2012-1571,group-row-885,validation,validation
row-889,CWE-119,file,1140872578eedaeecf828f1841d17ff574372dba,CVE-2012-1571,group-row-885,validation,validation
row-890,CWE-119,file,1140872578eedaeecf828f1841d17ff574372dba,CVE-2012-1571,group-row-885,validation,validation
row-891,CWE-119,file,1140872578eedaeecf828f1841d17ff574372dba,CVE-2012-1571,group-row-885,validation,validation
row-892,CWE-119,file,1140872578eedaeecf828f1841d17ff574372dba,CVE-2012-1571,group-row-885,validation,validation
row-893,CWE-119,file,1140872578eedaeecf828f1841d17ff574372dba,CVE-2012-1571,group-row-885,validation,validation
row-894,CWE-119,file,1140872578eedaeecf828f1841d17ff574372dba,CVE-2012-1571,group-row-885,validation,validation
row-895,CWE-119,file,1140872578eedaeecf828f1841d17ff574372dba,CVE-2012-1571,group-row-885,validation,validation
row-896,CWE-119,file,1140872578eedaeecf828f1841d17ff574372dba,CVE-2012-1571,group-row-885,validation,validation
row-897,CWE-119,file,1140872578eedaeecf828f1841d17ff574372dba,CVE-2012-1571,group-row-885,validation,validation
row-898,CWE-119,file,1140872578eedaeecf828f1841d17ff574372dba,CVE-2012-1571,group-row-885,validation,validation
row-899,CWE-119,file,1aec04dbf8a24b8a6ba64c4f74efa0628e36db0b,CVE-2012-1571,group-row-885,validation,validation
row-900,CWE-119,file,1aec04dbf8a24b8a6ba64c4f74efa0628e36db0b,CVE-2012-1571,group-row-885,validation,validation
row-901,CWE-119,file,1aec04dbf8a24b8a6ba64c4f74efa0628e36db0b,CVE-2012-1571,group-row-885,validation,validation
row-905,CWE-399,kvm,5b40572ed5f0344b9dbee486a17c589ce1abe1a3,CVE-2012-1601,group-row-905,train,train
row-906,CWE-399,kvm,5b40572ed5f0344b9dbee486a17c589ce1abe1a3,CVE-2012-1601,group-row-905,train,train
row-907,CWE-189,taglib,dcdf4fd954e3213c355746fa15b7480461972308,CVE-2012-1584,group-row-907,validation,train
row-908,CWE-264,kvm,32f6daad4651a748a58a3ab6da0611862175722f,CVE-2012-2121,group-row-908,train,train
row-909,CWE-264,kvm,32f6daad4651a748a58a3ab6da0611862175722f,CVE-2012-2121,group-row-908,train,train
row-910,CWE-264,kvm,21a1416a1c945c5aeaeaf791b63c64926018eb77,CVE-2012-2121,group-row-908,train,train
row-911,CWE-264,kvm,21a1416a1c945c5aeaeaf791b63c64926018eb77,CVE-2012-2121,group-row-908,train,train
row-917,CWE-264,linux-2.6,6f24f892871acc47b40dd594c63606a17c714f77,CVE-2012-2319,group-row-917,train,train
row-918,CWE-264,linux-2.6,6f24f892871acc47b40dd594c63606a17c714f77,CVE-2012-2319,group-row-917,train,train
row-919,CWE-200,linux-2.6,06b6a1cf6e776426766298d055bb3991957d90a7,CVE-2012-3430,group-row-919,train,train
row-920,CWE-189,libxml2,d8e1faeaa99c7a7c07af01c1c72de352eb590a3e,CVE-2011-3102,group-row-920,test,train
row-921,CWE-189,gdk-pixbuf,4f0f465f991cd454d03189497f923eb40c170c22,CVE-2012-2370,group-row-921,test,train
row-922,CWE-189,php-src,a10e778bfb7ce9caa1f91666ddf2705db7982d68,CVE-2012-2386,group-row-922,validation,train
row-923,CWE-189,php-src,158d8a6b088662ce9d31e0c777c6ebe90efdc854,CVE-2012-2386,group-row-922,validation,train
row-924,CWE-189,php-src,158d8a6b088662ce9d31e0c777c6ebe90efdc854,CVE-2012-2386,group-row-922,validation,train
row-925,CWE-399,mosh,9791768705528e911bfca6c4d8aa88139035060e,CVE-2012-2385,group-row-925,train,test
row-926,CWE-189,linux-2.6,ed8cd3b2cd61004cab85380c52b1817aca1ca49b,CVE-2012-2383,group-row-926,train,train
row-927,CWE-189,linux-2.6,44afb3a04391a74309d16180d1e4f8386fdfa745,CVE-2012-2384,group-row-927,train,train
row-929,CWE-703,krb5,c5be6209311d4a8f10fda37d0d3f876c1b33b77b,,group-row-929,test,train
row-930,CWE-189,bdwgc,be9df82919960214ee4b9d3313523bff44fd99e1,CVE-2012-2673,group-row-930,train,train
row-931,CWE-189,bdwgc,be9df82919960214ee4b9d3313523bff44fd99e1,CVE-2012-2673,group-row-930,train,train
row-932,CWE-189,bdwgc,e10c1eb9908c2774c16b3148b30d2f3823d66a9a,CVE-2012-2673,group-row-930,train,train
row-933,CWE-189,bdwgc,6a93f8e5bcad22137f41b6c60a1c7384baaec2b3,CVE-2012-2673,group-row-930,train,train
row-934,CWE-189,bdwgc,83231d0ab5ed60015797c3d1ad9056295ac3b2bb,CVE-2012-2673,group-row-930,train,train
row-936,CWE-59,ioq3,b5acc31a4da72cc3a4a6d88facb15b6214d745c6,CVE-2012-3345,group-row-936,train,train
row-937,CWE-59,ioq3,b5acc31a4da72cc3a4a6d88facb15b6214d745c6,CVE-2012-3345,group-row-936,train,train
row-938,CWE-59,ioq3,b5acc31a4da72cc3a4a6d88facb15b6214d745c6,CVE-2012-3345,group-row-936,train,train
row-939,CWE-119,vte,feeee4b5832b17641e505b7083e0d299fdae318e,CVE-2012-2738,group-row-939,train,test
row-940,CWE-119,vte,feeee4b5832b17641e505b7083e0d299fdae318e,CVE-2012-2738,group-row-939,train,test
row-964,CWE-119,linux-2.6,79549c6dfda0603dba9a70a53467ce62d9335c33,CVE-2012-2745,group-row-964,train,train
row-965,CWE-476,gimp,ace45631595e8781a1420842582d67160097163c,CVE-2012-3236,group-row-965,test,train
row-966,CWE-189,libxml2,459eeb9dc752d5185f57ff6b135027f11981a626,CVE-2012-2807,group-row-966,test,train
row-967,CWE-189,libxml2,459eeb9dc752d5185f57ff6b135027f11981a626,CVE-2012-2807,group-row-966,test,train
row-968,CWE-189,libxml2,459eeb9dc752d5185f57ff6b135027f11981a626,CVE-2012-2807,group-row-966,test,train
row-969,CWE-189,libxml2,4f9fdc709c4861c390cd84e2ed1fd878b3442e28,CVE-2012-2807,group-row-966,test,train
row-970,CWE-189,libxml2,4f9fdc709c4861c390cd84e2ed1fd878b3442e28,CVE-2012-2807,group-row-966,test,train
row-987,CWE-189,chrony,7712455d9aa33d0db0945effaa07e900b85987b1,CVE-2012-4502,group-row-987,train,validation
row-988,CWE-189,chrony,7712455d9aa33d0db0945effaa07e900b85987b1,CVE-2012-4502,group-row-987,train,validation
row-989,CWE-189,chrony,7712455d9aa33d0db0945effaa07e900b85987b1,CVE-2012-4502,group-row-987,train,validation
row-990,CWE-189,chrony,7712455d9aa33d0db0945effaa07e900b85987b1,CVE-2012-4502,group-row-987,train,validation
row-991,CWE-189,chrony,c6fdeeb6bb0b17dc28c19ae492c4a1c498e54ea3,CVE-2012-4502,group-row-987,train,validation
row-992,CWE-189,chrony,c6fdeeb6bb0b17dc28c19ae492c4a1c498e54ea3,CVE-2012-4502,group-row-987,train,validation
row-993,CWE-399,linux-2.6,f0ec1aaf54caddd21c259aea8b2ecfbde4ee4fb9,CVE-2012-3510,group-row-993,train,validation
row-995,CWE-399,tor,62637fa22405278758febb1743da9af562524d4c,CVE-2012-3517,group-row-995,train,train
row-996,CWE-399,tor,62637fa22405278758febb1743da9af562524d4c,CVE-2012-3517,group-row-995,train,train
row-997,CWE-399,tor,57e35ad3d91724882c345ac709666a551a977f0f,CVE-2012-3517,group-row-995,train,train
row-998,CWE-399,tor,308f6dad20675c42b29862f4269ad1fbfb00dc9a,CVE-2012-3517,group-row-995,train,train
row-999,CWE-399,tor,308f6dad20675c42b29862f4269ad1fbfb00dc9a,CVE-2012-3517,group-row-995,train,train
row-1011,CWE-20,jabberd2,aabcffae560d5fd00cd1d2ffce5d760353cf0a4d,,group-row-1011,train,train
row-1012,CWE-20,jabberd2,aabcffae560d5fd00cd1d2ffce5d760353cf0a4d,,group-row-1011,train,train
row-1013,CWE-119,freeradius-server,78e5aed56c36a9231bc91ea5f55b3edf88a9d2a4,CVE-2012-3547,group-row-1013,train,validation
row-1051,CWE-189,gegl,1e92e5235ded0415d555aa86066b8e4041ee5a53,CVE-2012-4433,group-row-1051,validation,validation
row-1052,CWE-189,gegl,1e92e5235ded0415d555aa86066b8e4041ee5a53,CVE-2012-4433,group-row-1051,validation,validation
row-1053,CWE-189,gegl,4757cdf73d3675478d645a3ec8250ba02168a230,CVE-2012-4433,group-row-1051,validation,validation
row-1060,CWE-200,vino,9c8b9f81205203db6c31068babbfb8a734acacdb,CVE-2012-4429,group-row-1060,train,train
row-1061,CWE-399,libxslt,54977ed7966847e305a2008cb18892df26eeb065,CVE-2012-2893,group-row-1061,train,test
row-1062,CWE-399,libxslt,54977ed7966847e305a2008cb18892df26eeb065,CVE-2012-2893,group-row-1061,train,test
row-1065,CWE-200,linux-2.6,b66c5984017533316fd1951770302649baf1aa33,CVE-2012-4530,group-row-1065,train,train
row-1066,CWE-200,linux-2.6,b66c5984017533316fd1951770302649baf1aa33,CVE-2012-4530,group-row-1065,train,train
row-1067,CWE-200,linux-2.6,b66c5984017533316fd1951770302649baf1aa33,CVE-2012-4530,group-row-1065,train,train
row-1068,CWE-200,linux-2.6,d740269867021faf4ce38a449353d2b986c34a67,CVE-2012-4530,group-row-1065,train,train
row-1069,CWE-200,linux-2.6,d740269867021faf4ce38a449353d2b986c34a67,CVE-2012-4530,group-row-1065,train,train
row-1070,CWE-200,linux-2.6,d740269867021faf4ce38a449353d2b986c34a67,CVE-2012-4530,group-row-1065,train,train
row-1071,CWE-200,linux-2.6,d740269867021faf4ce38a449353d2b986c34a67,CVE-2012-4530,group-row-1065,train,train
row-1081,CWE-119,weechat,9453e81baa7935db82a0b765a47cba772aba730d,CVE-2012-5854,group-row-1081,train,train
row-1084,CWE-20,weechat,efb795c74fe954b9544074aafcebb1be4452b03a,CVE-2012-5534,group-row-1084,train,train
row-1086,CWE-787,gimp,0b35f6a082a0b3c372c568ea6bde39a4796acde2,CVE-2012-5576,group-row-1086,test,train
row-1087,CWE-787,gimp,0b35f6a082a0b3c372c568ea6bde39a4796acde2,CVE-2012-5576,group-row-1086,test,train
row-1088,CWE-787,gimp,0b35f6a082a0b3c372c568ea6bde39a4796acde2,CVE-2012-5576,group-row-1086,test,train
row-1089,CWE-119,libxml2,6a36fbe3b3e001a8a840b5c1fdd81cefc9947f0d,CVE-2012-5134,group-row-1089,test,train
row-1095,CWE-264,libreport,3bbf961b1884dd32654dd39b360dd78ef294b10a,CVE-2012-5660,group-row-1095,train,validation
row-1096,CWE-264,libreport,3bbf961b1884dd32654dd39b360dd78ef294b10a,CVE-2012-5660,group-row-1095,train,validation
row-1097,CWE-264,libreport,3bbf961b1884dd32654dd39b360dd78ef294b10a,CVE-2012-5660,group-row-1095,train,validation
row-1098,CWE-264,libreport,3bbf961b1884dd32654dd39b360dd78ef294b10a,CVE-2012-5660,group-row-1095,train,validation
row-1099,CWE-264,libreport,3bbf961b1884dd32654dd39b360dd78ef294b10a,CVE-2012-5660,group-row-1095,train,validation
row-1100,CWE-120,qemu,b0d9ffcd0251161c7c92f94804dcf599dfa3edeb,CVE-2012-6075,group-row-1100,train,train
row-1101,CWE-120,qemu,2c0331f4f7d241995452b99afaf0aab00493334a,CVE-2012-6075,group-row-1100,train,train
row-1102,CWE-189,grep,cbbc1a45b9f843c811905c97c90a5d31f8e6c189,CVE-2012-5667,group-row-1102,train,train
row-1103,CWE-189,grep,cbbc1a45b9f843c811905c97c90a5d31f8e6c189,CVE-2012-5667,group-row-1102,train,train
row-1104,CWE-189,grep,cbbc1a45b9f843c811905c97c90a5d31f8e6c189,CVE-2012-5667,group-row-1102,train,train
row-1105,CWE-189,grep,cbbc1a45b9f843c811905c97c90a5d31f8e6c189,CVE-2012-5667,group-row-1102,train,train
row-1106,CWE-189,grep,cbbc1a45b9f843c811905c97c90a5d31f8e6c189,CVE-2012-5667,group-row-1102,train,train
row-1107,CWE-189,grep,cbbc1a45b9f843c811905c97c90a5d31f8e6c189,CVE-2012-5667,group-row-1102,train,train
row-1108,CWE-189,grep,cbbc1a45b9f843c811905c97c90a5d31f8e6c189,CVE-2012-5667,group-row-1102,train,train
row-1109,CWE-189,grep,cbbc1a45b9f843c811905c97c90a5d31f8e6c189,CVE-2012-5667,group-row-1102,train,train
row-1110,CWE-189,grep,cbbc1a45b9f843c811905c97c90a5d31f8e6c189,CVE-2012-5667,group-row-1102,train,train
row-1111,CWE-189,grep,cbbc1a45b9f843c811905c97c90a5d31f8e6c189,CVE-2012-5667,group-row-1102,train,train
row-1112,CWE-189,grep,cbbc1a45b9f843c811905c97c90a5d31f8e6c189,CVE-2012-5667,group-row-1102,train,train
row-1113,CWE-189,grep,cbbc1a45b9f843c811905c97c90a5d31f8e6c189,CVE-2012-5667,group-row-1102,train,train
row-1114,CWE-189,grep,cbbc1a45b9f843c811905c97c90a5d31f8e6c189,CVE-2012-5667,group-row-1102,train,train
row-1115,CWE-189,grep,cbbc1a45b9f843c811905c97c90a5d31f8e6c189,CVE-2012-5667,group-row-1102,train,train
row-1116,CWE-189,grep,cbbc1a45b9f843c811905c97c90a5d31f8e6c189,CVE-2012-5667,group-row-1102,train,train
row-1117,CWE-189,grep,cbbc1a45b9f843c811905c97c90a5d31f8e6c189,CVE-2012-5667,group-row-1102,train,train
row-1118,CWE-189,grep,cbbc1a45b9f843c811905c97c90a5d31f8e6c189,CVE-2012-5667,group-row-1102,train,train
row-1119,CWE-189,grep,cbbc1a45b9f843c811905c97c90a5d31f8e6c189,CVE-2012-5667,group-row-1102,train,train
row-1120,CWE-189,grep,cbbc1a45b9f843c811905c97c90a5d31f8e6c189,CVE-2012-5667,group-row-1102,train,train
row-1121,CWE-189,grep,cbbc1a45b9f843c811905c97c90a5d31f8e6c189,CVE-2012-5667,group-row-1102,train,train
row-1122,CWE-189,grep,cbbc1a45b9f843c811905c97c90a5d31f8e6c189,CVE-2012-5667,group-row-1102,train,train
row-1123,CWE-189,grep,cbbc1a45b9f843c811905c97c90a5d31f8e6c189,CVE-2012-5667,group-row-1102,train,train
row-1124,CWE-189,grep,cbbc1a45b9f843c811905c97c90a5d31f8e6c189,CVE-2012-5667,group-row-1102,train,train
row-1125,CWE-189,grep,cbbc1a45b9f843c811905c97c90a5d31f8e6c189,CVE-2012-5667,group-row-1102,train,train
row-1126,CWE-189,grep,cbbc1a45b9f843c811905c97c90a5d31f8e6c189,CVE-2012-5667,group-row-1102,train,train
row-1127,CWE-189,grep,cbbc1a45b9f843c811905c97c90a5d31f8e6c189,CVE-2012-5667,group-row-1102,train,train
row-1128,CWE-189,grep,cbbc1a45b9f843c811905c97c90a5d31f8e6c189,CVE-2012-5667,group-row-1102,train,train
row-1129,CWE-189,grep,cbbc1a45b9f843c811905c97c90a5d31f8e6c189,CVE-2012-5667,group-row-1102,train,train
row-1130,CWE-189,grep,cbbc1a45b9f843c811905c97c90a5d31f8e6c189,CVE-2012-5667,group-row-1102,train,train
row-1131,CWE-189,grep,cbbc1a45b9f843c811905c97c90a5d31f8e6c189,CVE-2012-5667,group-row-1102,train,train
row-1132,CWE-189,grep,cbbc1a45b9f843c811905c97c90a5d31f8e6c189,CVE-2012-5667,group-row-1102,train,train
row-1133,CWE-189,grep,cbbc1a45b9f843c811905c97c90a5d31f8e6c189,CVE-2012-5667,group-row-1102,train,train
row-1134,CWE-189,grep,cbbc1a45b9f843c811905c97c90a5d31f8e6c189,CVE-2012-5667,group-row-1102,train,train
row-1135,CWE-189,grep,cbbc1a45b9f843c811905c97c90a5d31f8e6c189,CVE-2012-5667,group-row-1102,train,train
row-1136,CWE-189,grep,8fcf61523644df42e1905c81bed26838e0b04f91,CVE-2012-5667,group-row-1102,train,train
row-1137,CWE-189,grep,8fcf61523644df42e1905c81bed26838e0b04f91,CVE-2012-5667,group-row-1102,train,train
row-1138,CWE-189,grep,8fcf61523644df42e1905c81bed26838e0b04f91,CVE-2012-5667,group-row-1102,train,train
row-1139,CWE-189,grep,8fcf61523644df42e1905c81bed26838e0b04f91,CVE-2012-5667,group-row-1102,train,train
row-1140,CWE-189,grep,8fcf61523644df42e1905c81bed26838e0b04f91,CVE-2012-5667,group-row-1102,train,train
row-1141,CWE-189,grep,8fcf61523644df42e1905c81bed26838e0b04f91,CVE-2012-5667,group-row-1102,train,train
row-1142,CWE-189,grep,8fcf61523644df42e1905c81bed26838e0b04f91,CVE-2012-5667,group-row-1102,train,train
row-1143,CWE-189,grep,8fcf61523644df42e1905c81bed26838e0b04f91,CVE-2012-5667,group-row-1102,train,train
row-1144,CWE-189,grep,8fcf61523644df42e1905c81bed26838e0b04f91,CVE-2012-5667,group-row-1102,train,train
row-1145,CWE-20,gnupg,f0b33b6fb8e0586e9584a7a409dcc31263776a67,CVE-2012-6085,group-row-1145,train,train
row-1146,CWE-399,pacemaker,564f7cc2a51dcd2f28ab12a13394f31be5aa3c93,CVE-2013-0281,group-row-1146,train,train
row-1147,CWE-399,pacemaker,564f7cc2a51dcd2f28ab12a13394f31be5aa3c93,CVE-2013-0281,group-row-1146,train,train
row-1148,CWE-399,pacemaker,564f7cc2a51dcd2f28ab12a13394f31be5aa3c93,CVE-2013-0281,group-row-1146,train,train
row-1149,CWE-399,pacemaker,564f7cc2a51dcd2f28ab12a13394f31be5aa3c93,CVE-2013-0281,group-row-1146,train,train
row-1150,CWE-399,pacemaker,564f7cc2a51dcd2f28ab12a13394f31be5aa3c93,CVE-2013-0281,group-row-1146,train,train
row-1151,CWE-399,pacemaker,564f7cc2a51dcd2f28ab12a13394f31be5aa3c93,CVE-2013-0281,group-row-1146,train,train
row-1152,CWE-399,pacemaker,564f7cc2a51dcd2f28ab12a13394f31be5aa3c93,CVE-2013-0281,group-row-1146,train,train
row-1153,CWE-399,pacemaker,564f7cc2a51dcd2f28ab12a13394f31be5aa3c93,CVE-2013-0281,group-row-1146,train,train
row-1154,CWE-399,pacemaker,564f7cc2a51dcd2f28ab12a13394f31be5aa3c93,CVE-2013-0281,group-row-1146,train,train
row-1155,CWE-399,pacemaker,564f7cc2a51dcd2f28ab12a13394f31be5aa3c93,CVE-2013-0281,group-row-1146,train,train
row-1156,CWE-399,pacemaker,564f7cc2a51dcd2f28ab12a13394f31be5aa3c93,CVE-2013-0281,group-row-1146,train,train
row-1157,CWE-399,pacemaker,564f7cc2a51dcd2f28ab12a13394f31be5aa3c93,CVE-2013-0281,group-row-1146,train,train
row-1158,CWE-399,pacemaker,564f7cc2a51dcd2f28ab12a13394f31be5aa3c93,CVE-2013-0281,group-row-1146,train,train
row-1159,CWE-399,pacemaker,564f7cc2a51dcd2f28ab12a13394f31be5aa3c93,CVE-2013-0281,group-row-1146,train,train
row-1160,CWE-399,pacemaker,564f7cc2a51dcd2f28ab12a13394f31be5aa3c93,CVE-2013-0281,group-row-1146,train,train
row-1161,CWE-399,pacemaker,564f7cc2a51dcd2f28ab12a13394f31be5aa3c93,CVE-2013-0281,group-row-1146,train,train
row-1162,CWE-399,pacemaker,564f7cc2a51dcd2f28ab12a13394f31be5aa3c93,CVE-2013-0281,group-row-1146,train,train
row-1163,CWE-399,pacemaker,564f7cc2a51dcd2f28ab12a13394f31be5aa3c93,CVE-2013-0281,group-row-1146,train,train
row-1164,CWE-399,pacemaker,564f7cc2a51dcd2f28ab12a13394f31be5aa3c93,CVE-2013-0281,group-row-1146,train,train
row-1165,CWE-399,pacemaker,564f7cc2a51dcd2f28ab12a13394f31be5aa3c93,CVE-2013-0281,group-row-1146,train,train
row-1166,CWE-399,pacemaker,564f7cc2a51dcd2f28ab12a13394f31be5aa3c93,CVE-2013-0281,group-row-1146,train,train
row-1167,CWE-200,util-linux,5ebbc3865d1e53ef42e5f121c41faab23dd59075,CVE-2013-0157,group-row-1167,train,test
row-1168,CWE-200,util-linux,cc8cc8f32c863f3ae6a8a88e97b47bcd6a21825f,CVE-2013-0157,group-row-1167,train,test
row-1169,CWE-200,util-linux,0377ef91270d06592a0d4dd009c29e7b1ff9c9b8,CVE-2013-0157,group-row-1167,train,test
row-1177,CWE-200,cronie,b19007ca9fddd62ecef3af4a7d2d252f1d5e0419,CVE-2012-6097,group-row-1177,train,train
row-1178,CWE-20,linux-2.6,bcc2c9c3fff859e0eb019fe6fec26f9b8eba795c,CVE-2012-2669,group-row-1178,train,train
row-1204,CWE-20,redis,697af434fbeb2e3ba2ba9687cd283ed1a2734fa5,,group-row-1204,test,train
row-1205,CWE-20,redis,697af434fbeb2e3ba2ba9687cd283ed1a2734fa5,,group-row-1204,test,train
row-1206,CWE-20,redis,697af434fbeb2e3ba2ba9687cd283ed1a2734fa5,,group-row-1204,test,train
row-1207,CWE-20,redis,697af434fbeb2e3ba2ba9687cd283ed1a2734fa5,,group-row-1204,test,train
row-1208,CWE-20,redis,697af434fbeb2e3ba2ba9687cd283ed1a2734fa5,,group-row-1204,test,train
row-1209,CWE-20,redis,697af434fbeb2e3ba2ba9687cd283ed1a2734fa5,,group-row-1204,test,train
row-1210,CWE-20,redis,697af434fbeb2e3ba2ba9687cd283ed1a2734fa5,,group-row-1204,test,train
row-1211,CWE-20,redis,697af434fbeb2e3ba2ba9687cd283ed1a2734fa5,,group-row-1204,test,train
row-1212,CWE-20,redis,697af434fbeb2e3ba2ba9687cd283ed1a2734fa5,,group-row-1204,test,train
row-1213,CWE-20,redis,697af434fbeb2e3ba2ba9687cd283ed1a2734fa5,,group-row-1204,test,train
row-1214,CWE-200,php-src,270a406ac94b5fc5cc9ef59fc61e3b4b95648a3e,CVE-2012-6113,group-row-1214,validation,validation
row-1215,CWE-200,php-src,095cbc48a8f0090f3b0abc6155f2b61943c9eafb,CVE-2012-6113,group-row-1214,validation,validation
row-1240,CWE-703,corosync,b3f456a8ceefac6e9f2e9acc2ea0c159d412b595,,group-row-1240,train,validation
row-1251,CWE-20,vino,860337231eaccfeed4f857afd0579546a260c23f,CVE-2013-5745,group-row-1251,train,test
row-1258,CWE-119,libxml2,23f05e0c33987d6605387b300c4be5da2120a7ab,CVE-2013-0338,group-row-1258,test,train
row-1259,CWE-119,libxml2,23f05e0c33987d6605387b300c4be5da2120a7ab,CVE-2013-0338,group-row-1258,test,train
row-1260,CWE-119,libxml2,23f05e0c33987d6605387b300c4be5da2120a7ab,CVE-2013-0338,group-row-1258,test,train
row-1261,CWE-119,libxml2,23f05e0c33987d6605387b300c4be5da2120a7ab,CVE-2013-0338,group-row-1258,test,train
row-1264,CWE-119,linux-2.6,89d7ae34cdda4195809a5a987f697a517a2a3177,CVE-2013-0310,group-row-1264,train,test
row-1267,CWE-476,krb5,f249555301940c6df3a2cdda13b56b5674eebc2e,,group-row-1267,test,train
row-1268,CWE-264,libxml2,4629ee02ac649c27f9c0cf98ba017c6b5526070f,CVE-2013-0339,group-row-1268,test,train
row-1269,CWE-119,kvm,c300aa64ddf57d9c5d9c898a64b36877345dd4a9,CVE-2013-1796,group-row-1269,train,validation
row-1270,CWE-399,kvm,0b79459b482e85cb7426aa7da683a9f2c97aeae1,CVE-2013-1797,group-row-1270,train,test
row-1271,CWE-399,kvm,0b79459b482e85cb7426aa7da683a9f2c97aeae1,CVE-2013-1797,group-row-1270,train,test
row-1272,CWE-399,kvm,0b79459b482e85cb7426aa7da683a9f2c97aeae1,CVE-2013-1797,group-row-1270,train,test
row-1273,CWE-399,kvm,0b79459b482e85cb7426aa7da683a9f2c97aeae1,CVE-2013-1797,group-row-1270,train,test
row-1274,CWE-399,kvm,0b79459b482e85cb7426aa7da683a9f2c97aeae1,CVE-2013-1797,group-row-1270,train,test
row-1275,CWE-20,kvm,a2c118bfab8bc6b8bb213abfc35201e441693d55,CVE-2013-1798,group-row-1275,train,validation
row-1276,CWE-476,krb5,db64ca25d661a47b996b4e2645998b5d7f0eb52c,,group-row-1276,test,train
row-1277,CWE-200,php-src,afe98b7829d50806559acac9b530acb8283c3bf4,CVE-2013-1643,group-row-1277,validation,test
row-1278,CWE-200,php-src,afe98b7829d50806559acac9b530acb8283c3bf4,CVE-2013-1643,group-row-1277,validation,test
row-1279,CWE-200,php-src,188c196d4da60bdde9190d2fc532650d17f7af2d,CVE-2013-1643,group-row-1277,validation,test
row-1280,CWE-200,php-src,188c196d4da60bdde9190d2fc532650d17f7af2d,CVE-2013-1643,group-row-1277,validation,test
row-1281,CWE-200,php-src,8e76d0404b7f664ee6719fd98f0483f0ac4669d6,CVE-2013-1643,group-row-1277,validation,test
row-1282,CWE-200,php-src,8e76d0404b7f664ee6719fd98f0483f0ac4669d6,CVE-2013-1643,group-row-1277,validation,test
row-1283,CWE-200,php-src,8e76d0404b7f664ee6719fd98f0483f0ac4669d6,CVE-2013-1643,group-row-1277,validation,test
row-1284,CWE-200,php-src,8e76d0404b7f664ee6719fd98f0483f0ac4669d6,CVE-2013-1643,group-row-1277,validation,test
row-1285,CWE-200,php-src,8e76d0404b7f664ee6719fd98f0483f0ac4669d6,CVE-2013-1643,group-row-1277,validation,test
row-1286,CWE-200,php-src,8e76d0404b7f664ee6719fd98f0483f0ac4669d6,CVE-2013-1643,group-row-1277,validation,test
row-1287,CWE-200,php-src,fcd4b5335a6df4e0676ee32e2267ca71d70fe623,CVE-2013-1643,group-row-1277,validation,test
row-1288,CWE-200,php-src,fcd4b5335a6df4e0676ee32e2267ca71d70fe623,CVE-2013-1643,group-row-1277,validation,test
row-1289,CWE-20,linux,726bc6b092da4c093eb74d13c07184b18c1af0f1,,group-row-1289,train,train
row-1307,CWE-264,busybox,4609f477c7e043a4f6147dfe6e86b775da2ef784,CVE-2013-1813,group-row-1307,train,train
row-1308,CWE-264,busybox,4609f477c7e043a4f6147dfe6e86b775da2ef784,CVE-2013-1813,group-row-1307,train,train
row-1310,CWE-20,linux,8d0c2d10dd72c5292eda7a06231056a4c972e4cc,,group-row-1310,train,train
row-1311,CWE-20,linux,8d0c2d10dd72c5292eda7a06231056a4c972e4cc,,group-row-1310,train,train
row-1312,CWE-399,linux-2.6,29cd8ae0e1a39e239a3a7b67da1986add1199fc0,CVE-2013-2634,group-row-1312,train,train
row-1313,CWE-399,linux-2.6,29cd8ae0e1a39e239a3a7b67da1986add1199fc0,CVE-2013-2634,group-row-1312,train,train
row-1314,CWE-399,linux-2.6,29cd8ae0e1a39e239a3a7b67da1986add1199fc0,CVE-2013-2634,group-row-1312,train,train
row-1315,CWE-399,linux-2.6,84d73cd3fb142bf1298a8c13fd4ca50fd2432372,CVE-2013-2635,group-row-1315,train,test
row-1316,CWE-399,linux-2.6,c085c49920b2f900ba716b4ca1c1a55ece9872cc,CVE-2013-2636,group-row-1316,train,train
row-1317,CWE-399,linux-2.6,c085c49920b2f900ba716b4ca1c1a55ece9872cc,CVE-2013-2636,group-row-1316,train,train
row-1318,CWE-399,linux-2.6,c085c49920b2f900ba716b4ca1c1a55ece9872cc,CVE-2013-2636,group-row-1316,train,train
row-1319,CWE-399,linux-2.6,c085c49920b2f900ba716b4ca1c1a55ece9872cc,CVE-2013-2636,group-row-1316,train,train
row-1329,CWE-190,gimp,32ae0f83e5748299641cceaabe3f80f1b3afd03e,CVE-2013-1913,group-row-1329,test,train
row-1334,CWE-20,linux,9e3bb6b6f6a0c535eb053fbf0005a8e79e053374,CVE-2013-1943,group-row-1334,train,train
row-1335,CWE-200,curl,2eb8dcf26cb37f09cffe26909a646e702dbcab66,,group-row-1335,train,train
row-1336,CWE-399,libxml2,de0cc20c29cb3f056062925395e0f68d2250a46f,CVE-2013-1969,group-row-1336,test,validation
row-1337,CWE-399,libxml2,de0cc20c29cb3f056062925395e0f68d2250a46f,CVE-2013-1969,group-row-1336,test,validation
row-1338,CWE-787,gimp,23f685931e5f000dd033a45c60c1e60d7f78caf4,CVE-2013-1978,group-row-1338,test,validation
row-1340,CWE-264,qemu,c689b4f1bac352dcfd6ecb9a1d45337de0f1de67,CVE-2013-2007,group-row-1340,train,train
row-1347,CWE-189,clamav-devel,c6870a6c857dd722dffaf6d37ae52ec259d12492,CVE-2013-2020,group-row-1347,validation,train
row-1348,CWE-189,clamav-devel,3cbd8b5668bd0f262a8c00b1fd57eb03c117b00a,CVE-2013-2020,group-row-1347,validation,train
row-1349,CWE-399,linux,6ec82562ffc6f297d0de36d65776cff8e5704867,,group-row-1349,train,train
row-1350,CWE-399,linux,6ec82562ffc6f297d0de36d65776cff8e5704867,,group-row-1349,train,train
row-1351,CWE-189,memcached,6695ccbc525c36d693aaa3e8337b36aa0c784424,CVE-2011-4971,group-row-1351,train,train
row-1354,CWE-119,ruby,1c2ef610358af33f9ded3086aa2d70aac03dcac5,CVE-2009-4124,group-row-1354,validation,train
row-1355,CWE-200,openvpn,11d21349a4e7e38a025849479b36ace7c2eec2ee,,group-row-1355,train,train
row-1356,CWE-264,ruby,c7d7ff45f1e0d6fad28e53c02108d4b067e843c3,CVE-2013-2065,group-row-1356,validation,train
row-1357,CWE-20,krb5,cf1a0c411b2668c57c41e9c4efd15ba17b6b322c,,group-row-1357,test,train
row-1360,CWE-20,gnutls,5164d5a1d57cd0372a5dd074382ca960ca18b27d,CVE-2013-2116,group-row-1360,test,train
row-1361,CWE-476,ModSecurity,0840b13612a0b7ef1ce7441cf811dcfc6b463fba,,group-row-1361,train,train
row-1362,CWE-119,target-pending,cea4dcfdad926a27a18e188720efe0f2c9403456,CVE-2013-2850,group-row-1362,train,train
row-1363,CWE-119,target-pending,cea4dcfdad926a27a18e188720efe0f2c9403456,CVE-2013-2850,group-row-1362,train,train
row-1364,CWE-703,libguestfs,fa6a76050d82894365dfe32916903ef7fee3ffcd,,group-row-1364,train,train
row-1371,CWE-399,LibRaw,c14ae36d28e80139b2f31b5d9d7623db3b597a3a,CVE-2013-2126,group-row-1371,train,validation
row-1372,CWE-703,znc,2bd410ee5570cea127233f1133ea22f25174eb28,,group-row-1372,train,train
row-1374,CWE-20,php-src,fb58e69a84f4fde603a630d2c9df2fa3be16d846,CVE-2013-3735,group-row-1374,validation,validation
row-1375,CWE-20,php-src,fb58e69a84f4fde603a630d2c9df2fa3be16d846,CVE-2013-3735,group-row-1374,validation,validation
row-1376,CWE-20,linux-2.6,604c499cbbcc3d5fe5fb8d53306aa0fae1990109,CVE-2013-2140,group-row-1376,train,train
row-1377,CWE-200,evolution-data-server,5d8b92c622f6927b253762ff9310479dd3ac627d,CVE-2013-4166,group-row-1377,train,validation
row-1378,CWE-703,linux,f2815633504b442ca0b0605c16bf3d88a3a0fcea,,group-row-1378,train,train
row-1379,CWE-20,php-src,74555e7c26b2c61bb8e67b7d6a6f4d2b8eb3a5f3,CVE-2013-4636,group-row-1379,validation,train
row-1380,CWE-264,clutter,e310c68d7b38d521e341f4e8a36f54303079d74e,CVE-2013-2190,group-row-1380,test,train
row-1381,CWE-119,ZRTPCPP,c8617100f359b217a974938c5539a1dd8a120b0e,CVE-2013-2221,group-row-1381,train,train
row-1382,CWE-119,ZRTPCPP,c8617100f359b217a974938c5539a1dd8a120b0e,CVE-2013-2221,group-row-1381,train,train
row-1383,CWE-119,ZRTPCPP,c8617100f359b217a974938c5539a1dd8a120b0e,CVE-2013-2221,group-row-1381,train,train
row-1384,CWE-119,ZRTPCPP,c8617100f359b217a974938c5539a1dd8a120b0e,CVE-2013-2221,group-row-1381,train,train
row-1385,CWE-119,ZRTPCPP,c8617100f359b217a974938c5539a1dd8a120b0e,CVE-2013-2221,group-row-1381,train,train
row-1386,CWE-119,ZRTPCPP,c8617100f359b217a974938c5539a1dd8a120b0e,CVE-2013-2221,group-row-1381,train,train
row-1387,CWE-119,quagga,3f872fe60463a931c5c766dbf8c36870c0023e88,CVE-2013-2236,group-row-1387,train,train
row-1388,CWE-119,quagga,3f872fe60463a931c5c766dbf8c36870c0023e88,CVE-2013-2236,group-row-1387,train,train
row-1389,CWE-119,quagga,3f872fe60463a931c5c766dbf8c36870c0023e88,CVE-2013-2236,group-row-1387,train,train
row-1390,CWE-119,quagga,3f872fe60463a931c5c766dbf8c36870c0023e88,CVE-2013-2236,group-row-1387,train,train
row-1391,CWE-264,mongo,23344f8b7506df694f66999693ee3c00dfd6afae,CVE-2013-4650,group-row-1391,validation,train
row-1392,CWE-264,mongo,23344f8b7506df694f66999693ee3c00dfd6afae,CVE-2013-4650,group-row-1391,validation,train
row-1393,CWE-264,mongo,c5ad04549e40b1069029026081d9324e9e06156c,CVE-2013-4650,group-row-1391,validation,train
row-1394,CWE-264,mongo,c5ad04549e40b1069029026081d9324e9e06156c,CVE-2013-4650,group-row-1391,validation,train
row-1395,CWE-22,file-roller,b147281293a8307808475e102a14857055f81631,CVE-2013-4668,group-row-1395,train,train
row-1396,CWE-22,file-roller,b147281293a8307808475e102a14857055f81631,CVE-2013-4668,group-row-1395,train,train
row-1397,CWE-399,rsyslog,80f88242982c9c6ad6ce8628fc5b94ea74051cf4,CVE-2013-4758,group-row-1397,train,train
row-1398,CWE-476,FreeRDP,0dc22d5a30a1c7d146b2a835b2032668127c33e9,CVE-2013-4119,group-row-1398,train,train
row-1399,CWE-476,FreeRDP,0dc22d5a30a1c7d146b2a835b2032668127c33e9,CVE-2013-4119,group-row-1398,train,train
row-1400,CWE-476,FreeRDP,0dc22d5a30a1c7d146b2a835b2032668127c33e9,CVE-2013-4119,group-row-1398,train,train
row-1401,CWE-476,FreeRDP,0dc22d5a30a1c7d146b2a835b2032668127c33e9,CVE-2013-4119,group-row-1398,train,train
row-1402,CWE-476,FreeRDP,0dc22d5a30a1c7d146b2a835b2032668127c33e9,CVE-2013-4119,group-row-1398,train,train
row-1403,CWE-476,FreeRDP,0dc22d5a30a1c7d146b2a835b2032668127c33e9,CVE-2013-4119,group-row-1398,train,train
row-1404,CWE-476,FreeRDP,0dc22d5a30a1c7d146b2a835b2032668127c33e9,CVE-2013-4119,group-row-1398,train,train
row-1405,CWE-476,FreeRDP,0dc22d5a30a1c7d146b2a835b2032668127c33e9,CVE-2013-4119,group-row-1398,train,train
row-1406,CWE-476,FreeRDP,0dc22d5a30a1c7d146b2a835b2032668127c33e9,CVE-2013-4119,group-row-1398,train,train
row-1407,CWE-476,FreeRDP,0dc22d5a30a1c7d146b2a835b2032668127c33e9,CVE-2013-4119,group-row-1398,train,train
row-1408,CWE-476,FreeRDP,0dc22d5a30a1c7d146b2a835b2032668127c33e9,CVE-2013-4119,group-row-1398,train,train
row-1410,CWE-476,FreeRDP,0dc22d5a30a1c7d146b2a835b2032668127c33e9,CVE-2013-4119,group-row-1398,train,train
row-1411,CWE-476,FreeRDP,0dc22d5a30a1c7d146b2a835b2032668127c33e9,CVE-2013-4119,group-row-1398,train,train
row-1412,CWE-476,FreeRDP,0dc22d5a30a1c7d146b2a835b2032668127c33e9,CVE-2013-4119,group-row-1398,train,train
row-1414,CWE-476,FreeRDP,0dc22d5a30a1c7d146b2a835b2032668127c33e9,CVE-2013-4119,group-row-1398,train,train
row-1415,CWE-476,FreeRDP,0dc22d5a30a1c7d146b2a835b2032668127c33e9,CVE-2013-4119,group-row-1398,train,train
row-1416,CWE-476,FreeRDP,0dc22d5a30a1c7d146b2a835b2032668127c33e9,CVE-2013-4119,group-row-1398,train,train
row-1417,CWE-476,FreeRDP,0dc22d5a30a1c7d146b2a835b2032668127c33e9,CVE-2013-4119,group-row-1398,train,train
row-1419,CWE-476,FreeRDP,0dc22d5a30a1c7d146b2a835b2032668127c33e9,CVE-2013-4119,group-row-1398,train,train
row-1420,CWE-476,FreeRDP,0dc22d5a30a1c7d146b2a835b2032668127c33e9,CVE-2013-4119,group-row-1398,train,train
row-1421,CWE-476,FreeRDP,0dc22d5a30a1c7d146b2a835b2032668127c33e9,CVE-2013-4119,group-row-1398,train,train
row-1422,CWE-476,FreeRDP,0dc22d5a30a1c7d146b2a835b2032668127c33e9,CVE-2013-4119,group-row-1398,train,train
row-1423,CWE-476,FreeRDP,0dc22d5a30a1c7d146b2a835b2032668127c33e9,CVE-2013-4119,group-row-1398,train,train
row-1424,CWE-476,FreeRDP,0dc22d5a30a1c7d146b2a835b2032668127c33e9,CVE-2013-4119,group-row-1398,train,train
row-1425,CWE-476,FreeRDP,0dc22d5a30a1c7d146b2a835b2032668127c33e9,CVE-2013-4119,group-row-1398,train,train
row-1426,CWE-476,FreeRDP,0dc22d5a30a1c7d146b2a835b2032668127c33e9,CVE-2013-4119,group-row-1398,train,train
row-1427,CWE-476,FreeRDP,0dc22d5a30a1c7d146b2a835b2032668127c33e9,CVE-2013-4119,group-row-1398,train,train
row-1428,CWE-476,FreeRDP,0dc22d5a30a1c7d146b2a835b2032668127c33e9,CVE-2013-4119,group-row-1398,train,train
row-1429,CWE-476,FreeRDP,0dc22d5a30a1c7d146b2a835b2032668127c33e9,CVE-2013-4119,group-row-1398,train,train
row-1430,CWE-476,FreeRDP,0dc22d5a30a1c7d146b2a835b2032668127c33e9,CVE-2013-4119,group-row-1398,train,train
row-1431,CWE-476,FreeRDP,0dc22d5a30a1c7d146b2a835b2032668127c33e9,CVE-2013-4119,group-row-1398,train,train
row-1432,CWE-476,FreeRDP,0dc22d5a30a1c7d146b2a835b2032668127c33e9,CVE-2013-4119,group-row-1398,train,train
row-1433,CWE-476,FreeRDP,bceec083677a609ba2f06cc75924ab0accac5388,CVE-2013-4119,group-row-1398,train,train
row-1434,CWE-476,FreeRDP,bceec083677a609ba2f06cc75924ab0accac5388,CVE-2013-4119,group-row-1398,train,train
row-1435,CWE-476,FreeRDP,bceec083677a609ba2f06cc75924ab0accac5388,CVE-2013-4119,group-row-1398,train,train
row-1436,CWE-476,FreeRDP,bceec083677a609ba2f06cc75924ab0accac5388,CVE-2013-4119,group-row-1398,train,train
row-1437,CWE-476,FreeRDP,7d58aac24fe20ffaad7bd9b40c9ddf457c1b06e7,,group-row-1437,train,train
row-1438,CWE-476,FreeRDP,7d58aac24fe20ffaad7bd9b40c9ddf457c1b06e7,,group-row-1437,train,train
row-1446,CWE-119,libxml2,e50ba8164eee06461c73cd8abb9b46aa0be81869,CVE-2013-2877,group-row-1446,test,train
row-1449,CWE-119,libxml2,e50ba8164eee06461c73cd8abb9b46aa0be81869,CVE-2013-2877,group-row-1446,test,train
row-1450,CWE-119,libxml2,e50ba8164eee06461c73cd8abb9b46aa0be81869,CVE-2013-2877,group-row-1446,test,train
row-1451,CWE-119,libxml2,e50ba8164eee06461c73cd8abb9b46aa0be81869,CVE-2013-2877,group-row-1446,test,train
row-1452,CWE-119,libxml2,e50ba8164eee06461c73cd8abb9b46aa0be81869,CVE-2013-2877,group-row-1446,test,train
row-1453,CWE-119,libxml2,e50ba8164eee06461c73cd8abb9b46aa0be81869,CVE-2013-2877,group-row-1446,test,train
row-1456,CWE-119,libxml2,e50ba8164eee06461c73cd8abb9b46aa0be81869,CVE-2013-2877,group-row-1446,test,train
row-1457,CWE-119,libxml2,e50ba8164eee06461c73cd8abb9b46aa0be81869,CVE-2013-2877,group-row-1446,test,train
row-1459,CWE-119,libxml2,e50ba8164eee06461c73cd8abb9b46aa0be81869,CVE-2013-2877,group-row-1446,test,train
row-1460,CWE-787,php-src,7d163e8a0880ae8af2dd869071393e5dc07ef271,CVE-2013-4113,group-row-1460,validation,train
row-1461,CWE-787,php-src,7d163e8a0880ae8af2dd869071393e5dc07ef271,CVE-2013-4113,group-row-1460,validation,train
row-1462,CWE-787,php-src,7d163e8a0880ae8af2dd869071393e5dc07ef271,CVE-2013-4113,group-row-1460,validation,train
row-1463,CWE-787,php-src,7d163e8a0880ae8af2dd869071393e5dc07ef271,CVE-2013-4113,group-row-1460,validation,train
row-1464,CWE-189,samba,b4bfcdf921aeee05c4608d7b48618fdfb1f134dc,CVE-2013-4124,group-row-1464,train,train
row-1465,CWE-399,linux,307f2fb95e9b96b3577916e73d92e104f8f26494,,group-row-1465,train,train
row-1466,CWE-189,cyrus-sasl,dedad73e5e7a75d01a5f3d5a6702ab8ccd2ff40d,CVE-2013-4122,group-row-1466,validation,test
row-1467,CWE-189,cyrus-sasl,dedad73e5e7a75d01a5f3d5a6702ab8ccd2ff40d,CVE-2013-4122,group-row-1466,validation,test
row-1468,CWE-189,cyrus-sasl,dedad73e5e7a75d01a5f3d5a6702ab8ccd2ff40d,CVE-2013-4122,group-row-1466,validation,test
row-1469,CWE-189,cyrus-sasl,dedad73e5e7a75d01a5f3d5a6702ab8ccd2ff40d,CVE-2013-4122,group-row-1466,validation,test
row-1470,CWE-399,linux,dd7633ecd553a5e304d349aa6f8eb8a0417098c5,,group-row-1470,train,train
row-1471,CWE-399,linux,dd7633ecd553a5e304d349aa6f8eb8a0417098c5,,group-row-1470,train,train
row-1472,CWE-20,linux,c7e8e8a8f7a70b343ca1e0f90a31e35ab2d16de1,,group-row-1472,train,train
row-1473,CWE-20,linux,c7e8e8a8f7a70b343ca1e0f90a31e35ab2d16de1,,group-row-1472,train,train
row-1556,CWE-703,Little-CMS,91c2db7f2559be504211b283bc3a2c631d6f06d9,,group-row-1556,train,train
row-1557,CWE-703,Little-CMS,91c2db7f2559be504211b283bc3a2c631d6f06d9,,group-row-1556,train,train
row-1558,CWE-703,Little-CMS,91c2db7f2559be504211b283bc3a2c631d6f06d9,,group-row-1556,train,train
row-1559,CWE-703,Little-CMS,91c2db7f2559be504211b283bc3a2c631d6f06d9,,group-row-1556,train,train
row-1562,CWE-59,passenger,9dda49f4a3ebe9bafc48da1bd45799f30ce19566,CVE-2013-4136,group-row-1562,train,train
row-1563,CWE-59,passenger,9dda49f4a3ebe9bafc48da1bd45799f30ce19566,CVE-2013-4136,group-row-1562,train,train
row-1564,CWE-59,passenger,9dda49f4a3ebe9bafc48da1bd45799f30ce19566,CVE-2013-4136,group-row-1562,train,train
row-1565,CWE-59,passenger,9dda49f4a3ebe9bafc48da1bd45799f30ce19566,CVE-2013-4136,group-row-1562,train,train
row-1566,CWE-200,libgcrypt,287bf0e543f244d784cf8b58340bf0ab3c6aba97,CVE-2013-4242,group-row-1566,train,train
row-1567,CWE-264,php-src,25e8fcc88fa20dc9d4c47184471003f436927cde,CVE-2011-4718,group-row-1567,validation,train
row-1568,CWE-264,php-src,25e8fcc88fa20dc9d4c47184471003f436927cde,CVE-2011-4718,group-row-1567,validation,train
row-1569,CWE-264,php-src,25e8fcc88fa20dc9d4c47184471003f436927cde,CVE-2011-4718,group-row-1567,validation,train
row-1570,CWE-264,php-src,25e8fcc88fa20dc9d4c47184471003f436927cde,CVE-2011-4718,group-row-1567,validation,train
row-1571,CWE-264,php-src,25e8fcc88fa20dc9d4c47184471003f436927cde,CVE-2011-4718,group-row-1567,validation,train
row-1572,CWE-264,php-src,25e8fcc88fa20dc9d4c47184471003f436927cde,CVE-2011-4718,group-row-1567,validation,train
row-1573,CWE-264,php-src,25e8fcc88fa20dc9d4c47184471003f436927cde,CVE-2011-4718,group-row-1567,validation,train
row-1574,CWE-264,php-src,25e8fcc88fa20dc9d4c47184471003f436927cde,CVE-2011-4718,group-row-1567,validation,train
row-1575,CWE-264,php-src,25e8fcc88fa20dc9d4c47184471003f436927cde,CVE-2011-4718,group-row-1567,validation,train
row-1576,CWE-264,php-src,25e8fcc88fa20dc9d4c47184471003f436927cde,CVE-2011-4718,group-row-1567,validation,train
row-1577,CWE-264,php-src,25e8fcc88fa20dc9d4c47184471003f436927cde,CVE-2011-4718,group-row-1567,validation,train
row-1578,CWE-264,php-src,82b0e8be99065b61b622df21bbc7494d2fbca3cd,CVE-2011-4718,group-row-1567,validation,train
row-1579,CWE-264,php-src,82b0e8be99065b61b622df21bbc7494d2fbca3cd,CVE-2011-4718,group-row-1567,validation,train
row-1580,CWE-264,php-src,b80d73ce154e7f740f9ada446f45dbcdac38a64b,CVE-2011-4718,group-row-1567,validation,train
row-1581,CWE-264,php-src,b80d73ce154e7f740f9ada446f45dbcdac38a64b,CVE-2011-4718,group-row-1567,validation,train
row-1582,CWE-20,php-src,dcea4ec698dcae39b7bba6f6aa08933cbfee6755,CVE-2013-4248,group-row-1582,validation,train
row-1583,CWE-20,php-src,2874696a5a8d46639d261571f915c493cd875897,CVE-2013-4248,group-row-1582,validation,train
row-1585,CWE-20,polarssl,1922a4e6aade7b1d685af19d4d9339ddb5c02859,,group-row-1585,train,train
row-1586,CWE-20,linux,c95eb3184ea1a3a2551df57190c81da695e2144b,,group-row-1586,train,train
row-1587,CWE-703,LibRaw,11909cc59e712e09b508dda729b99aeaac2b29ad,,group-row-1587,train,validation
row-1588,CWE-703,LibRaw,11909cc59e712e09b508dda729b99aeaac2b29ad,,group-row-1587,train,validation
row-1589,CWE-703,LibRaw,11909cc59e712e09b508dda729b99aeaac2b29ad,,group-row-1587,train,validation
row-1590,CWE-703,LibRaw,11909cc59e712e09b508dda729b99aeaac2b29ad,,group-row-1587,train,validation
row-1591,CWE-703,LibRaw,11909cc59e712e09b508dda729b99aeaac2b29ad,,group-row-1587,train,validation
row-1592,CWE-703,LibRaw,11909cc59e712e09b508dda729b99aeaac2b29ad,,group-row-1587,train,validation
row-1593,CWE-703,LibRaw,11909cc59e712e09b508dda729b99aeaac2b29ad,,group-row-1587,train,validation
row-1594,CWE-703,LibRaw,11909cc59e712e09b508dda729b99aeaac2b29ad,,group-row-1587,train,validation
row-1655,CWE-119,gnutls,ed51e5e53cfbab3103d6b7b85b7ba4515e4f30c3,CVE-2013-4466,group-row-1655,test,validation
row-1658,CWE-119,gnutls,ed51e5e53cfbab3103d6b7b85b7ba4515e4f30c3,CVE-2013-4466,group-row-1655,test,validation
row-1660,CWE-119,gnutls,0dd5529509e46b11d5c0f3f26f99294e0e5fa6dc,CVE-2013-4466,group-row-1655,test,validation
row-1694,CWE-476,krb5,5d2d9a1abe46a2c1a8614d4672d08d9d30a5f8bf,CVE-2013-1418,group-row-1694,test,train
row-1697,CWE-20,linux,2433c8f094a008895e66f25bd1773cdb01c91d01,,group-row-1697,train,train
row-1701,CWE-20,krb5,4c023ba43c16396f0d199e2df1cfa59b88b62acc,,group-row-1701,test,train
row-1702,CWE-20,krb5,4c023ba43c16396f0d199e2df1cfa59b88b62acc,,group-row-1701,test,train
row-1706,CWE-703,krb5,c2ccf4197f697c4ff143b8a786acdd875e70a89d,,group-row-1706,test,test
row-1708,CWE-399,linux,12d6e7538e2d418c08f082b1b44ffa5fb7270ed8,,group-row-1708,train,train
row-1709,CWE-399,linux,e40f193f5bb022e927a57a4f5d5194e4f12ddb74,,group-row-1709,train,test
row-1710,CWE-189,libreswan,9b31deafbdbf0c2206358dfbf2d4e343e365f23f,CVE-2013-4564,group-row-1710,train,train
row-1713,CWE-119,ruby,5cb83d9dab13e14e6146f455ffd9fed4254d238f,CVE-2013-4164,group-row-1713,validation,train
row-1714,CWE-119,ruby,5cb83d9dab13e14e6146f455ffd9fed4254d238f,CVE-2013-4164,group-row-1713,validation,train
row-1715,CWE-119,ruby,5cb83d9dab13e14e6146f455ffd9fed4254d238f,CVE-2013-4164,group-row-1713,validation,train
row-1716,CWE-119,ruby,60c29bbbf6574e0e947c56e71c3c3ca11620ee15,CVE-2013-4164,group-row-1713,validation,train
row-1741,CWE-119,php-src,12fe4e90be7bfa2a763197079f68f5568a14e071,CVE-2013-6712,group-row-1741,validation,train
row-1742,CWE-399,tip,3b56496865f9f7d9bcb2f93b44c63f274f08e3b6,CVE-2013-6885,group-row-1742,train,train
row-1743,CWE-20,net,bceaa90240b6019ed73b49965eac7d167610be69,CVE-2013-7263,group-row-1743,train,test
row-1744,CWE-20,net,bceaa90240b6019ed73b49965eac7d167610be69,CVE-2013-7263,group-row-1743,train,test
row-1745,CWE-20,net,bceaa90240b6019ed73b49965eac7d167610be69,CVE-2013-7263,group-row-1743,train,test
row-1746,CWE-20,net,bceaa90240b6019ed73b49965eac7d167610be69,CVE-2013-7263,group-row-1743,train,test
row-1747,CWE-20,net,bceaa90240b6019ed73b49965eac7d167610be69,CVE-2013-7263,group-row-1743,train,test
row-1748,CWE-20,net,bceaa90240b6019ed73b49965eac7d167610be69,CVE-2013-7263,group-row-1743,train,test
row-1749,CWE-20,net,bceaa90240b6019ed73b49965eac7d167610be69,CVE-2013-7263,group-row-1743,train,test
row-1750,CWE-20,net,bceaa90240b6019ed73b49965eac7d167610be69,CVE-2013-7263,group-row-1743,train,test
row-1751,CWE-20,net,85fbaa75037d0b6b786ff18658ddf0b4014ce2a4,CVE-2013-7263,group-row-1743,train,test
row-1752,CWE-20,net,85fbaa75037d0b6b786ff18658ddf0b4014ce2a4,CVE-2013-7263,group-row-1743,train,test
row-1753,CWE-20,net,85fbaa75037d0b6b786ff18658ddf0b4014ce2a4,CVE-2013-7263,group-row-1743,train,test
row-1754,CWE-20,net,85fbaa75037d0b6b786ff18658ddf0b4014ce2a4,CVE-2013-7263,group-row-1743,train,test
row-1755,CWE-20,net,85fbaa75037d0b6b786ff18658ddf0b4014ce2a4,CVE-2013-7263,group-row-1743,train,test
row-1756,CWE-20,net,85fbaa75037d0b6b786ff18658ddf0b4014ce2a4,CVE-2013-7263,group-row-1743,train,test
row-1757,CWE-20,net,85fbaa75037d0b6b786ff18658ddf0b4014ce2a4,CVE-2013-7263,group-row-1743,train,test
row-1758,CWE-20,net,85fbaa75037d0b6b786ff18658ddf0b4014ce2a4,CVE-2013-7263,group-row-1743,train,test
row-1759,CWE-20,net,85fbaa75037d0b6b786ff18658ddf0b4014ce2a4,CVE-2013-7263,group-row-1743,train,test
row-1760,CWE-20,net,85fbaa75037d0b6b786ff18658ddf0b4014ce2a4,CVE-2013-7263,group-row-1743,train,test
row-1761,CWE-119,php-src,c1224573c773b6845e83505f717fbf820fc18415,CVE-2013-6420,group-row-1761,validation,train
row-1762,CWE-20,samba,f62683956a3b182f6a61cc7a2b4ada2e74cde243,CVE-2012-6150,group-row-1762,train,train
row-1788,CWE-119,gnumeric,b5480b69345b3c6d56ee0ed9c9e9880bb2a08cdc,CVE-2013-6836,group-row-1788,train,train
row-1794,CWE-20,mongo,6889d1658136c753998b4a408dc8d1a3ec28e3b9,CVE-2012-6619,group-row-1794,validation,train
row-1795,CWE-20,mongo,6889d1658136c753998b4a408dc8d1a3ec28e3b9,CVE-2012-6619,group-row-1794,validation,train
row-1797,CWE-20,mongo,f9817a6cf64bdba8e1e1cef30a798110df746b58,CVE-2012-6619,group-row-1794,validation,train
row-1798,CWE-20,mongo,f9817a6cf64bdba8e1e1cef30a798110df746b58,CVE-2012-6619,group-row-1794,validation,train
row-1799,CWE-20,mongo,f9817a6cf64bdba8e1e1cef30a798110df746b58,CVE-2012-6619,group-row-1794,validation,train
row-1800,CWE-20,mongo,f9817a6cf64bdba8e1e1cef30a798110df746b58,CVE-2012-6619,group-row-1794,validation,train
row-1801,CWE-20,mongo,f9817a6cf64bdba8e1e1cef30a798110df746b58,CVE-2012-6619,group-row-1794,validation,train
row-1802,CWE-20,mongo,f9817a6cf64bdba8e1e1cef30a798110df746b58,CVE-2012-6619,group-row-1794,validation,train
row-1803,CWE-20,mongo,f9817a6cf64bdba8e1e1cef30a798110df746b58,CVE-2012-6619,group-row-1794,validation,train
row-1804,CWE-119,memcached,fbe823d9a61b5149cd6e3b5e17bd28dd3b8dd760,CVE-2013-7291,group-row-1804,train,train
row-1805,CWE-119,memcached,fbe823d9a61b5149cd6e3b5e17bd28dd3b8dd760,CVE-2013-7291,group-row-1804,train,train
row-1806,CWE-20,libreswan,2899351224fe2940aec37d7656e1e392c0fe07f0,CVE-2013-7294,group-row-1806,train,train
row-1807,CWE-20,libreswan,2899351224fe2940aec37d7656e1e392c0fe07f0,CVE-2013-7294,group-row-1806,train,train
row-1808,CWE-20,libreswan,2899351224fe2940aec37d7656e1e392c0fe07f0,CVE-2013-7294,group-row-1806,train,train
row-1809,CWE-20,libreswan,2899351224fe2940aec37d7656e1e392c0fe07f0,CVE-2013-7294,group-row-1806,train,train
row-1810,CWE-20,libreswan,2899351224fe2940aec37d7656e1e392c0fe07f0,CVE-2013-7294,group-row-1806,train,train
row-1811,CWE-20,libreswan,2899351224fe2940aec37d7656e1e392c0fe07f0,CVE-2013-7294,group-row-1806,train,train
row-1812,CWE-399,cxxtools,142bb2589dc184709857c08c1e10570947c444e3,CVE-2013-7298,group-row-1812,train,train
row-1813,CWE-399,cxxtools,142bb2589dc184709857c08c1e10570947c444e3,CVE-2013-7298,group-row-1812,train,train
row-1814,CWE-200,tntnet,9bd3b14042e12d84f39ea9f55731705ba516f525,CVE-2013-7299,group-row-1814,train,train
row-1815,CWE-200,tntnet,9bd3b14042e12d84f39ea9f55731705ba516f525,CVE-2013-7299,group-row-1814,train,train
row-1816,CWE-200,tntnet,9d1a859e28b78bfbf769689454b529ac7709dee4,CVE-2013-7299,group-row-1814,train,train
row-1817,CWE-119,mupdf,60dabde18d7fe12b19da8b509bdfee9cc886aafc,CVE-2014-2013,group-row-1817,train,test
row-1818,CWE-119,mupdf,60dabde18d7fe12b19da8b509bdfee9cc886aafc,CVE-2014-2013,group-row-1817,train,test
row-1819,CWE-119,mupdf,60dabde18d7fe12b19da8b509bdfee9cc886aafc,CVE-2014-2013,group-row-1817,train,test
row-1820,CWE-119,mupdf,60dabde18d7fe12b19da8b509bdfee9cc886aafc,CVE-2014-2013,group-row-1817,train,test
row-1821,CWE-119,mupdf,60dabde18d7fe12b19da8b509bdfee9cc886aafc,CVE-2014-2013,group-row-1817,train,test
row-1822,CWE-119,php-src,37da90248deb2188e8ee50e4753ad6340679b425,CVE-2009-0689,group-row-1822,validation,train
row-1823,CWE-401,passenger,94428057c602da3d6d34ef75c78091066ecac5c0,,group-row-1823,train,train
row-1824,CWE-401,passenger,94428057c602da3d6d34ef75c78091066ecac5c0,,group-row-1823,train,train
row-1825,CWE-401,passenger,94428057c602da3d6d34ef75c78091066ecac5c0,,group-row-1823,train,train
row-1826,CWE-119,mumble,850649234d11685145193a59d72d98429e4f9ba7,CVE-2014-0044,group-row-1826,train,test
row-1827,CWE-189,mumble,d3be3d7b96a5130e4b20f23e327b040ea4d0b079,CVE-2014-0045,group-row-1827,train,train
row-1838,CWE-189,php-src,8f4a5373bb71590352fd934028d6dde5bc18530b,CVE-2013-7226,group-row-1838,validation,train
row-1846,CWE-189,php-src,af09d8b96a8aacdd7d738fec81b695c1c58368f7,CVE-2013-7226,group-row-1838,validation,train
row-1847,CWE-264,postgres,fea164a72a7bfd50d77ba5fb418d357f8f2bb7d0,CVE-2014-0060,group-row-1847,train,validation
row-1848,CWE-264,postgres,fea164a72a7bfd50d77ba5fb418d357f8f2bb7d0,CVE-2014-0060,group-row-1847,train,validation
row-1849,CWE-264,postgres,fea164a72a7bfd50d77ba5fb418d357f8f2bb7d0,CVE-2014-0060,group-row-1847,train,validation
row-1850,CWE-264,postgres,537cbd35c893e67a63c59bc636c3e888bd228bc7,CVE-2014-0061,group-row-1850,train,train
row-1851,CWE-264,postgres,537cbd35c893e67a63c59bc636c3e888bd228bc7,CVE-2014-0061,group-row-1850,train,train
row-1852,CWE-264,postgres,537cbd35c893e67a63c59bc636c3e888bd228bc7,CVE-2014-0061,group-row-1850,train,train
row-1853,CWE-264,postgres,537cbd35c893e67a63c59bc636c3e888bd228bc7,CVE-2014-0061,group-row-1850,train,train
row-1854,CWE-264,postgres,537cbd35c893e67a63c59bc636c3e888bd228bc7,CVE-2014-0061,group-row-1850,train,train
row-1855,CWE-264,postgres,537cbd35c893e67a63c59bc636c3e888bd228bc7,CVE-2014-0061,group-row-1850,train,train
row-1856,CWE-264,postgres,537cbd35c893e67a63c59bc636c3e888bd228bc7,CVE-2014-0061,group-row-1850,train,train
row-1857,CWE-264,postgres,537cbd35c893e67a63c59bc636c3e888bd228bc7,CVE-2014-0061,group-row-1850,train,train
row-1904,CWE-119,postgres,01824385aead50e557ca1af28640460fa9877d51,CVE-2014-0065,group-row-1904,train,test
row-1905,CWE-119,postgres,01824385aead50e557ca1af28640460fa9877d51,CVE-2014-0065,group-row-1904,train,test
row-1906,CWE-119,postgres,01824385aead50e557ca1af28640460fa9877d51,CVE-2014-0065,group-row-1904,train,test
row-1907,CWE-119,postgres,01824385aead50e557ca1af28640460fa9877d51,CVE-2014-0065,group-row-1904,train,test
row-1908,CWE-119,postgres,01824385aead50e557ca1af28640460fa9877d51,CVE-2014-0065,group-row-1904,train,test
row-1909,CWE-119,postgres,01824385aead50e557ca1af28640460fa9877d51,CVE-2014-0065,group-row-1904,train,test
row-1910,CWE-119,postgres,01824385aead50e557ca1af28640460fa9877d51,CVE-2014-0065,group-row-1904,train,test
row-1911,CWE-119,postgres,01824385aead50e557ca1af28640460fa9877d51,CVE-2014-0065,group-row-1904,train,test
row-1912,CWE-119,postgres,01824385aead50e557ca1af28640460fa9877d51,CVE-2014-0065,group-row-1904,train,test
row-1913,CWE-119,postgres,01824385aead50e557ca1af28640460fa9877d51,CVE-2014-0065,group-row-1904,train,test
row-1914,CWE-119,postgres,01824385aead50e557ca1af28640460fa9877d51,CVE-2014-0065,group-row-1904,train,test
row-1915,CWE-119,postgres,01824385aead50e557ca1af28640460fa9877d51,CVE-2014-0065,group-row-1904,train,test
row-1916,CWE-119,postgres,01824385aead50e557ca1af28640460fa9877d51,CVE-2014-0065,group-row-1904,train,test
row-1917,CWE-119,postgres,01824385aead50e557ca1af28640460fa9877d51,CVE-2014-0065,group-row-1904,train,test
row-1918,CWE-119,postgres,01824385aead50e557ca1af28640460fa9877d51,CVE-2014-0065,group-row-1904,train,test
row-1919,CWE-119,postgres,01824385aead50e557ca1af28640460fa9877d51,CVE-2014-0065,group-row-1904,train,test
row-1920,CWE-119,postgres,01824385aead50e557ca1af28640460fa9877d51,CVE-2014-0065,group-row-1904,train,test
row-1921,CWE-119,postgres,01824385aead50e557ca1af28640460fa9877d51,CVE-2014-0065,group-row-1904,train,test
row-1922,CWE-119,postgres,01824385aead50e557ca1af28640460fa9877d51,CVE-2014-0065,group-row-1904,train,test
row-1923,CWE-119,postgres,01824385aead50e557ca1af28640460fa9877d51,CVE-2014-0065,group-row-1904,train,test
row-1937,CWE-119,qemu,98f93ddd84800f207889491e0b5d851386b459cf,CVE-2013-4149,group-row-1937,train,train
row-1938,CWE-119,qemu,eea750a5623ddac7a61982eec8f1c93481857578,CVE-2013-4150,group-row-1938,train,train
row-1940,CWE-119,qemu,d2ef4b61fe6d33d2a5dcf100a9b9440de341ad62,CVE-2013-4531,group-row-1940,train,train
row-1942,CWE-119,qemu,3c3ce981423e0d6c18af82ee62f1850c2cda5976,CVE-2013-4542,group-row-1942,train,train
row-1943,CWE-119,qemu,9f8e9895c504149d7048e9fc5eb5cbb34b16e49a,CVE-2013-4541,group-row-1943,train,train
row-1944,CWE-119,qemu,5193be3be35f29a35bc465036cd64ad60d43385f,CVE-2013-4539,group-row-1944,train,train
row-1945,CWE-119,qemu,ead7a57df37d2187813a121308213f41591bd811,CVE-2013-4538,group-row-1945,train,train
row-1947,CWE-20,qemu,36cf2a37132c7f01fa9adb5f95f5312b27742fd4,CVE-2013-4535,group-row-1947,train,train
row-1948,CWE-119,qemu,caa881abe0e01f9931125a0977ec33c5343e4aa7,CVE-2013-4533,group-row-1948,train,test
row-1949,CWE-119,qemu,73d963c0a75cb99c6aaa3f6f25e427aa0b35a02e,CVE-2013-4534,group-row-1949,train,train
row-1950,CWE-119,qemu,73d963c0a75cb99c6aaa3f6f25e427aa0b35a02e,CVE-2013-4534,group-row-1949,train,train
row-1953,CWE-264,gnutls,c8dcbedd1fdc312f5b1a70fcfbc1afe235d800cd,CVE-2009-5138,group-row-1953,test,train
row-1972,CWE-119,file,447558595a3650db2886cd2f416ad0beba965801,CVE-2014-2270,group-row-1972,validation,test
row-1973,CWE-119,php-src,a33759fd275b32ed0bbe89796fe2953b3cb0b41f,CVE-2014-2270,group-row-1972,validation,test
row-1974,CWE-119,net,c88507fbad8055297c1d1e21e599f46960cbee39,CVE-2014-2309,group-row-1974,train,validation
row-1984,CWE-476,php-src,cf4753691dc55999373d1c576f62ecb298723420,CVE-2014-2497,group-row-1984,validation,train
row-1985,CWE-20,linux,b22f5126a24b3b2f15448c3f2a254fc10cbc2b92,,group-row-1985,train,test
row-1986,CWE-20,linux,b22f5126a24b3b2f15448c3f2a254fc10cbc2b92,,group-row-1985,train,test
row-1987,CWE-20,linux,b22f5126a24b3b2f15448c3f2a254fc10cbc2b92,,group-row-1985,train,test
row-1988,CWE-369,qemu,9302e863aa8baa5d932fc078967050c055fa1a7f,CVE-2014-0142,group-row-1988,train,train
row-1989,CWE-369,qemu,8e53abbc20d08ae3ec30c2054e1161314ad9501d,CVE-2014-0142,group-row-1988,train,train
row-1990,CWE-835,qemu,1d7678dec4761acdc43439da6ceda41a703ba1a6,CVE-2014-0148,group-row-1990,train,train
row-1991,CWE-476,qemu,11b128f4062dd7f89b14abc8877ff20d41b28be9,CVE-2014-0146,group-row-1991,train,train
row-1992,CWE-190,qemu,b106ad9185f35fc4ad669555ad0e79e276083bd7,CVE-2014-0147,group-row-1992,train,validation
row-1993,CWE-190,qemu,b106ad9185f35fc4ad669555ad0e79e276083bd7,CVE-2014-0147,group-row-1992,train,validation
row-1994,CWE-190,qemu,b106ad9185f35fc4ad669555ad0e79e276083bd7,CVE-2014-0147,group-row-1992,train,validation
row-1995,CWE-190,qemu,b106ad9185f35fc4ad669555ad0e79e276083bd7,CVE-2014-0147,group-row-1992,train,validation
row-1996,CWE-190,qemu,246f65838d19db6db55bfb41117c35645a2c4789,CVE-2014-0147,group-row-1992,train,validation
row-1997,CWE-190,qemu,246f65838d19db6db55bfb41117c35645a2c4789,CVE-2014-0147,group-row-1992,train,validation
row-1998,CWE-119,qemu,c05e4667be91b46ab42b5a11babf8e84d476cc6b,CVE-2014-0145,group-row-1998,train,train
row-1999,CWE-119,qemu,f0dce23475b5af5da6b17b97c1765271307734b6,CVE-2014-0145,group-row-1998,train,train
row-2000,CWE-119,qemu,c165f7758009a4f793c1fc19ebb69cf55313450b,CVE-2014-0145,group-row-1998,train,train
row-2001,CWE-416,net,36d5fe6a000790f56039afe26834265db0a3ad4c,CVE-2014-2568,group-row-2001,train,train
row-2002,CWE-416,net,36d5fe6a000790f56039afe26834265db0a3ad4c,CVE-2014-2568,group-row-2001,train,train
row-2003,CWE-416,net,36d5fe6a000790f56039afe26834265db0a3ad4c,CVE-2014-2568,group-row-2001,train,train
row-2004,CWE-190,qemu,afbcc40bee4ef51731102d7d4b499ee12fc182e1,CVE-2014-0143,group-row-2004,train,train
row-2005,CWE-190,qemu,6a83f8b5bec6f59e56cc49bd49e4c3f8f805d56f,CVE-2014-0143,group-row-2004,train,train
row-2006,CWE-190,qemu,6a83f8b5bec6f59e56cc49bd49e4c3f8f805d56f,CVE-2014-0143,group-row-2004,train,train
row-2007,CWE-190,qemu,8f4754ede56e3f9ea3fd7207f4a7c4453e59285b,CVE-2014-0143,group-row-2004,train,train
row-2008,CWE-190,qemu,cab60de930684c33f67d4e32c7509b567f8c445b,CVE-2014-0143,group-row-2004,train,train
row-2009,CWE-190,qemu,db8a31d11d6a60f48d6817530640d75aa72a9a2f,CVE-2014-0143,group-row-2004,train,train
row-2010,CWE-190,qemu,e3737b820b45e54b059656dc3f914f895ac7a88b,CVE-2014-0143,group-row-2004,train,train
row-2011,CWE-190,qemu,509a41bab5306181044b5fff02eadf96d9c8676a,CVE-2014-0143,group-row-2004,train,train
row-2015,CWE-20,qemu,2d51c32c4b511db8bb9e58208f1e2c25e4c06c85,CVE-2014-0144,group-row-2015,train,train
row-2016,CWE-20,qemu,ce48f2f441ca98885267af6fd636a7cb804ee646,CVE-2014-0144,group-row-2015,train,train
row-2017,CWE-20,qemu,ce48f2f441ca98885267af6fd636a7cb804ee646,CVE-2014-0144,group-row-2015,train,train
row-2018,CWE-20,qemu,5dab2faddc8eaa1fb1abdbe2f502001fc13a1b21,CVE-2014-0144,group-row-2015,train,train
row-2019,CWE-20,qemu,5dab2faddc8eaa1fb1abdbe2f502001fc13a1b21,CVE-2014-0144,group-row-2015,train,train
row-2020,CWE-20,qemu,a1b3955c9415b1e767c130a2f59fee6aa28e575b,CVE-2014-0144,group-row-2015,train,train
row-2021,CWE-20,qemu,24342f2cae47d03911e346fe1e520b00dc2818e0,CVE-2014-0144,group-row-2015,train,train
row-2022,CWE-20,qemu,6d4b9e55fc625514a38d27cff4b9933f617fa7dc,CVE-2014-0144,group-row-2015,train,train
row-2023,CWE-20,qemu,63fa06dc978f3669dbfd9443b33cde9e2a7f4b41,CVE-2014-0144,group-row-2015,train,train
row-2024,CWE-20,qemu,63fa06dc978f3669dbfd9443b33cde9e2a7f4b41,CVE-2014-0144,group-row-2015,train,train
row-2025,CWE-20,qemu,97f1c45c6f456572e5b504b8614e4a69e23b8e3a,CVE-2014-0144,group-row-2015,train,train
row-2026,CWE-20,qemu,97f1c45c6f456572e5b504b8614e4a69e23b8e3a,CVE-2014-0144,group-row-2015,train,train
row-2027,CWE-20,qemu,f56b9bc3ae20fc93815b34aa022be919941406ce,CVE-2014-0144,group-row-2015,train,train
row-2028,CWE-20,qemu,7b103b36d6ef3b11827c203d3a793bf7da50ecd6,CVE-2014-0144,group-row-2015,train,train
row-2029,CWE-20,qemu,d65f97a82c4ed48374a764c769d4ba1ea9724e97,CVE-2014-0144,group-row-2015,train,train
row-2030,CWE-399,net-next,e9d8b2c2968499c1f96563e6522c56958d5a1d0d,CVE-2014-2580,group-row-2030,train,validation
row-2031,CWE-399,net-next,e9d8b2c2968499c1f96563e6522c56958d5a1d0d,CVE-2014-2580,group-row-2030,train,validation
row-2032,CWE-399,net-next,e9d8b2c2968499c1f96563e6522c56958d5a1d0d,CVE-2014-2580,group-row-2030,train,validation
row-2033,CWE-399,net-next,e9d8b2c2968499c1f96563e6522c56958d5a1d0d,CVE-2014-2580,group-row-2030,train,validation
row-2034,CWE-399,net-next,e9d8b2c2968499c1f96563e6522c56958d5a1d0d,CVE-2014-2580,group-row-2030,train,validation
row-2035,CWE-22,linux-pam,9dcead87e6d7f66d34e7a56d11a30daca367dffb,CVE-2014-2583,group-row-2035,train,train
row-2036,CWE-22,linux-pam,9dcead87e6d7f66d34e7a56d11a30daca367dffb,CVE-2014-2583,group-row-2035,train,train
row-2037,CWE-20,openssh-portable,7d6a9fb660c808882d064e152d6070ffc3844c3f,CVE-2014-2653,group-row-2037,train,train
row-2038,CWE-20,kvm,5678de3f15010b9022ee45673f33bcfc71d47b60,CVE-2014-0155,group-row-2038,train,train
row-2041,CWE-20,linux,621b5060e823301d0cba4cb52a7ee3491922d291,,group-row-2041,train,train
row-2043,CWE-399,linux,d558023207e008a4476a3b7bb8706b2a2bf5d84f,,group-row-2043,train,train
row-2044,CWE-476,net-next,bf39b4247b8799935ea91d90db250ab608a58e50,CVE-2014-2678,group-row-2044,train,test
row-2045,CWE-416,net,b04c46190219a4f845e46a459e3102137b7f6cac,CVE-2014-2851,group-row-2045,train,test
row-2046,CWE-20,rsync,0dedfbce2c1b851684ba658861fe9d620636c56a,CVE-2014-2855,group-row-2046,train,test
row-2047,CWE-189,qemu,940973ae0b45c9b6817bab8e4cf4df99a9ef83d7,CVE-2014-2894,group-row-2047,train,test
row-2048,CWE-119,qemu,a890a2f9137ac3cf5b607649e66a6f3a5512d8dc,CVE-2014-0182,group-row-2048,train,train
row-2058,CWE-264,net,90f62cf30a78721641e08737bda787552428061e,CVE-2014-0181,group-row-2058,train,train
row-2059,CWE-264,net,90f62cf30a78721641e08737bda787552428061e,CVE-2014-0181,group-row-2058,train,train
row-2060,CWE-264,net,90f62cf30a78721641e08737bda787552428061e,CVE-2014-0181,group-row-2058,train,train
row-2061,CWE-264,net,90f62cf30a78721641e08737bda787552428061e,CVE-2014-0181,group-row-2058,train,train
row-2062,CWE-264,net,90f62cf30a78721641e08737bda787552428061e,CVE-2014-0181,group-row-2058,train,train
row-2063,CWE-264,net,90f62cf30a78721641e08737bda787552428061e,CVE-2014-0181,group-row-2058,train,train
row-2064,CWE-264,net,90f62cf30a78721641e08737bda787552428061e,CVE-2014-0181,group-row-2058,train,train
row-2065,CWE-264,net,90f62cf30a78721641e08737bda787552428061e,CVE-2014-0181,group-row-2058,train,train
row-2066,CWE-264,net,90f62cf30a78721641e08737bda787552428061e,CVE-2014-0181,group-row-2058,train,train
row-2067,CWE-264,net,90f62cf30a78721641e08737bda787552428061e,CVE-2014-0181,group-row-2058,train,train
row-2068,CWE-264,net,90f62cf30a78721641e08737bda787552428061e,CVE-2014-0181,group-row-2058,train,train
row-2069,CWE-264,net,90f62cf30a78721641e08737bda787552428061e,CVE-2014-0181,group-row-2058,train,train
row-2070,CWE-264,net,90f62cf30a78721641e08737bda787552428061e,CVE-2014-0181,group-row-2058,train,train
row-2071,CWE-264,net,90f62cf30a78721641e08737bda787552428061e,CVE-2014-0181,group-row-2058,train,train
row-2072,CWE-264,net,90f62cf30a78721641e08737bda787552428061e,CVE-2014-0181,group-row-2058,train,train
row-2073,CWE-264,net,90f62cf30a78721641e08737bda787552428061e,CVE-2014-0181,group-row-2058,train,train
row-2074,CWE-264,net,90f62cf30a78721641e08737bda787552428061e,CVE-2014-0181,group-row-2058,train,train
row-2075,CWE-264,net,90f62cf30a78721641e08737bda787552428061e,CVE-2014-0181,group-row-2058,train,train
row-2076,CWE-264,net,90f62cf30a78721641e08737bda787552428061e,CVE-2014-0181,group-row-2058,train,train
row-2077,CWE-264,net,90f62cf30a78721641e08737bda787552428061e,CVE-2014-0181,group-row-2058,train,train
row-2078,CWE-264,net,90f62cf30a78721641e08737bda787552428061e,CVE-2014-0181,group-row-2058,train,train
row-2079,CWE-264,net,90f62cf30a78721641e08737bda787552428061e,CVE-2014-0181,group-row-2058,train,train
row-2080,CWE-264,net,90f62cf30a78721641e08737bda787552428061e,CVE-2014-0181,group-row-2058,train,train
row-2081,CWE-264,net,90f62cf30a78721641e08737bda787552428061e,CVE-2014-0181,group-row-2058,train,train
row-2082,CWE-264,net,90f62cf30a78721641e08737bda787552428061e,CVE-2014-0181,group-row-2058,train,train
row-2083,CWE-264,net,90f62cf30a78721641e08737bda787552428061e,CVE-2014-0181,group-row-2058,train,train
row-2084,CWE-264,net,90f62cf30a78721641e08737bda787552428061e,CVE-2014-0181,group-row-2058,train,train
row-2085,CWE-264,net,90f62cf30a78721641e08737bda787552428061e,CVE-2014-0181,group-row-2058,train,train
row-2086,CWE-264,net,90f62cf30a78721641e08737bda787552428061e,CVE-2014-0181,group-row-2058,train,train
row-2087,CWE-264,net,90f62cf30a78721641e08737bda787552428061e,CVE-2014-0181,group-row-2058,train,train
row-2097,CWE-200,linux,edfbbf388f293d70bf4b7c0bc38774d05e6f711a,,group-row-2097,train,train
row-2100,CWE-264,linux,259e5e6c75a910f3b5e656151dc602f53f9d7548,CVE-2014-3215,group-row-2100,train,train
row-2101,CWE-264,linux,259e5e6c75a910f3b5e656151dc602f53f9d7548,CVE-2014-3215,group-row-2100,train,train
row-2102,CWE-264,linux,259e5e6c75a910f3b5e656151dc602f53f9d7548,CVE-2014-3215,group-row-2100,train,train
row-2103,CWE-264,linux,259e5e6c75a910f3b5e656151dc602f53f9d7548,CVE-2014-3215,group-row-2100,train,train
row-2104,CWE-264,linux,259e5e6c75a910f3b5e656151dc602f53f9d7548,CVE-2014-3215,group-row-2100,train,train
row-2105,CWE-264,linux,259e5e6c75a910f3b5e656151dc602f53f9d7548,CVE-2014-3215,group-row-2100,train,train
row-2106,CWE-264,linux,7b0d0b40cd78cadb525df760ee4cac151533c2b5,CVE-2014-3215,group-row-2100,train,train
row-2107,CWE-20,samba,d77a74237e660dd2ce9f1e14b02635f8a2569653,CVE-2014-0244,group-row-2107,train,validation
row-2109,CWE-399,file,b8acc83781d5a24cc5101e525d15efe0482c280d,,group-row-2109,validation,train
row-2110,CWE-264,sssd,0b6b4b7669b46d3d0b0ebefbc0e1621965444717,CVE-2014-0249,group-row-2110,train,train
row-2111,CWE-264,sssd,4da27d52078497c5c095f4a4cd9975fe5c83c330,CVE-2014-0249,group-row-2110,train,train
row-2112,CWE-264,sssd,191d7f7ce3de10d9e19eaa0a6ab3319bcd4ca95d,CVE-2014-0249,group-row-2110,train,train
row-2113,CWE-264,mod_wsgi,d9d5fea585b23991f76532a9b07de7fcd3b649f4,CVE-2014-0240,group-row-2113,train,test
row-2114,CWE-200,mod_wsgi,b0a149c1f5e569932325972e2e20176a42e43517,CVE-2014-0242,group-row-2114,train,train
row-2115,CWE-20,samba,392ec4d241eb19c812cd49ff73bd32b2b09d8533,CVE-2014-0239,group-row-2115,train,train
row-2132,CWE-476,libtasn1,3d6a02f19ff15a38dae9686033e37499b3968256,CVE-2014-3469,group-row-2132,train,train
row-2133,CWE-476,libtasn1,53958290ab731c8486531a3bdef54a933533579d,CVE-2014-3469,group-row-2132,train,train
row-2134,CWE-476,libtasn1,53958290ab731c8486531a3bdef54a933533579d,CVE-2014-3469,group-row-2132,train,train
row-2135,CWE-476,libtasn1,53958290ab731c8486531a3bdef54a933533579d,CVE-2014-3469,group-row-2132,train,train
row-2136,CWE-476,libtasn1,53958290ab731c8486531a3bdef54a933533579d,CVE-2014-3469,group-row-2132,train,train
row-2145,CWE-20,file,40bade80cbe2af1d0b2cd0420cebd5d5905a2382,,group-row-2145,validation,train
row-2148,CWE-119,php-src,e77659a8c87272e5061738a31430d2111482c426,CVE-2014-3478,group-row-2148,validation,train
row-2150,CWE-20,file,93e063ee374b6a75729df9e7201fb511e47e259d,,group-row-2150,validation,train
row-2151,CWE-20,php-src,25b1dc917a53787dbb2532721ca22f3f36eb13c0,CVE-2014-3487,group-row-2150,validation,train
row-2166,CWE-20,linux,206204a1162b995e2185275167b22468c00d6b36,,group-row-2166,train,train
row-2167,CWE-20,lz4,da5373197e84ee49d75b8334d4510689731d6e90,CVE-2014-4611,group-row-2167,train,train
row-2168,CWE-20,lz4,da5373197e84ee49d75b8334d4510689731d6e90,CVE-2014-4611,group-row-2167,train,train
row-2169,CWE-20,lz4,da5373197e84ee49d75b8334d4510689731d6e90,CVE-2014-4611,group-row-2167,train,train
row-2170,CWE-20,lz4,da5373197e84ee49d75b8334d4510689731d6e90,CVE-2014-4611,group-row-2167,train,train
row-2171,CWE-20,lz4,da5373197e84ee49d75b8334d4510689731d6e90,CVE-2014-4611,group-row-2167,train,train
row-2172,CWE-20,lz4,da5373197e84ee49d75b8334d4510689731d6e90,CVE-2014-4611,group-row-2167,train,train
row-2173,CWE-20,lz4,da5373197e84ee49d75b8334d4510689731d6e90,CVE-2014-4611,group-row-2167,train,train
row-2174,CWE-190,FFmpeg,d6af26c55c1ea30f85a7d9edbc373f53be1743ee,CVE-2014-4610,group-row-2174,test,train
row-2175,CWE-190,FFmpeg,cf2b7c01f81c1fb3283a1390c0ca9a2f81f4f4a8,CVE-2014-4610,group-row-2174,test,train
row-2176,CWE-190,FFmpeg,cf2b7c01f81c1fb3283a1390c0ca9a2f81f4f4a8,CVE-2014-4610,group-row-2174,test,train
row-2177,CWE-20,gnupg,11fdfcf82bd8d2b5bc38292a29876e10770f4b0a,CVE-2014-4617,group-row-2177,train,train
row-2179,CWE-20,gnupg,014b2103fcb12f261135e3954f26e9e07b39e342,CVE-2014-4617,group-row-2177,train,train
row-2185,CWE-125,krb5,fb99962cbd063ac04c9a9d2cc7c75eab73f3533d,CVE-2014-4341,group-row-2185,test,train
row-2186,CWE-125,krb5,fb99962cbd063ac04c9a9d2cc7c75eab73f3533d,CVE-2014-4341,group-row-2185,test,train
row-2187,CWE-200,php-src,3804c0d00fa6e629173fb1c8c61f8f88d5fe39b9,CVE-2014-4721,group-row-2187,validation,train
row-2188,CWE-59,rawstudio,9c2cd3c93c05d009a91d84eedbb85873b0cb505d,CVE-2014-4978,group-row-2188,train,test
row-2191,CWE-415,krb5,f18ddf5d82de0ab7591a36e465bc24225776940f,,group-row-2191,test,train
row-2192,CWE-476,krb5,524688ce87a15fc75f87efc8c039ba4c7d5c197b,,group-row-2192,test,validation
row-2193,CWE-189,exim,7685ce68148a083d7759e78d01aa5198fc099c44,CVE-2014-2972,group-row-2193,train,train
row-2194,CWE-189,exim,7685ce68148a083d7759e78d01aa5198fc099c44,CVE-2014-2972,group-row-2193,train,train
row-2195,CWE-189,exim,7685ce68148a083d7759e78d01aa5198fc099c44,CVE-2014-2972,group-row-2193,train,train
row-2196,CWE-476,net,1be9a950c646c9092fb3618197f7b6bfb50e82aa,CVE-2014-5077,group-row-2196,train,train
row-2198,CWE-200,libgcrypt,62e8e1283268f1d3b6d0cfb2fc4e7835bbcdaab6,CVE-2014-5270,group-row-2198,train,train
row-2210,CWE-20,php-src,1daa4c0090b7cd8178dcaa96287234c69ac6ca18,CVE-2014-5120,group-row-2210,validation,train
row-2272,CWE-200,qemu,c1b886c45dc70f247300f549dce9833f3fa2def5,CVE-2014-3615,group-row-2272,train,train
row-2273,CWE-200,qemu,ab9509cceabef28071e41bdfa073083859c949a7,CVE-2014-3615,group-row-2272,train,train
row-2274,CWE-200,qemu,ab9509cceabef28071e41bdfa073083859c949a7,CVE-2014-3615,group-row-2272,train,train
row-2275,CWE-200,qemu,ab9509cceabef28071e41bdfa073083859c949a7,CVE-2014-3615,group-row-2272,train,train
row-2276,CWE-22,wget,18b0979357ed7dc4e11d4f2b1d7e0f5932d82aa7,CVE-2014-4877,group-row-2276,test,validation
row-2277,CWE-22,wget,69c45cba4382fcaabe3d86876bd5463dc34f442c,CVE-2014-4877,group-row-2276,test,validation
row-2278,CWE-399,linux,95389b08d93d5c06ec63ab49bd732b0069b7c35e,,group-row-2278,train,validation
row-2284,CWE-189,libvncserver,045a044e8ae79db9244593fbce154cdf6e843273,CVE-2014-6051,group-row-2284,test,validation
row-2285,CWE-20,libvncserver,85a778c0e45e87e35ee7199f1f25020648e8b812,CVE-2014-6052,group-row-2285,test,train
row-2286,CWE-20,libvncserver,85a778c0e45e87e35ee7199f1f25020648e8b812,CVE-2014-6052,group-row-2285,test,train
row-2288,CWE-189,libvncserver,05a9bd41a8ec0a9d580a8f420f41718bdd235446,CVE-2014-6054,group-row-2288,test,train
row-2289,CWE-189,libevent,7b21c4eabf1f3946d3f63cce1319c490caab8ecf,CVE-2014-6272,group-row-2289,train,train
row-2290,CWE-189,libevent,7b21c4eabf1f3946d3f63cce1319c490caab8ecf,CVE-2014-6272,group-row-2289,train,train
row-2291,CWE-189,libevent,7b21c4eabf1f3946d3f63cce1319c490caab8ecf,CVE-2014-6272,group-row-2289,train,train
row-2292,CWE-189,libevent,20d6d4458bee5d88bda1511c225c25b2d3198d6c,CVE-2014-6272,group-row-2289,train,train
row-2293,CWE-189,libevent,20d6d4458bee5d88bda1511c225c25b2d3198d6c,CVE-2014-6272,group-row-2289,train,train
row-2294,CWE-189,libevent,20d6d4458bee5d88bda1511c225c25b2d3198d6c,CVE-2014-6272,group-row-2289,train,train
row-2295,CWE-189,libevent,20d6d4458bee5d88bda1511c225c25b2d3198d6c,CVE-2014-6272,group-row-2289,train,train
row-2296,CWE-189,libevent,20d6d4458bee5d88bda1511c225c25b2d3198d6c,CVE-2014-6272,group-row-2289,train,train
row-2297,CWE-189,libevent,20d6d4458bee5d88bda1511c225c25b2d3198d6c,CVE-2014-6272,group-row-2289,train,train
row-2298,CWE-189,libevent,20d6d4458bee5d88bda1511c225c25b2d3198d6c,CVE-2014-6272,group-row-2289,train,train
row-2299,CWE-189,libevent,20d6d4458bee5d88bda1511c225c25b2d3198d6c,CVE-2014-6272,group-row-2289,train,train
row-2300,CWE-189,libevent,20d6d4458bee5d88bda1511c225c25b2d3198d6c,CVE-2014-6272,group-row-2289,train,train
row-2301,CWE-189,libevent,20d6d4458bee5d88bda1511c225c25b2d3198d6c,CVE-2014-6272,group-row-2289,train,train
row-2302,CWE-189,libevent,20d6d4458bee5d88bda1511c225c25b2d3198d6c,CVE-2014-6272,group-row-2289,train,train
row-2303,CWE-189,libevent,20d6d4458bee5d88bda1511c225c25b2d3198d6c,CVE-2014-6272,group-row-2289,train,train
row-2304,CWE-189,libevent,20d6d4458bee5d88bda1511c225c25b2d3198d6c,CVE-2014-6272,group-row-2289,train,train
row-2305,CWE-189,libevent,841ecbd96105c84ac2e7c9594aeadbcc6fb38bc4,CVE-2014-6272,group-row-2289,train,train
row-2306,CWE-189,libevent,841ecbd96105c84ac2e7c9594aeadbcc6fb38bc4,CVE-2014-6272,group-row-2289,train,train
row-2307,CWE-189,libevent,841ecbd96105c84ac2e7c9594aeadbcc6fb38bc4,CVE-2014-6272,group-row-2289,train,train
row-2308,CWE-189,libevent,841ecbd96105c84ac2e7c9594aeadbcc6fb38bc4,CVE-2014-6272,group-row-2289,train,train
row-2309,CWE-189,libevent,841ecbd96105c84ac2e7c9594aeadbcc6fb38bc4,CVE-2014-6272,group-row-2289,train,train
row-2310,CWE-189,libevent,841ecbd96105c84ac2e7c9594aeadbcc6fb38bc4,CVE-2014-6272,group-row-2289,train,train
row-2311,CWE-189,libevent,841ecbd96105c84ac2e7c9594aeadbcc6fb38bc4,CVE-2014-6272,group-row-2289,train,train
row-2312,CWE-189,libevent,841ecbd96105c84ac2e7c9594aeadbcc6fb38bc4,CVE-2014-6272,group-row-2289,train,train
row-2313,CWE-189,libevent,841ecbd96105c84ac2e7c9594aeadbcc6fb38bc4,CVE-2014-6272,group-row-2289,train,train
row-2314,CWE-189,libevent,841ecbd96105c84ac2e7c9594aeadbcc6fb38bc4,CVE-2014-6272,group-row-2289,train,train
row-2315,CWE-189,libevent,841ecbd96105c84ac2e7c9594aeadbcc6fb38bc4,CVE-2014-6272,group-row-2289,train,train
row-2316,CWE-189,libevent,841ecbd96105c84ac2e7c9594aeadbcc6fb38bc4,CVE-2014-6272,group-row-2289,train,train
row-2317,CWE-189,libevent,841ecbd96105c84ac2e7c9594aeadbcc6fb38bc4,CVE-2014-6272,group-row-2289,train,train
row-2319,CWE-20,linux,bfd0a56b90005f8c8a004baf407ad90045c2b11e,,group-row-2319,train,train
row-2362,CWE-399,linux,c88547a8119e3b581318ab65e9b72f27f23e641d,,group-row-2362,train,train
row-2363,CWE-200,linux,3d4405226d27b3a215e4d03cfa51f536244e5de7,,group-row-2363,train,test
row-2364,CWE-200,linux,3d4405226d27b3a215e4d03cfa51f536244e5de7,,group-row-2363,train,test
row-2365,CWE-264,torque,f2f4c950f3d461a249111c8826da3beaafccace9,CVE-2014-3684,group-row-2365,train,train
row-2366,CWE-264,torque,f2f4c950f3d461a249111c8826da3beaafccace9,CVE-2014-3684,group-row-2365,train,train
row-2367,CWE-264,torque,f2f4c950f3d461a249111c8826da3beaafccace9,CVE-2014-3684,group-row-2365,train,train
row-2368,CWE-264,torque,967cdc80150690459a47a35a658abeee0ca6e5cb,CVE-2014-3684,group-row-2365,train,train
row-2378,CWE-400,linux,0d0826019e529f21c84687521d03f60cd241ca7d,CVE-2014-7970,group-row-2378,train,train
row-2386,CWE-189,php-src,56754a7f9eba0e4f559b6ca081d9f2a447b3f159,CVE-2014-3669,group-row-2386,validation,train
row-2387,CWE-119,php-src,ddb207e7fa2e9adeba021a1303c3781efda5409b,CVE-2014-3670,group-row-2387,validation,train
row-2388,CWE-119,php-src,88412772d295ebf7dd34409534507dc9bcac726e,CVE-2014-3668,group-row-2388,validation,train
row-2389,CWE-200,curl,b3875606925536f82fc61f3114ac42f29eaf6945,CVE-2014-3707,group-row-2389,train,train
row-2390,CWE-200,curl,b3875606925536f82fc61f3114ac42f29eaf6945,CVE-2014-3707,group-row-2389,train,train
row-2391,CWE-200,curl,b3875606925536f82fc61f3114ac42f29eaf6945,CVE-2014-3707,group-row-2389,train,train
row-2392,CWE-200,curl,b3875606925536f82fc61f3114ac42f29eaf6945,CVE-2014-3707,group-row-2389,train,train
row-2393,CWE-20,file,39c7ac1106be844a5296d3eb5971946cc09ffda0,,group-row-2393,validation,train
row-2400,CWE-399,linux,26b87c7881006311828bb0ab271a551a62dcceb4,,group-row-2400,train,train
row-2401,CWE-399,linux,26b87c7881006311828bb0ab271a551a62dcceb4,,group-row-2400,train,train
row-2402,CWE-125,quassel,8b5ecd226f9208af3074b33d3b7cf5e14f55b138,CVE-2014-8483,group-row-2402,train,train
row-2403,CWE-119,kvm,3d32e4dbe71374a6780eaf51d719d76f9a9bf22f,CVE-2014-8369,group-row-2403,train,validation
row-2404,CWE-119,kvm,3d32e4dbe71374a6780eaf51d719d76f9a9bf22f,CVE-2014-8369,group-row-2403,train,validation
row-2405,CWE-399,kvm,13e457e0eebf0a0c82c38ceb890d93eb826d62a6,CVE-2014-8480,group-row-2405,train,train
row-2406,CWE-399,kvm,a430c9166312e1aa3d80bce32374233bdbfeba32,CVE-2014-8480,group-row-2405,train,train
row-2407,CWE-200,mod_auth_mellon,47a767d5f37d1d3a1c004abbf8bb80d1b7eab328,CVE-2014-8566,group-row-2407,train,train
row-2408,CWE-787,aircrack-ng,ff70494dd389ba570dbdbf36f217c28d4381c6b5,CVE-2014-8321,group-row-2408,train,train
row-2409,CWE-787,aircrack-ng,091b153f294b9b695b0b2831e65936438b550d7b,,group-row-2409,train,train
row-2419,CWE-20,qemu,0be839a2701369f669532ea5884c15bead1c6e08,CVE-2014-7840,group-row-2419,train,train
row-2420,CWE-399,net,e40607cbe270a9e8360907cb1e62ddf0736e4864,CVE-2014-7841,group-row-2420,train,train
row-2426,CWE-20,teeworlds,a766cb44bcffcdb0b88e776d01c5ee1323d44f85,,group-row-2426,train,test
row-2427,CWE-119,flac,5b3033a2b355068c11fe637e14ac742d273f076e,CVE-2014-8962,group-row-2427,train,train
row-2428,CWE-189,jasper,5dbe57e4808bea4b83a97e2f4aaf8c91ab6fdecb,CVE-2014-9029,group-row-2428,train,test
row-2429,CWE-189,jasper,5dbe57e4808bea4b83a97e2f4aaf8c91ab6fdecb,CVE-2014-9029,group-row-2428,train,test
row-2430,CWE-189,jasper,5dbe57e4808bea4b83a97e2f4aaf8c91ab6fdecb,CVE-2014-9029,group-row-2428,train,test
row-2435,CWE-119,flac,fcf0ba06ae12ccd7c67cee3c8d948df15f946b85,CVE-2014-9028,group-row-2435,train,train
row-2436,CWE-119,flac,5a365996d739bdf4711af51d9c2c71c8a5e14660,CVE-2014-9028,group-row-2435,train,train
row-2437,CWE-119,hivex,357f26fa64fd1d9ccac2331fe174a8ee9c607adb,CVE-2014-9273,group-row-2437,train,train
row-2438,CWE-119,hivex,4bbdf555f88baeae0fa804a369a81a83908bd705,CVE-2014-9273,group-row-2437,train,train
row-2442,CWE-20,libyaml,e6aa721cc0e5a48f408c52355559fd36780ba32a,CVE-2014-9130,group-row-2442,train,validation
row-2445,CWE-119,tcpdump,0f95d441e4b5d7512cc5c326c8668a120e048eda,CVE-2014-9140,group-row-2445,train,train
row-2449,CWE-399,file,d7cdad007c507e6c79f51f058dd77fab70ceb9f6,CVE-2014-8116,group-row-2449,validation,train
row-2450,CWE-399,file,90018fe22ff8b74a22fcd142225b0a00f3f12677,CVE-2014-8116,group-row-2449,validation,train
row-2451,CWE-399,file,90018fe22ff8b74a22fcd142225b0a00f3f12677,CVE-2014-8116,group-row-2449,validation,train
row-2452,CWE-399,file,90018fe22ff8b74a22fcd142225b0a00f3f12677,CVE-2014-8116,group-row-2449,validation,train
row-2453,CWE-399,file,90018fe22ff8b74a22fcd142225b0a00f3f12677,CVE-2014-8116,group-row-2449,validation,train
row-2454,CWE-399,file,6bf45271eb8e0e6577b92042ce2003ba998d1686,CVE-2014-8116,group-row-2449,validation,train
row-2466,CWE-119,jasper,c54113d6fa49f8f26d1572e972b806276c5b05d5,CVE-2014-8138,group-row-2466,train,test
row-2467,CWE-476,krb5,d1f707024f1d0af6e54a18885322d70fa15ec4d3,,group-row-2467,test,train
row-2468,CWE-703,krb5,04038bf3633c4b909b5ded3072dc88c8c419bf16,,group-row-2468,test,train
row-2469,CWE-703,krb5,04038bf3633c4b909b5ded3072dc88c8c419bf16,,group-row-2468,test,train
row-2470,CWE-399,file,6f737ddfadb596d7d4a993f7ed2141ffd664a81c,,group-row-2470,validation,train
row-2471,CWE-399,file,ce90e05774dd77d86cfc8dfa6da57b32816841c4,,group-row-2471,validation,test
row-2472,CWE-399,file,ce90e05774dd77d86cfc8dfa6da57b32816841c4,,group-row-2471,validation,test
row-2473,CWE-399,file,ce90e05774dd77d86cfc8dfa6da57b32816841c4,,group-row-2471,validation,test
row-2474,CWE-399,file,ce90e05774dd77d86cfc8dfa6da57b32816841c4,,group-row-2471,validation,test
row-2475,CWE-399,file,ce90e05774dd77d86cfc8dfa6da57b32816841c4,,group-row-2471,validation,test
row-2476,CWE-399,file,ce90e05774dd77d86cfc8dfa6da57b32816841c4,,group-row-2471,validation,test
row-2477,CWE-399,file,ce90e05774dd77d86cfc8dfa6da57b32816841c4,,group-row-2471,validation,test
row-2478,CWE-399,file,ce90e05774dd77d86cfc8dfa6da57b32816841c4,,group-row-2471,validation,test
row-2479,CWE-399,file,ce90e05774dd77d86cfc8dfa6da57b32816841c4,,group-row-2471,validation,test
row-2480,CWE-399,file,ce90e05774dd77d86cfc8dfa6da57b32816841c4,,group-row-2471,validation,test
row-2481,CWE-399,file,65437cee25199dbd385fb35901bc0011e164276c,,group-row-2481,validation,train
row-2495,CWE-399,linux,5b6698b0e4a37053de35cc24ee695b98a7eb712b,,group-row-2495,train,train
row-2497,CWE-119,trafficserver,8b5f0345dade6b2822d9b52c8ad12e63011a5c12,CVE-2014-10022,group-row-2497,train,validation
row-2498,CWE-119,trafficserver,8b5f0345dade6b2822d9b52c8ad12e63011a5c12,CVE-2014-10022,group-row-2497,train,validation
row-2499,CWE-119,trafficserver,8b5f0345dade6b2822d9b52c8ad12e63011a5c12,CVE-2014-10022,group-row-2497,train,validation
row-2500,CWE-119,trafficserver,8b5f0345dade6b2822d9b52c8ad12e63011a5c12,CVE-2014-10022,group-row-2497,train,validation
row-2501,CWE-189,jasper,3fd4067496d8ef70f11841d7492ddeb1f1d56915,CVE-2014-8157,group-row-2501,train,train
row-2502,CWE-119,jasper,0d64bde2b3ba7e1450710d540136a8ce4199ef30,CVE-2014-8158,group-row-2502,train,train
row-2503,CWE-119,jasper,0d64bde2b3ba7e1450710d540136a8ce4199ef30,CVE-2014-8158,group-row-2502,train,train
row-2504,CWE-119,jasper,0d64bde2b3ba7e1450710d540136a8ce4199ef30,CVE-2014-8158,group-row-2502,train,train
row-2505,CWE-119,jasper,0d64bde2b3ba7e1450710d540136a8ce4199ef30,CVE-2014-8158,group-row-2502,train,train
row-2506,CWE-119,jasper,0d64bde2b3ba7e1450710d540136a8ce4199ef30,CVE-2014-8158,group-row-2502,train,train
row-2507,CWE-119,jasper,0d64bde2b3ba7e1450710d540136a8ce4199ef30,CVE-2014-8158,group-row-2502,train,train
row-2508,CWE-119,jasper,0d64bde2b3ba7e1450710d540136a8ce4199ef30,CVE-2014-8158,group-row-2502,train,train
row-2509,CWE-119,jasper,0d64bde2b3ba7e1450710d540136a8ce4199ef30,CVE-2014-8158,group-row-2502,train,train
row-2511,CWE-703,krb5,82dc33da50338ac84c7b4102dc6513d897d0506a,,group-row-2511,test,train
row-2512,CWE-703,krb5,82dc33da50338ac84c7b4102dc6513d897d0506a,,group-row-2511,test,train
row-2513,CWE-703,krb5,82dc33da50338ac84c7b4102dc6513d897d0506a,,group-row-2511,test,train
row-2514,CWE-703,krb5,82dc33da50338ac84c7b4102dc6513d897d0506a,,group-row-2511,test,train
row-2515,CWE-703,krb5,82dc33da50338ac84c7b4102dc6513d897d0506a,,group-row-2511,test,train
row-2516,CWE-703,krb5,82dc33da50338ac84c7b4102dc6513d897d0506a,,group-row-2511,test,train
row-2517,CWE-703,krb5,82dc33da50338ac84c7b4102dc6513d897d0506a,,group-row-2511,test,train
row-2518,CWE-703,krb5,82dc33da50338ac84c7b4102dc6513d897d0506a,,group-row-2511,test,train
row-2519,CWE-703,krb5,82dc33da50338ac84c7b4102dc6513d897d0506a,,group-row-2511,test,train
row-2520,CWE-703,krb5,82dc33da50338ac84c7b4102dc6513d897d0506a,,group-row-2511,test,train
row-2521,CWE-703,krb5,82dc33da50338ac84c7b4102dc6513d897d0506a,,group-row-2511,test,train
row-2522,CWE-703,krb5,82dc33da50338ac84c7b4102dc6513d897d0506a,,group-row-2511,test,train
row-2523,CWE-703,krb5,82dc33da50338ac84c7b4102dc6513d897d0506a,,group-row-2511,test,train
row-2524,CWE-703,krb5,a197e92349a4aa2141b5dff12e9dd44c2a2166e3,,group-row-2524,test,train
row-2525,CWE-703,krb5,a197e92349a4aa2141b5dff12e9dd44c2a2166e3,,group-row-2524,test,train
row-2526,CWE-703,krb5,a197e92349a4aa2141b5dff12e9dd44c2a2166e3,,group-row-2524,test,train
row-2528,CWE-200,krb5,5bb8a6b9c9eb8dd22bc9526751610aaa255ead9c,,group-row-2528,test,validation
row-2529,CWE-200,krb5,5bb8a6b9c9eb8dd22bc9526751610aaa255ead9c,,group-row-2528,test,validation
row-2546,CWE-59,patch,44a987e02f04b9d81a0db4a611145cad1093a2d3,CVE-2015-1196,group-row-2546,test,train
row-2547,CWE-119,grep,83a95bd8c8561875b948cadd417c653dbe7ef2e2,CVE-2015-1345,group-row-2547,train,validation
row-2551,CWE-399,patch,0c08d7a902c6fdd49b704623a12d8d672ef18944,CVE-2014-9637,group-row-2551,test,train
row-2552,CWE-399,patch,0c08d7a902c6fdd49b704623a12d8d672ef18944,CVE-2014-9637,group-row-2551,test,train
row-2553,CWE-399,patch,0c08d7a902c6fdd49b704623a12d8d672ef18944,CVE-2014-9637,group-row-2551,test,train
row-2559,CWE-416,php-src,777c39f4042327eac4b63c7ee87dc1c7a09a3115,CVE-2015-1351,group-row-2559,validation,validation
row-2560,CWE-416,php-src,0a8f28b43212cc2ddbc1f2df710e37b1bec0addd,CVE-2015-1351,group-row-2559,validation,validation
row-2566,CWE-119,php-src,c351b47ce85a3a147cfa801fa9f0149ab4160834,CVE-2015-8382,group-row-2566,validation,train
row-2569,CWE-119,php-src,ede59c8feb4b80e1b94e4abdaa0711051e2912ab,CVE-2014-9652,group-row-2569,validation,train
row-2570,CWE-119,php-src,07b5896a1389c3e865cbd2fb353806b2cefe4f5c,CVE-2014-9709,group-row-2570,validation,train
row-2571,CWE-119,php-src,5fc2fede9c7c963c950d8b96dcc0f7af88b4d695,CVE-2014-9709,group-row-2570,validation,train
row-2572,CWE-120,postgres,0150ab567bcf5e5913e2b62a1678f84cc272441f,CVE-2015-0241,group-row-2572,train,test
row-2573,CWE-787,postgres,29725b3db67ad3f09da1a7fb6690737d2f8d6c0a,CVE-2015-0242,group-row-2573,train,train
row-2574,CWE-120,postgres,1dc75515868454c645ded22d38054ec693e23ec6,CVE-2015-0243,group-row-2574,train,validation
row-2604,CWE-20,file,e96f86b5311572be1360ee0bb05d4926f8df3189,CVE-2014-9653,group-row-2604,validation,train
row-2607,CWE-190,mysql-server,dc45e408250c582eb532417a42cef5b5a8e2fe77,CVE-2015-2305,group-row-2607,train,train
row-2610,CWE-416,gnupg,f0f71a721ccd7ab9e40b8b6b028b59632c0cc648,CVE-2015-1606,group-row-2610,train,train
row-2611,CWE-416,gnupg,f0f71a721ccd7ab9e40b8b6b028b59632c0cc648,CVE-2015-1606,group-row-2610,train,train
row-2612,CWE-20,gnupg,2183683bd633818dd031b090b5530951de76f392,CVE-2015-1607,group-row-2612,train,train
row-2613,CWE-20,gnupg,2183683bd633818dd031b090b5530951de76f392,CVE-2015-1607,group-row-2612,train,train
row-2614,CWE-20,gnupg,2183683bd633818dd031b090b5530951de76f392,CVE-2015-1607,group-row-2612,train,train
row-2615,CWE-20,gnupg,2183683bd633818dd031b090b5530951de76f392,CVE-2015-1607,group-row-2612,train,train
row-2616,CWE-20,gnupg,2183683bd633818dd031b090b5530951de76f392,CVE-2015-1607,group-row-2612,train,train
row-2617,CWE-20,gnupg,2183683bd633818dd031b090b5530951de76f392,CVE-2015-1607,group-row-2612,train,train
row-2618,CWE-20,gnupg,2183683bd633818dd031b090b5530951de76f392,CVE-2015-1607,group-row-2612,train,train
row-2619,CWE-20,gnupg,2183683bd633818dd031b090b5530951de76f392,CVE-2015-1607,group-row-2612,train,train
row-2620,CWE-20,gnupg,2183683bd633818dd031b090b5530951de76f392,CVE-2015-1607,group-row-2612,train,train
row-2621,CWE-20,gnupg,2183683bd633818dd031b090b5530951de76f392,CVE-2015-1607,group-row-2612,train,train
row-2622,CWE-20,gnupg,2183683bd633818dd031b090b5530951de76f392,CVE-2015-1607,group-row-2612,train,train
row-2623,CWE-20,gnupg,2183683bd633818dd031b090b5530951de76f392,CVE-2015-1607,group-row-2612,train,train
row-2624,CWE-20,gnupg,2183683bd633818dd031b090b5530951de76f392,CVE-2015-1607,group-row-2612,train,train
row-2625,CWE-20,gnupg,2183683bd633818dd031b090b5530951de76f392,CVE-2015-1607,group-row-2612,train,train
row-2626,CWE-20,gnupg,2183683bd633818dd031b090b5530951de76f392,CVE-2015-1607,group-row-2612,train,train
row-2627,CWE-20,gnupg,2183683bd633818dd031b090b5530951de76f392,CVE-2015-1607,group-row-2612,train,train
row-2628,CWE-20,gnupg,2183683bd633818dd031b090b5530951de76f392,CVE-2015-1607,group-row-2612,train,train
row-2629,CWE-20,gnupg,2183683bd633818dd031b090b5530951de76f392,CVE-2015-1607,group-row-2612,train,train
row-2630,CWE-20,gnupg,2183683bd633818dd031b090b5530951de76f392,CVE-2015-1607,group-row-2612,train,train
row-2631,CWE-20,gnupg,2183683bd633818dd031b090b5530951de76f392,CVE-2015-1607,group-row-2612,train,train
row-2632,CWE-20,gnupg,2183683bd633818dd031b090b5530951de76f392,CVE-2015-1607,group-row-2612,train,train
row-2633,CWE-20,gnupg,2183683bd633818dd031b090b5530951de76f392,CVE-2015-1607,group-row-2612,train,train
row-2634,CWE-20,gnupg,2183683bd633818dd031b090b5530951de76f392,CVE-2015-1607,group-row-2612,train,train
row-2635,CWE-20,gnupg,2183683bd633818dd031b090b5530951de76f392,CVE-2015-1607,group-row-2612,train,train
row-2636,CWE-20,gnupg,2183683bd633818dd031b090b5530951de76f392,CVE-2015-1607,group-row-2612,train,train
row-2637,CWE-20,gnupg,2183683bd633818dd031b090b5530951de76f392,CVE-2015-1607,group-row-2612,train,train
row-2638,CWE-20,gnupg,2183683bd633818dd031b090b5530951de76f392,CVE-2015-1607,group-row-2612,train,train
row-2639,CWE-20,gnupg,2183683bd633818dd031b090b5530951de76f392,CVE-2015-1607,group-row-2612,train,train
row-2640,CWE-20,gnupg,2183683bd633818dd031b090b5530951de76f392,CVE-2015-1607,group-row-2612,train,train
row-2641,CWE-20,gnupg,2183683bd633818dd031b090b5530951de76f392,CVE-2015-1607,group-row-2612,train,train
row-2642,CWE-20,gnupg,2183683bd633818dd031b090b5530951de76f392,CVE-2015-1607,group-row-2612,train,train
row-2643,CWE-20,gnupg,2183683bd633818dd031b090b5530951de76f392,CVE-2015-1607,group-row-2612,train,train
row-2644,CWE-20,gnupg,2183683bd633818dd031b090b5530951de76f392,CVE-2015-1607,group-row-2612,train,train
row-2645,CWE-20,gnupg,2183683bd633818dd031b090b5530951de76f392,CVE-2015-1607,group-row-2612,train,train
row-2646,CWE-20,gnupg,2183683bd633818dd031b090b5530951de76f392,CVE-2015-1607,group-row-2612,train,train
row-2647,CWE-20,gnupg,2183683bd633818dd031b090b5530951de76f392,CVE-2015-1607,group-row-2612,train,train
row-2648,CWE-20,gnupg,2183683bd633818dd031b090b5530951de76f392,CVE-2015-1607,group-row-2612,train,train
row-2649,CWE-20,gnupg,2183683bd633818dd031b090b5530951de76f392,CVE-2015-1607,group-row-2612,train,train
row-2650,CWE-20,gnupg,2183683bd633818dd031b090b5530951de76f392,CVE-2015-1607,group-row-2612,train,train
row-2651,CWE-20,gnupg,2183683bd633818dd031b090b5530951de76f392,CVE-2015-1607,group-row-2612,train,train
row-2652,CWE-20,gnupg,2183683bd633818dd031b090b5530951de76f392,CVE-2015-1607,group-row-2612,train,train
row-2653,CWE-20,gnupg,2183683bd633818dd031b090b5530951de76f392,CVE-2015-1607,group-row-2612,train,train
row-2654,CWE-20,gnupg,2183683bd633818dd031b090b5530951de76f392,CVE-2015-1607,group-row-2612,train,train
row-2655,CWE-20,gnupg,2183683bd633818dd031b090b5530951de76f392,CVE-2015-1607,group-row-2612,train,train
row-2656,CWE-20,gnupg,2183683bd633818dd031b090b5530951de76f392,CVE-2015-1607,group-row-2612,train,train
row-2657,CWE-20,gnupg,2183683bd633818dd031b090b5530951de76f392,CVE-2015-1607,group-row-2612,train,train
row-2658,CWE-20,gnupg,2183683bd633818dd031b090b5530951de76f392,CVE-2015-1607,group-row-2612,train,train
row-2659,CWE-20,gnupg,2183683bd633818dd031b090b5530951de76f392,CVE-2015-1607,group-row-2612,train,train
row-2660,CWE-20,gnupg,2183683bd633818dd031b090b5530951de76f392,CVE-2015-1607,group-row-2612,train,train
row-2661,CWE-20,gnupg,2183683bd633818dd031b090b5530951de76f392,CVE-2015-1607,group-row-2612,train,train
row-2666,CWE-703,krb5,102bb6ebf20f9174130c85c3b052ae104e5073ec,,group-row-2666,test,test
row-2667,CWE-703,krb5,102bb6ebf20f9174130c85c3b052ae104e5073ec,,group-row-2666,test,test
row-2668,CWE-119,e2fsprogs,49d0fe2a14f2a23da2fe299643379b8c1d37df73,CVE-2015-1572,group-row-2668,train,train
row-2679,CWE-119,php-src,bdfe457a2c1b47209e32783b3a6447e81baf179a,CVE-2014-9705,group-row-2679,validation,train
row-2681,CWE-416,php-src,b2cf3f064b8f5efef89bb084521b61318c71781b,CVE-2015-2301,group-row-2681,validation,validation
row-2694,CWE-295,gnutls,6e76e9b9fa845b76b0b9a45f05f4b54a052578ff,CVE-2015-0294,group-row-2694,test,train
row-2695,CWE-703,linux,600ddd6825543962fb807884169e57b580dba208,,group-row-2695,train,train
row-2704,CWE-119,libidn,58c721ac2dc96bccd737f3f544f3a22a50477bbf,CVE-2015-2059,group-row-2704,train,train
row-2705,CWE-119,libidn,58c721ac2dc96bccd737f3f544f3a22a50477bbf,CVE-2015-2059,group-row-2704,train,train
row-2709,CWE-200,libgcrypt,410d70bad9a650e3837055e36f157894ae49a57d,CVE-2014-3591,group-row-2709,train,train
row-2710,CWE-200,libgcrypt,35cd81f134c0da4e7e6fcfe40d270ee1251f52c2,CVE-2014-3591,group-row-2709,train,train
row-2711,CWE-200,gnupg,ff53cf06e966dce0daba5f2c84e03ab9db2c3c8b,CVE-2014-3591,group-row-2709,train,train
row-2730,CWE-20,mongo,3a7e85ea1f672f702660e5472566234b1d19038e,CVE-2015-1609,group-row-2730,validation,validation
row-2731,CWE-20,mongo,8f1c734c7f1862180f607c241fb167640889efba,CVE-2015-1609,group-row-2730,validation,validation
row-2738,CWE-189,php-src,ef8fc4b53d92fbfcd8ef1abbd6f2f5fe2c4a11e5,CVE-2015-2331,group-row-2738,validation,train
row-2740,CWE-20,linux,06c8173eb92bbfc03a0fe8bb64315857d0badd06,,group-row-2740,train,train
row-2741,CWE-20,linux,06c8173eb92bbfc03a0fe8bb64315857d0badd06,,group-row-2740,train,train
row-2742,CWE-20,linux,06c8173eb92bbfc03a0fe8bb64315857d0badd06,,group-row-2740,train,train
row-2743,CWE-20,linux,06c8173eb92bbfc03a0fe8bb64315857d0badd06,,group-row-2740,train,train
row-2744,CWE-399,quassel,b5e38970ffd55e2dd9f706ce75af9a8d7730b1b8,,group-row-2744,train,train
row-2745,CWE-399,quassel,b5e38970ffd55e2dd9f706ce75af9a8d7730b1b8,,group-row-2744,train,train
row-2746,CWE-399,quassel,b5e38970ffd55e2dd9f706ce75af9a8d7730b1b8,,group-row-2744,train,train
row-2747,CWE-399,quassel,b5e38970ffd55e2dd9f706ce75af9a8d7730b1b8,,group-row-2744,train,train
row-2748,CWE-399,quassel,b5e38970ffd55e2dd9f706ce75af9a8d7730b1b8,,group-row-2744,train,train
row-2749,CWE-399,quassel,b5e38970ffd55e2dd9f706ce75af9a8d7730b1b8,,group-row-2744,train,train
row-2756,CWE-399,qemu,3251bdcf1c67427d964517053c3d185b46e618e8,CVE-2014-9718,group-row-2756,train,train
row-2757,CWE-399,qemu,3251bdcf1c67427d964517053c3d185b46e618e8,CVE-2014-9718,group-row-2756,train,train
row-2758,CWE-399,qemu,3251bdcf1c67427d964517053c3d185b46e618e8,CVE-2014-9718,group-row-2756,train,train
row-2759,CWE-399,qemu,3251bdcf1c67427d964517053c3d185b46e618e8,CVE-2014-9718,group-row-2756,train,train
row-2773,CWE-264,net,4de930efc23b92ddf88ce91c405ee645fe6e27ea,CVE-2015-2686,group-row-2773,train,train
row-2774,CWE-264,net,4de930efc23b92ddf88ce91c405ee645fe6e27ea,CVE-2015-2686,group-row-2773,train,train
row-2776,CWE-119,libtasn1,4d4f992826a4962790ecd0cce6fbba4a415ce149,CVE-2015-2806,group-row-2776,train,train
row-2789,CWE-200,wesnoth,af61f9fdd15cd439da9e2fe5fa39d174c923eaae,CVE-2015-0844,group-row-2789,train,train
row-2790,CWE-399,libxml2,213f1fe0d76d30eaed6e5853057defc43e6df2c9,CVE-2015-1819,group-row-2790,test,train
row-2791,CWE-399,libxml2,213f1fe0d76d30eaed6e5853057defc43e6df2c9,CVE-2015-1819,group-row-2790,test,train
row-2792,CWE-399,libxml2,213f1fe0d76d30eaed6e5853057defc43e6df2c9,CVE-2015-1819,group-row-2790,test,train
row-2793,CWE-399,libxml2,213f1fe0d76d30eaed6e5853057defc43e6df2c9,CVE-2015-1819,group-row-2790,test,train
row-2794,CWE-399,libxml2,213f1fe0d76d30eaed6e5853057defc43e6df2c9,CVE-2015-1819,group-row-2790,test,train
row-2795,CWE-399,libxml2,213f1fe0d76d30eaed6e5853057defc43e6df2c9,CVE-2015-1819,group-row-2790,test,train
row-2796,CWE-399,libxml2,213f1fe0d76d30eaed6e5853057defc43e6df2c9,CVE-2015-1819,group-row-2790,test,train
row-2797,CWE-399,libxml2,213f1fe0d76d30eaed6e5853057defc43e6df2c9,CVE-2015-1819,group-row-2790,test,train
row-2798,CWE-59,abrt,80408e9e24a1c10f85fd969e1853e0f192157f92,CVE-2015-3315,group-row-2798,train,train
row-2799,CWE-59,abrt,80408e9e24a1c10f85fd969e1853e0f192157f92,CVE-2015-3315,group-row-2798,train,train
row-2800,CWE-59,abrt,d6e2f6f128cef4c21cb80941ae674c9842681aa7,CVE-2015-3315,group-row-2798,train,train
row-2801,CWE-59,abrt,17cb66b13997b0159b4253b3f5722db79f476d68,CVE-2015-3315,group-row-2798,train,train
row-2802,CWE-59,abrt,4f2c1ddd3e3b81d2d5146b883115371f1cada9f9,CVE-2015-3315,group-row-2798,train,train
row-2803,CWE-59,abrt,fdf93685d4f3fc36fe50d34a11e24662c4cb2d8c,CVE-2015-3315,group-row-2798,train,train
row-2804,CWE-59,abrt,a4794b39efc62c9ba92b38b419de3babbbcd8cfb,CVE-2015-3315,group-row-2798,train,train
row-2805,CWE-59,abrt,2f948bdc09aa346616852a421ce1af2e03b39997,CVE-2015-3315,group-row-2798,train,train
row-2806,CWE-59,abrt,28ce40d8db91c1926a95f21ef19a980a8af88471,CVE-2015-3315,group-row-2798,train,train
row-2807,CWE-20,tcpdump,3ed82f4ed0095768529afc22b923c8f7171fff70,,group-row-2807,train,train
row-2808,CWE-20,tcpdump,3ed82f4ed0095768529afc22b923c8f7171fff70,,group-row-2807,train,train
row-2811,CWE-200,abrt,af945ff58a698ce00c45059a05994ef53a13e192,CVE-2015-3142,group-row-2811,train,validation
row-2812,CWE-200,abrt,af945ff58a698ce00c45059a05994ef53a13e192,CVE-2015-3142,group-row-2811,train,validation
row-2813,CWE-200,abrt,806bb07571b698d90169c3b73cb65cd09c900284,CVE-2015-3142,group-row-2811,train,validation
row-2814,CWE-200,abrt,806bb07571b698d90169c3b73cb65cd09c900284,CVE-2015-3142,group-row-2811,train,validation
row-2815,CWE-200,abrt,806bb07571b698d90169c3b73cb65cd09c900284,CVE-2015-3142,group-row-2811,train,validation
row-2816,CWE-200,abrt,b72616471ec52a009904689592f4f69e730a6f56,CVE-2015-3142,group-row-2811,train,validation
row-2817,CWE-200,abrt,b72616471ec52a009904689592f4f69e730a6f56,CVE-2015-3142,group-row-2811,train,validation
row-2818,CWE-200,abrt,7269a2cc88735aee0d1fa62491b9efe73ab5c6e8,CVE-2015-3142,group-row-2811,train,validation
row-2819,CWE-59,abrt,3287aa12eb205cff95cdd00d6d6c5c9a4f8f0eca,CVE-2015-1869,group-row-2819,train,test
row-2820,CWE-59,abrt,3287aa12eb205cff95cdd00d6d6c5c9a4f8f0eca,CVE-2015-1869,group-row-2819,train,test
row-2821,CWE-59,abrt,7417505e1d93cc95ec648b74e3c801bc67aacb9f,CVE-2015-1869,group-row-2819,train,test
row-2822,CWE-59,abrt,7417505e1d93cc95ec648b74e3c801bc67aacb9f,CVE-2015-1869,group-row-2819,train,test
row-2823,CWE-200,abrt,8939398b82006ba1fec4ed491339fc075f43fc7c,CVE-2015-1870,group-row-2823,train,train
row-2824,CWE-200,abrt,8939398b82006ba1fec4ed491339fc075f43fc7c,CVE-2015-1870,group-row-2823,train,train
row-2825,CWE-200,abrt,8939398b82006ba1fec4ed491339fc075f43fc7c,CVE-2015-1870,group-row-2823,train,train
row-2826,CWE-200,abrt,8939398b82006ba1fec4ed491339fc075f43fc7c,CVE-2015-1870,group-row-2823,train,train
row-2827,CWE-200,abrt,8939398b82006ba1fec4ed491339fc075f43fc7c,CVE-2015-1870,group-row-2823,train,train
row-2828,CWE-200,abrt,8939398b82006ba1fec4ed491339fc075f43fc7c,CVE-2015-1870,group-row-2823,train,train
row-2829,CWE-200,abrt,8939398b82006ba1fec4ed491339fc075f43fc7c,CVE-2015-1870,group-row-2823,train,train
row-2830,CWE-264,curl,31be461c6b659312100c47be6ddd5f0f569290f6,CVE-2015-3143,group-row-2830,train,train
row-2831,CWE-119,curl,0583e87ada7a3cfb10904ae4ab61b339582c5bd3,CVE-2015-3144,group-row-2831,train,train
row-2832,CWE-119,curl,b5f947b8ac0e282c61c75b69cd5b9d37dafc6959,CVE-2015-3145,group-row-2832,train,train
row-2834,CWE-399,pdns,adb10be102ddd4d2baf7a8adbb5673946fe5e555,CVE-2015-1868,group-row-2834,train,test
row-2835,CWE-399,pdns,3ec3e0fc71bc89ac41c7e6d8cd3f323f25233881,CVE-2015-1868,group-row-2834,train,test
row-2836,CWE-20,php-src,809610f5ea38a83b284e1125d1fff129bdd615e7,CVE-2015-3330,group-row-2836,validation,train
row-2837,CWE-20,php-src,52b93f0cfd3cba7ff98cc5198df6ca4f23865f80,CVE-2015-3411,group-row-2837,validation,train
row-2838,CWE-20,php-src,52b93f0cfd3cba7ff98cc5198df6ca4f23865f80,CVE-2015-3411,group-row-2837,validation,train
row-2839,CWE-20,php-src,52b93f0cfd3cba7ff98cc5198df6ca4f23865f80,CVE-2015-3411,group-row-2837,validation,train
row-2840,CWE-20,php-src,52b93f0cfd3cba7ff98cc5198df6ca4f23865f80,CVE-2015-3411,group-row-2837,validation,train
row-2841,CWE-20,php-src,52b93f0cfd3cba7ff98cc5198df6ca4f23865f80,CVE-2015-3411,group-row-2837,validation,train
row-2842,CWE-20,php-src,52b93f0cfd3cba7ff98cc5198df6ca4f23865f80,CVE-2015-3411,group-row-2837,validation,train
row-2843,CWE-20,php-src,52b93f0cfd3cba7ff98cc5198df6ca4f23865f80,CVE-2015-3411,group-row-2837,validation,train
row-2844,CWE-20,php-src,52b93f0cfd3cba7ff98cc5198df6ca4f23865f80,CVE-2015-3411,group-row-2837,validation,train
row-2845,CWE-20,php-src,52b93f0cfd3cba7ff98cc5198df6ca4f23865f80,CVE-2015-3411,group-row-2837,validation,train
row-2846,CWE-20,php-src,52b93f0cfd3cba7ff98cc5198df6ca4f23865f80,CVE-2015-3411,group-row-2837,validation,train
row-2847,CWE-20,php-src,52b93f0cfd3cba7ff98cc5198df6ca4f23865f80,CVE-2015-3411,group-row-2837,validation,train
row-2848,CWE-20,php-src,52b93f0cfd3cba7ff98cc5198df6ca4f23865f80,CVE-2015-3411,group-row-2837,validation,train
row-2849,CWE-20,php-src,52b93f0cfd3cba7ff98cc5198df6ca4f23865f80,CVE-2015-3411,group-row-2837,validation,train
row-2854,CWE-20,php-src,f938112c495b0d26572435c0be73ac0bfe642ecd,CVE-2015-4604,group-row-2854,validation,train
row-2855,CWE-119,php-src,f59b67ae50064560d7bfcdb0d6a8ab284179053c,CVE-2015-3329,group-row-2855,validation,test
row-2856,CWE-119,libxml2,e724879d964d774df9b7969fc846605aa1bac54c,CVE-2015-8710,group-row-2856,test,validation
row-2858,CWE-22,abrt,c796c76341ee846cfb897ed645bac211d7d0a932,CVE-2015-3151,group-row-2858,train,train
row-2859,CWE-22,abrt,c796c76341ee846cfb897ed645bac211d7d0a932,CVE-2015-3151,group-row-2858,train,train
row-2860,CWE-22,abrt,c796c76341ee846cfb897ed645bac211d7d0a932,CVE-2015-3151,group-row-2858,train,train
row-2861,CWE-22,abrt,f3c2a6af3455b2882e28570e8a04f1c2d4500d5b,CVE-2015-3151,group-row-2858,train,train
row-2862,CWE-22,libreport,239c4f7d1f47265526b39ad70106767d00805277,CVE-2015-3151,group-row-2858,train,train
row-2863,CWE-22,libreport,239c4f7d1f47265526b39ad70106767d00805277,CVE-2015-3151,group-row-2858,train,train
row-2864,CWE-22,libreport,239c4f7d1f47265526b39ad70106767d00805277,CVE-2015-3151,group-row-2858,train,train
row-2865,CWE-22,libreport,239c4f7d1f47265526b39ad70106767d00805277,CVE-2015-3151,group-row-2858,train,train
row-2866,CWE-22,libreport,239c4f7d1f47265526b39ad70106767d00805277,CVE-2015-3151,group-row-2858,train,train
row-2867,CWE-22,libreport,239c4f7d1f47265526b39ad70106767d00805277,CVE-2015-3151,group-row-2858,train,train
row-2868,CWE-22,libreport,239c4f7d1f47265526b39ad70106767d00805277,CVE-2015-3151,group-row-2858,train,train
row-2869,CWE-22,abrt,7a47f57975be0d285a2f20758e4572dca6d9cdd3,CVE-2015-3151,group-row-2858,train,train
row-2870,CWE-20,abrt,b7f8bd20b7fb5b72f003ae3fa647c1d75f4218b7,CVE-2015-3150,group-row-2870,train,train
row-2871,CWE-20,abrt,b7f8bd20b7fb5b72f003ae3fa647c1d75f4218b7,CVE-2015-3150,group-row-2870,train,train
row-2872,CWE-20,abrt,b7f8bd20b7fb5b72f003ae3fa647c1d75f4218b7,CVE-2015-3150,group-row-2870,train,train
row-2873,CWE-20,abrt,6e811d78e2719988ae291181f5b133af32ce62d8,CVE-2015-3150,group-row-2870,train,train
row-2874,CWE-20,abrt,7814554e0827ece778ca88fd90832bd4d05520b1,CVE-2015-3150,group-row-2870,train,train
row-2875,CWE-20,abrt,7814554e0827ece778ca88fd90832bd4d05520b1,CVE-2015-3150,group-row-2870,train,train
row-2876,CWE-20,abrt,7814554e0827ece778ca88fd90832bd4d05520b1,CVE-2015-3150,group-row-2870,train,train
row-2877,CWE-20,libreport,1951e7282043dfe1268d492aea056b554baedb75,CVE-2015-3150,group-row-2870,train,train
row-2878,CWE-20,libreport,1951e7282043dfe1268d492aea056b554baedb75,CVE-2015-3150,group-row-2870,train,train
row-2879,CWE-20,libreport,1951e7282043dfe1268d492aea056b554baedb75,CVE-2015-3150,group-row-2870,train,train
row-2880,CWE-20,libreport,1951e7282043dfe1268d492aea056b554baedb75,CVE-2015-3150,group-row-2870,train,train
row-2881,CWE-20,libreport,1951e7282043dfe1268d492aea056b554baedb75,CVE-2015-3150,group-row-2870,train,train
row-2882,CWE-20,libreport,1951e7282043dfe1268d492aea056b554baedb75,CVE-2015-3150,group-row-2870,train,train
row-2883,CWE-20,libreport,1951e7282043dfe1268d492aea056b554baedb75,CVE-2015-3150,group-row-2870,train,train
row-2884,CWE-20,libreport,1951e7282043dfe1268d492aea056b554baedb75,CVE-2015-3150,group-row-2870,train,train
row-2885,CWE-20,libreport,1951e7282043dfe1268d492aea056b554baedb75,CVE-2015-3150,group-row-2870,train,train
row-2886,CWE-20,libreport,1951e7282043dfe1268d492aea056b554baedb75,CVE-2015-3150,group-row-2870,train,train
row-2887,CWE-20,libreport,1951e7282043dfe1268d492aea056b554baedb75,CVE-2015-3150,group-row-2870,train,train
row-2888,CWE-20,libreport,1951e7282043dfe1268d492aea056b554baedb75,CVE-2015-3150,group-row-2870,train,train
row-2889,CWE-20,libreport,1951e7282043dfe1268d492aea056b554baedb75,CVE-2015-3150,group-row-2870,train,train
row-2890,CWE-20,libreport,1951e7282043dfe1268d492aea056b554baedb75,CVE-2015-3150,group-row-2870,train,train
row-2891,CWE-20,libreport,1951e7282043dfe1268d492aea056b554baedb75,CVE-2015-3150,group-row-2870,train,train
row-2892,CWE-20,libreport,1951e7282043dfe1268d492aea056b554baedb75,CVE-2015-3150,group-row-2870,train,train
row-2893,CWE-20,libreport,1951e7282043dfe1268d492aea056b554baedb75,CVE-2015-3150,group-row-2870,train,train
row-2894,CWE-20,libreport,1951e7282043dfe1268d492aea056b554baedb75,CVE-2015-3150,group-row-2870,train,train
row-2895,CWE-20,libreport,1951e7282043dfe1268d492aea056b554baedb75,CVE-2015-3150,group-row-2870,train,train
row-2896,CWE-20,libreport,1951e7282043dfe1268d492aea056b554baedb75,CVE-2015-3150,group-row-2870,train,train
row-2897,CWE-20,libreport,1951e7282043dfe1268d492aea056b554baedb75,CVE-2015-3150,group-row-2870,train,train
row-2898,CWE-20,libreport,1951e7282043dfe1268d492aea056b554baedb75,CVE-2015-3150,group-row-2870,train,train
row-2899,CWE-20,libreport,1951e7282043dfe1268d492aea056b554baedb75,CVE-2015-3150,group-row-2870,train,train
row-2900,CWE-20,libreport,1951e7282043dfe1268d492aea056b554baedb75,CVE-2015-3150,group-row-2870,train,train
row-2901,CWE-20,libreport,1951e7282043dfe1268d492aea056b554baedb75,CVE-2015-3150,group-row-2870,train,train
row-2902,CWE-20,libreport,1951e7282043dfe1268d492aea056b554baedb75,CVE-2015-3150,group-row-2870,train,train
row-2903,CWE-20,libreport,1951e7282043dfe1268d492aea056b554baedb75,CVE-2015-3150,group-row-2870,train,train
row-2904,CWE-20,libreport,1951e7282043dfe1268d492aea056b554baedb75,CVE-2015-3150,group-row-2870,train,train
row-2905,CWE-20,libreport,1951e7282043dfe1268d492aea056b554baedb75,CVE-2015-3150,group-row-2870,train,train
row-2911,CWE-125,libarchive,e6c9668f3202215ddb71617b41c19b6f05acf008,CVE-2015-8915,group-row-2911,train,train
row-2930,CWE-295,mysql-server,b3e9211e48a3fb586e88b0270a175d2348935424,CVE-2015-3152,group-row-2930,train,train
row-2931,CWE-295,mysql-server,b3e9211e48a3fb586e88b0270a175d2348935424,CVE-2015-3152,group-row-2930,train,train
row-2932,CWE-295,mysql-server,b3e9211e48a3fb586e88b0270a175d2348935424,CVE-2015-3152,group-row-2930,train,train
row-2933,CWE-295,mysql-server,b3e9211e48a3fb586e88b0270a175d2348935424,CVE-2015-3152,group-row-2930,train,train
row-2934,CWE-295,mysql-server,b3e9211e48a3fb586e88b0270a175d2348935424,CVE-2015-3152,group-row-2930,train,train
row-2935,CWE-295,mysql-server,b3e9211e48a3fb586e88b0270a175d2348935424,CVE-2015-3152,group-row-2930,train,train
row-2936,CWE-295,mysql-server,b3e9211e48a3fb586e88b0270a175d2348935424,CVE-2015-3152,group-row-2930,train,train
row-2937,CWE-295,mysql-server,b3e9211e48a3fb586e88b0270a175d2348935424,CVE-2015-3152,group-row-2930,train,train
row-2938,CWE-295,mysql-server,b3e9211e48a3fb586e88b0270a175d2348935424,CVE-2015-3152,group-row-2930,train,train
row-2939,CWE-295,mysql-server,b3e9211e48a3fb586e88b0270a175d2348935424,CVE-2015-3152,group-row-2930,train,train
row-2940,CWE-295,mysql-server,b3e9211e48a3fb586e88b0270a175d2348935424,CVE-2015-3152,group-row-2930,train,train
row-2941,CWE-295,mysql-server,b3e9211e48a3fb586e88b0270a175d2348935424,CVE-2015-3152,group-row-2930,train,train
row-2942,CWE-703,linux,a134f083e79fb4c3d0a925691e732c56911b4326,,group-row-2942,train,train
row-2943,CWE-119,libtasn1,f979435823a02f842c41d49cd41cc81f25b5d677,CVE-2015-3622,group-row-2943,train,train
row-2953,CWE-399,linux,9a5cbce421a283e6aea3c4007f141735bf9da8c3,,group-row-2953,train,validation
row-2954,CWE-399,linux,9a5cbce421a283e6aea3c4007f141735bf9da8c3,,group-row-2953,train,validation
row-2955,CWE-119,qemu,e907746266721f305d67bc0718795fedee2e824c,CVE-2015-3456,group-row-2955,train,train
row-2956,CWE-119,qemu,e907746266721f305d67bc0718795fedee2e824c,CVE-2015-3456,group-row-2955,train,train
row-2957,CWE-119,qemu,e907746266721f305d67bc0718795fedee2e824c,CVE-2015-3456,group-row-2955,train,train
row-2959,CWE-119,libexpat,ba0f9c3b40c264b8dd392e02a7a060a8fa54f032,CVE-2015-2716,group-row-2959,train,train
row-2960,CWE-119,libexpat,f0bec73b018caa07d3e75ec8dd967f3785d71bde,CVE-2015-2716,group-row-2959,train,train
row-2967,CWE-189,LibRaw,4606c28f494a750892c5c1ac7903e62dd1c6fdb5,CVE-2015-3885,group-row-2967,train,train
row-2968,CWE-189,LibRaw,4606c28f494a750892c5c1ac7903e62dd1c6fdb5,CVE-2015-3885,group-row-2967,train,train
row-2969,CWE-189,rawstudio,983bda1f0fa5fa86884381208274198a620f006e,CVE-2015-3885,group-row-2967,train,train
row-2970,CWE-295,libinfinity,c97f870f5ae13112988d9f8ad464b4f679903706,,group-row-2970,validation,train
row-2971,CWE-399,php-src,4605d536d23b00813d11cc906bb48d39bdcf5f25,CVE-2015-4024,group-row-2971,validation,test
row-3018,CWE-189,php-src,ac2832935435556dc593784cd0087b5e576bbe4d,CVE-2015-4022,group-row-3018,validation,train
row-3020,CWE-189,php-src,8f4a6d6e1b6c36259a5dc865d16f0dad76f2f2c9,CVE-2015-4022,group-row-3018,validation,train
row-3021,CWE-189,php-src,1494298231072d5991e76db5ef25f20e81018106,CVE-2015-4022,group-row-3018,validation,train
row-3022,CWE-189,php-src,0765623d6991b62ffcd93ddb6be8a5203a2fa7e2,CVE-2015-4022,group-row-3018,validation,train
row-3023,CWE-189,php-src,c27f012b7a447e59d4a704688971cbfa7dddaa74,CVE-2015-4021,group-row-922,validation,train
row-3027,CWE-476,pgbouncer,edab5be6665b9e8de66c25ba527509b229468573,,group-row-3027,train,train
row-3028,CWE-476,pgbouncer,74d6e5f7de5ec736f71204b7b422af7380c19ac5,,group-row-3028,train,train
row-3030,CWE-20,kvm-guest-drivers-windows,723416fa4210b7464b28eab89cc76252e6193ac1,CVE-2015-3215,group-row-3030,train,train
row-3031,CWE-20,kvm-guest-drivers-windows,723416fa4210b7464b28eab89cc76252e6193ac1,CVE-2015-3215,group-row-3030,train,train
row-3032,CWE-20,kvm-guest-drivers-windows,723416fa4210b7464b28eab89cc76252e6193ac1,CVE-2015-3215,group-row-3030,train,train
row-3033,CWE-20,kvm-guest-drivers-windows,723416fa4210b7464b28eab89cc76252e6193ac1,CVE-2015-3215,group-row-3030,train,train
row-3034,CWE-20,kvm-guest-drivers-windows,723416fa4210b7464b28eab89cc76252e6193ac1,CVE-2015-3215,group-row-3030,train,train
row-3035,CWE-20,kvm-guest-drivers-windows,723416fa4210b7464b28eab89cc76252e6193ac1,CVE-2015-3215,group-row-3030,train,train
row-3036,CWE-20,kvm-guest-drivers-windows,723416fa4210b7464b28eab89cc76252e6193ac1,CVE-2015-3215,group-row-3030,train,train
row-3037,CWE-20,kvm-guest-drivers-windows,723416fa4210b7464b28eab89cc76252e6193ac1,CVE-2015-3215,group-row-3030,train,train
row-3038,CWE-20,kvm-guest-drivers-windows,723416fa4210b7464b28eab89cc76252e6193ac1,CVE-2015-3215,group-row-3030,train,train
row-3039,CWE-20,kvm-guest-drivers-windows,fbfa4d1083ea84c5429992ca3e996d7d4fbc8238,CVE-2015-3215,group-row-3030,train,train
row-3040,CWE-20,kvm-guest-drivers-windows,fbfa4d1083ea84c5429992ca3e996d7d4fbc8238,CVE-2015-3215,group-row-3030,train,train
row-3041,CWE-20,kvm-guest-drivers-windows,fbfa4d1083ea84c5429992ca3e996d7d4fbc8238,CVE-2015-3215,group-row-3030,train,train
row-3042,CWE-20,kvm-guest-drivers-windows,fbfa4d1083ea84c5429992ca3e996d7d4fbc8238,CVE-2015-3215,group-row-3030,train,train
row-3043,CWE-20,kvm-guest-drivers-windows,fbfa4d1083ea84c5429992ca3e996d7d4fbc8238,CVE-2015-3215,group-row-3030,train,train
row-3044,CWE-119,tidy-html5,c18f27a58792f7fbd0b30a0ff50d6b40a82f940d,CVE-2015-5522,group-row-3044,train,train
row-3047,CWE-119,qemu,d4862a87e31a51de9eb260f25c9e99a75efe3235,CVE-2015-3214,group-row-3047,train,train
row-3050,CWE-20,php-src,f7d7befae8bcc2db0093f8adaa9f72eeb7ad891e,CVE-2015-4598,group-row-3050,validation,train
row-3054,CWE-20,php-src,f7d7befae8bcc2db0093f8adaa9f72eeb7ad891e,CVE-2015-4598,group-row-3050,validation,train
row-3055,CWE-20,php-src,f7d7befae8bcc2db0093f8adaa9f72eeb7ad891e,CVE-2015-4598,group-row-3050,validation,train
row-3056,CWE-20,php-src,f7d7befae8bcc2db0093f8adaa9f72eeb7ad891e,CVE-2015-4598,group-row-3050,validation,train
row-3059,CWE-20,php-src,f7d7befae8bcc2db0093f8adaa9f72eeb7ad891e,CVE-2015-4598,group-row-3050,validation,train
row-3062,CWE-295,freeradius-server,874b39451702338389260edbfc52b381b20352ec,CVE-2015-4680,group-row-3062,train,test
row-3063,CWE-295,freeradius-server,874b39451702338389260edbfc52b381b20352ec,CVE-2015-4680,group-row-3062,train,test
row-3064,CWE-200,wesnoth,f8914468182e8d0a1551b430c0879ba236fe4d6d,CVE-2015-5069,group-row-3064,train,train
row-3065,CWE-200,wesnoth,f8914468182e8d0a1551b430c0879ba236fe4d6d,CVE-2015-5069,group-row-3064,train,train
row-3066,CWE-200,wesnoth,b2738ffb2fdd2550ececb74f76f75583c43c8b59,CVE-2015-5069,group-row-3064,train,train
row-3067,CWE-200,wesnoth,b2738ffb2fdd2550ececb74f76f75583c43c8b59,CVE-2015-5069,group-row-3064,train,train
row-3068,CWE-119,node,78b0e30954111cfaba0edbeee85450d8cbc6fdf6,CVE-2015-5380,group-row-3068,validation,train
row-3069,CWE-119,node,78b0e30954111cfaba0edbeee85450d8cbc6fdf6,CVE-2015-5380,group-row-3068,validation,train
row-3070,CWE-119,node,78b0e30954111cfaba0edbeee85450d8cbc6fdf6,CVE-2015-5380,group-row-3068,validation,train
row-3071,CWE-119,node,78b0e30954111cfaba0edbeee85450d8cbc6fdf6,CVE-2015-5380,group-row-3068,validation,train
row-3080,CWE-59,lxc,f547349ea7ef3a6eae6965a95cb5986cd921bd99,CVE-2015-1331,group-row-3080,train,train
row-3084,CWE-703,linux,cd4a40174b71acd021877341684d8bb1dc8ea4ae,,group-row-3084,train,train
row-3087,CWE-200,linux,e0c9c0afd2fc958ffa34b697972721d81df8a56f,,group-row-3087,train,train
row-3088,CWE-200,linux,e0c9c0afd2fc958ffa34b697972721d81df8a56f,,group-row-3087,train,train
row-3089,CWE-703,linux,820f9f147dcce2602eefd9b575bbbd9ea14f0953,,group-row-3089,train,validation
row-3090,CWE-703,linux,820f9f147dcce2602eefd9b575bbbd9ea14f0953,,group-row-3089,train,validation
row-3093,CWE-416,linux,f15133df088ecadd141ea1907f2c96df67c729f0,,group-row-3093,train,train
row-3094,CWE-399,linux,7932c0bd7740f4cd2aa168d3ce0199e7af7d72d5,,group-row-3094,train,train
row-3104,CWE-415,jasper,b35a05635e56f554870ce85f64293a3868793f69,CVE-2015-5203,group-row-3104,train,train
row-3115,CWE-416,jasper,df5d2867e8004e51e18b89865bc4aa69229227b3,CVE-2015-5221,group-row-3115,train,train
row-3116,CWE-125,qemu,bea60dd7679364493a0d7f5b54316c767cf894ef,,group-row-3116,train,train
row-3117,CWE-125,qemu,bea60dd7679364493a0d7f5b54316c767cf894ef,,group-row-3116,train,train
row-3118,CWE-125,qemu,bea60dd7679364493a0d7f5b54316c767cf894ef,,group-row-3116,train,train
row-3119,CWE-125,qemu,bea60dd7679364493a0d7f5b54316c767cf894ef,,group-row-3116,train,train
row-3120,CWE-125,qemu,bea60dd7679364493a0d7f5b54316c767cf894ef,,group-row-3116,train,train
row-3121,CWE-125,qemu,bea60dd7679364493a0d7f5b54316c767cf894ef,,group-row-3116,train,train
row-3122,CWE-125,qemu,bea60dd7679364493a0d7f5b54316c767cf894ef,,group-row-3116,train,train
row-3123,CWE-125,qemu,bea60dd7679364493a0d7f5b54316c767cf894ef,,group-row-3116,train,train
row-3124,CWE-125,qemu,bea60dd7679364493a0d7f5b54316c767cf894ef,,group-row-3116,train,train
row-3125,CWE-125,qemu,bea60dd7679364493a0d7f5b54316c767cf894ef,,group-row-3116,train,train
row-3126,CWE-125,qemu,bea60dd7679364493a0d7f5b54316c767cf894ef,,group-row-3116,train,train
row-3127,CWE-125,qemu,bea60dd7679364493a0d7f5b54316c767cf894ef,,group-row-3116,train,train
row-3128,CWE-416,php-src,7381b6accc5559b2de039af3a22f6ec1003b03b3,CVE-2015-6831,group-row-3128,validation,train
row-3145,CWE-416,php-src,c2e197e4efc663ca55f393bf0e799848842286f3,CVE-2015-6831,group-row-3128,validation,train
row-3156,CWE-416,php-src,863bf294feb9ad425eadb94f288bc7f18673089d,CVE-2015-6831,group-row-3128,validation,train
row-3190,CWE-264,util-linux,bde91c85bdc77975155058276f99d2e0f5eab5a9,,group-row-3190,train,test
row-3191,CWE-264,util-linux,bde91c85bdc77975155058276f99d2e0f5eab5a9,,group-row-3190,train,test
row-3192,CWE-264,util-linux,bde91c85bdc77975155058276f99d2e0f5eab5a9,,group-row-3190,train,test
row-3193,CWE-264,util-linux,bde91c85bdc77975155058276f99d2e0f5eab5a9,,group-row-3190,train,test
row-3194,CWE-264,util-linux,bde91c85bdc77975155058276f99d2e0f5eab5a9,,group-row-3190,train,test
row-3197,CWE-119,screen,c336a32a1dcd445e6b83827f83531d4c6414e2cd,CVE-2015-6806,group-row-3197,train,train
row-3288,CWE-22,php-src,f9c2bf73adb2ede0a486b0db466c264f2b27e0bb,CVE-2014-9767,group-row-3288,validation,validation
row-3301,CWE-119,gdk-pixbuf,19f9685dbff7d1f929c61cf99188df917a18811d,CVE-2015-7673,group-row-3301,test,train
row-3302,CWE-119,gdk-pixbuf,19f9685dbff7d1f929c61cf99188df917a18811d,CVE-2015-7673,group-row-3301,test,train
row-3303,CWE-119,gdk-pixbuf,19f9685dbff7d1f929c61cf99188df917a18811d,CVE-2015-7673,group-row-3301,test,train
row-3304,CWE-119,gdk-pixbuf,19f9685dbff7d1f929c61cf99188df917a18811d,CVE-2015-7673,group-row-3301,test,train
row-3305,CWE-119,gdk-pixbuf,19f9685dbff7d1f929c61cf99188df917a18811d,CVE-2015-7673,group-row-3301,test,train
row-3306,CWE-119,gdk-pixbuf,19f9685dbff7d1f929c61cf99188df917a18811d,CVE-2015-7673,group-row-3301,test,train
row-3307,CWE-119,gdk-pixbuf,19f9685dbff7d1f929c61cf99188df917a18811d,CVE-2015-7673,group-row-3301,test,train
row-3308,CWE-119,gdk-pixbuf,edf6fb8d856574bc3bb3a703037f56533229267c,CVE-2015-7673,group-row-3301,test,train
row-3309,CWE-119,gdk-pixbuf,edf6fb8d856574bc3bb3a703037f56533229267c,CVE-2015-7673,group-row-3301,test,train
row-3310,CWE-119,gdk-pixbuf,edf6fb8d856574bc3bb3a703037f56533229267c,CVE-2015-7673,group-row-3301,test,train
row-3311,CWE-119,gdk-pixbuf,edf6fb8d856574bc3bb3a703037f56533229267c,CVE-2015-7673,group-row-3301,test,train
row-3312,CWE-119,gdk-pixbuf,edf6fb8d856574bc3bb3a703037f56533229267c,CVE-2015-7673,group-row-3301,test,train
row-3313,CWE-119,gdk-pixbuf,6ddca835100107e6b5841ce9d56074f6d98c387e,CVE-2015-7673,group-row-3301,test,train
row-3314,CWE-119,gdk-pixbuf,6ddca835100107e6b5841ce9d56074f6d98c387e,CVE-2015-7673,group-row-3301,test,train
row-3315,CWE-119,gdk-pixbuf,6ddca835100107e6b5841ce9d56074f6d98c387e,CVE-2015-7673,group-row-3301,test,train
row-3316,CWE-703,linux,74e98eb085889b0d2d4908f59f6e00026063014f,,group-row-3316,train,train
row-3317,CWE-416,openjpeg,940100c28ae28931722290794889cf84a92c5f6f,,group-row-3317,validation,train
row-3318,CWE-703,linux,744692dc059845b2a3022119871846e74d4f6e11,,group-row-3318,train,train
row-3319,CWE-703,linux,744692dc059845b2a3022119871846e74d4f6e11,,group-row-3318,train,train
row-3320,CWE-703,linux,744692dc059845b2a3022119871846e74d4f6e11,,group-row-3318,train,train
row-3321,CWE-703,linux,744692dc059845b2a3022119871846e74d4f6e11,,group-row-3318,train,train
row-3322,CWE-703,linux,744692dc059845b2a3022119871846e74d4f6e11,,group-row-3318,train,train
row-3323,CWE-703,linux,744692dc059845b2a3022119871846e74d4f6e11,,group-row-3318,train,train
row-3324,CWE-703,linux,744692dc059845b2a3022119871846e74d4f6e11,,group-row-3318,train,train
row-3325,CWE-703,linux,744692dc059845b2a3022119871846e74d4f6e11,,group-row-3318,train,train
row-3326,CWE-703,linux,744692dc059845b2a3022119871846e74d4f6e11,,group-row-3318,train,train
row-3327,CWE-703,linux,744692dc059845b2a3022119871846e74d4f6e11,,group-row-3318,train,train
row-3328,CWE-703,linux,744692dc059845b2a3022119871846e74d4f6e11,,group-row-3318,train,train
row-3329,CWE-703,linux,744692dc059845b2a3022119871846e74d4f6e11,,group-row-3318,train,train
row-3330,CWE-703,linux,744692dc059845b2a3022119871846e74d4f6e11,,group-row-3318,train,train
row-3331,CWE-703,linux,744692dc059845b2a3022119871846e74d4f6e11,,group-row-3318,train,train
row-3332,CWE-703,linux,744692dc059845b2a3022119871846e74d4f6e11,,group-row-3318,train,train
row-3333,CWE-703,linux,744692dc059845b2a3022119871846e74d4f6e11,,group-row-3318,train,train
row-3334,CWE-703,linux,744692dc059845b2a3022119871846e74d4f6e11,,group-row-3318,train,train
row-3335,CWE-703,linux,744692dc059845b2a3022119871846e74d4f6e11,,group-row-3318,train,train
row-3336,CWE-703,linux,744692dc059845b2a3022119871846e74d4f6e11,,group-row-3318,train,train
row-3337,CWE-703,linux,744692dc059845b2a3022119871846e74d4f6e11,,group-row-3318,train,train
row-3338,CWE-703,linux,744692dc059845b2a3022119871846e74d4f6e11,,group-row-3318,train,train
row-3354,CWE-189,gdk-pixbuf,e9a5704edaa9aee9498f1fbf6e1b70fcce2e55aa,CVE-2015-7674,group-row-3354,test,train
row-3364,CWE-119,mbedtls,c988f32adde62a169ba340fee0da15aecd40e76e,CVE-2015-5291,group-row-3364,train,train
row-3365,CWE-119,mbedtls,b1e325d6b2bd9c504536fbbd45dce348f0a6c40c,CVE-2015-5291,group-row-3364,train,train
row-3366,CWE-119,mbedtls,b1e325d6b2bd9c504536fbbd45dce348f0a6c40c,CVE-2015-5291,group-row-3364,train,train
row-3367,CWE-119,mbedtls,b1e325d6b2bd9c504536fbbd45dce348f0a6c40c,CVE-2015-5291,group-row-3364,train,train
row-3368,CWE-119,mbedtls,643a922c56b77235e88f106fb1b41c1a764cea5f,CVE-2015-5291,group-row-3364,train,train
row-3369,CWE-119,mbedtls,f3e6e4badb35760c9a543ee69b7449cb0cd9784b,CVE-2015-5291,group-row-3364,train,train
row-3371,CWE-20,qemu,a7278b36fcab9af469563bd7b9dadebe2ae25e48,,group-row-3371,train,train
row-3372,CWE-20,qemu,a7278b36fcab9af469563bd7b9dadebe2ae25e48,,group-row-3371,train,train
row-3374,CWE-200,libreport,257578a23d1537a2d235aaa2b1488ee4f818e360,CVE-2015-5302,group-row-3374,train,train
row-3375,CWE-200,libreport,257578a23d1537a2d235aaa2b1488ee4f818e360,CVE-2015-5302,group-row-3374,train,train
row-3376,CWE-200,libreport,257578a23d1537a2d235aaa2b1488ee4f818e360,CVE-2015-5302,group-row-3374,train,train
row-3388,CWE-119,libxml2,a7dfab7411cbf545f359dd3157e5df1eb0e7ce31,CVE-2015-7941,group-row-3388,test,train
row-3389,CWE-119,libxml2,9b8512337d14c8ddf662fcb98b0135f225a1c489,CVE-2015-7941,group-row-3388,test,train
row-3390,CWE-20,ntp,c4cd4aaf418f57f7225708a93bf48afb2bc9c1da,CVE-2015-7691,group-row-3390,validation,train
row-3391,CWE-20,ntp,c4cd4aaf418f57f7225708a93bf48afb2bc9c1da,CVE-2015-7691,group-row-3390,validation,train
row-3392,CWE-20,ntp,c4cd4aaf418f57f7225708a93bf48afb2bc9c1da,CVE-2015-7691,group-row-3390,validation,train
row-3393,CWE-20,ntp,c4cd4aaf418f57f7225708a93bf48afb2bc9c1da,CVE-2015-7691,group-row-3390,validation,train
row-3394,CWE-20,ntp,c4cd4aaf418f57f7225708a93bf48afb2bc9c1da,CVE-2015-7691,group-row-3390,validation,train
row-3395,CWE-20,ntp,c4cd4aaf418f57f7225708a93bf48afb2bc9c1da,CVE-2015-7691,group-row-3390,validation,train
row-3396,CWE-190,ntp,c04c3d3d940dfe1a53132925c4f51aef017d2e0f,CVE-2015-7848,group-row-3396,validation,train
row-3397,CWE-190,ntp,c04c3d3d940dfe1a53132925c4f51aef017d2e0f,CVE-2015-7848,group-row-3396,validation,train
row-3398,CWE-416,ntp,1bb401576f412532d8cdcca5509b85ad29605913,CVE-2015-7849,group-row-3398,validation,train
row-3399,CWE-416,ntp,1bb401576f412532d8cdcca5509b85ad29605913,CVE-2015-7849,group-row-3398,validation,train
row-3400,CWE-835,ntp,bb928ef08eec020ef6008f3a140702ccc0536b8e,CVE-2015-7850,group-row-3400,validation,train
row-3401,CWE-22,ntp,184516e143ce4448ddb5b9876dd372008cc779f6,CVE-2015-7851,group-row-3401,validation,train
row-3402,CWE-20,ntp,07a5b8141e354a998a52994c3c9cd547927e56ce,CVE-2015-7852,group-row-3402,validation,train
row-3403,CWE-120,ntp,9c22e66c8f2be6aa0c846f0d9804db20f93c105d,CVE-2015-7854,group-row-3403,validation,train
row-3404,CWE-120,ntp,9c22e66c8f2be6aa0c846f0d9804db20f93c105d,CVE-2015-7854,group-row-3403,validation,train
row-3405,CWE-20,ntp,ba716a464ecb20618560075f2e4e1051e5b6f24f,CVE-2015-7855,group-row-3405,validation,test
row-3407,CWE-200,linux-next,eda98796aff0d9bf41094b06811f5def3b4c333c,CVE-2015-7884,group-row-3407,train,train
row-3408,CWE-200,linux-next,4b6184336ebb5c8dc1eae7f7ab46ee608a748b05,CVE-2015-7885,group-row-3408,train,test
row-3446,CWE-200,samba,675fd8d771f9d43e354dba53ddd9b5483ae0a1d7,CVE-2015-5299,group-row-3446,train,validation
row-3447,CWE-119,libxml2,bd0526e66a56e75a18da8c15c4750db8f801c52d,CVE-2015-7942,group-row-3447,test,train
row-3448,CWE-119,libxml2,41ac9049a27f52e7a1f3b341f8714149fc88d450,CVE-2015-7942,group-row-3447,test,train
row-3449,CWE-703,libebml,88409e2a94dd3b40ff81d08bf6d92f486d036b24,,group-row-3449,train,train
row-3451,CWE-476,busybox,1de25a6e87e0e627aa34298105a3d17c60a1f44e,CVE-2015-9261,group-row-3451,train,train
row-3452,CWE-399,libxml2,69030714cde66d525a8884bda01b9e8f0abf8e1e,CVE-2015-5312,group-row-3452,test,train
row-3453,CWE-399,libxml2,f0709e3ca8f8947f2d91ed34e92e38a4c23eae63,CVE-2015-8035,group-row-3453,test,train
row-3457,CWE-200,samba,7f51ec8c4ed9ba1f53d722e44fb6fb3cde933b72,CVE-2015-5330,group-row-3457,train,validation
row-3458,CWE-200,samba,0454b95657846fcecf0f51b6f1194faac02518bd,CVE-2015-5330,group-row-3457,train,validation
row-3459,CWE-200,samba,f36cb71c330a52106e36028b3029d952257baf15,CVE-2015-5330,group-row-3457,train,validation
row-3460,CWE-200,samba,ba5dbda6d0174a59d221c45cca52ecd232820d48,CVE-2015-5330,group-row-3457,train,validation
row-3461,CWE-200,samba,ba5dbda6d0174a59d221c45cca52ecd232820d48,CVE-2015-5330,group-row-3457,train,validation
row-3462,CWE-200,samba,ba5dbda6d0174a59d221c45cca52ecd232820d48,CVE-2015-5330,group-row-3457,train,validation
row-3463,CWE-200,samba,ba5dbda6d0174a59d221c45cca52ecd232820d48,CVE-2015-5330,group-row-3457,train,validation
row-3464,CWE-200,samba,ba5dbda6d0174a59d221c45cca52ecd232820d48,CVE-2015-5330,group-row-3457,train,validation
row-3465,CWE-200,samba,a118d4220ed85749c07fb43c1229d9e2fecbea6b,CVE-2015-5330,group-row-3457,train,validation
row-3466,CWE-200,samba,538d305de91e34a2938f5f219f18bf0e1918763f,CVE-2015-5330,group-row-3457,train,validation
row-3467,CWE-120,libpng,81f44665cce4cb1373f049a76f3904e981b7a766,CVE-2015-8126,group-row-3467,test,train
row-3468,CWE-120,libpng,81f44665cce4cb1373f049a76f3904e981b7a766,CVE-2015-8126,group-row-3467,test,train
row-3469,CWE-120,libpng,a901eb3ce6087e0afeef988247f1a1aa208cb54d,CVE-2015-8126,group-row-3467,test,train
row-3470,CWE-120,libpng,a901eb3ce6087e0afeef988247f1a1aa208cb54d,CVE-2015-8126,group-row-3467,test,train
row-3471,CWE-120,libpng,a901eb3ce6087e0afeef988247f1a1aa208cb54d,CVE-2015-8126,group-row-3467,test,train
row-3472,CWE-120,libpng,1bef8e97995c33123665582e57d3ed40b57d5978,CVE-2015-8126,group-row-3467,test,train
row-3473,CWE-120,libpng,1bef8e97995c33123665582e57d3ed40b57d5978,CVE-2015-8126,group-row-3467,test,train
row-3474,CWE-120,libpng,83f4c735c88e7f451541c1528d8043c31ba3b466,CVE-2015-8126,group-row-3467,test,train
row-3475,CWE-120,libpng,9f2ad4928e47036cf1ac9b8fe45a491f15be2324,CVE-2015-8126,group-row-3467,test,train
row-3476,CWE-119,libxml2,6360a31a84efe69d155ed96306b9a931a40beab9,CVE-2015-7497,group-row-3476,test,train
row-3477,CWE-119,libxml2,afd27c21f6b36e22682b7da20d726bce2dcb2f43,CVE-2015-7498,group-row-3477,test,train
row-3478,CWE-119,libxml2,afd27c21f6b36e22682b7da20d726bce2dcb2f43,CVE-2015-7498,group-row-3477,test,train
row-3479,CWE-119,libxml2,afd27c21f6b36e22682b7da20d726bce2dcb2f43,CVE-2015-7498,group-row-3477,test,train
row-3480,CWE-119,libxml2,28cd9cb747a94483f4aea7f0968d202c20bb4cfc,CVE-2015-7499,group-row-3480,test,test
row-3481,CWE-119,libxml2,35bcb1d758ed70aa7b257c9c3b3ff55e54e3d0da,CVE-2015-7499,group-row-3480,test,test
row-3482,CWE-119,libxml2,709a952110e98621c9b78c4f26462a9d8333102e,CVE-2015-8317,group-row-3482,test,validation
row-3483,CWE-119,libxml2,9aa37588ee78a06ca1379a9d9356eab16686099c,CVE-2015-8317,group-row-3482,test,validation
row-3484,CWE-119,libxml2,ab2b9a93ff19cedde7befbf2fcc48c6e352b6cbe,CVE-2015-8241,group-row-3484,test,test
row-3485,CWE-119,libxml2,f1063fdbe7fa66332bbb76874101c2a7b51b519f,CVE-2015-7500,group-row-3485,test,validation
row-3486,CWE-119,libxml2,8fb4a770075628d6441fb17a1e435100e2f3b1a2,CVE-2015-8242,group-row-3486,test,train
row-3520,CWE-119,qemu,8b98a2f07175d46c3f7217639bd5e03f2ec56343,,group-row-3520,train,train
row-3522,CWE-200,linux,0305cd5f7fca85dae392b9ba85b116896eb7c1c7,,group-row-3522,train,train
row-3523,CWE-200,linux,8039d87d9e473aeb740d4fdbd59b9d2f89b2ced9,CVE-2015-8374,group-row-3523,train,train
row-3524,CWE-264,grub,451d80e52d851432e109771bb8febafca7a5f1f2,CVE-2015-8370,group-row-3524,train,train
row-3525,CWE-264,grub,451d80e52d851432e109771bb8febafca7a5f1f2,CVE-2015-8370,group-row-3524,train,train
row-3528,CWE-399,samba,530d50a1abdcdf4d1775652d4c456c1274d83d8d,CVE-2015-7540,group-row-3528,train,train
row-3529,CWE-399,samba,530d50a1abdcdf4d1775652d4c456c1274d83d8d,CVE-2015-7540,group-row-3528,train,train
row-3530,CWE-399,samba,530d50a1abdcdf4d1775652d4c456c1274d83d8d,CVE-2015-7540,group-row-3528,train,train
row-3531,CWE-399,samba,530d50a1abdcdf4d1775652d4c456c1274d83d8d,CVE-2015-7540,group-row-3528,train,train
row-3532,CWE-399,samba,530d50a1abdcdf4d1775652d4c456c1274d83d8d,CVE-2015-7540,group-row-3528,train,train
row-3533,CWE-399,samba,530d50a1abdcdf4d1775652d4c456c1274d83d8d,CVE-2015-7540,group-row-3528,train,train
row-3534,CWE-399,samba,530d50a1abdcdf4d1775652d4c456c1274d83d8d,CVE-2015-7540,group-row-3528,train,train
row-3535,CWE-399,samba,530d50a1abdcdf4d1775652d4c456c1274d83d8d,CVE-2015-7540,group-row-3528,train,train
row-3536,CWE-399,samba,530d50a1abdcdf4d1775652d4c456c1274d83d8d,CVE-2015-7540,group-row-3528,train,train
row-3537,CWE-399,samba,530d50a1abdcdf4d1775652d4c456c1274d83d8d,CVE-2015-7540,group-row-3528,train,train
row-3538,CWE-399,samba,9d989c9dd7a5b92d0c5d65287935471b83b6e884,CVE-2015-7540,group-row-3528,train,train
row-3539,CWE-399,samba,9d989c9dd7a5b92d0c5d65287935471b83b6e884,CVE-2015-7540,group-row-3528,train,train
row-3540,CWE-399,samba,9d989c9dd7a5b92d0c5d65287935471b83b6e884,CVE-2015-7540,group-row-3528,train,train
row-3541,CWE-399,samba,9d989c9dd7a5b92d0c5d65287935471b83b6e884,CVE-2015-7540,group-row-3528,train,train
row-3542,CWE-399,samba,9d989c9dd7a5b92d0c5d65287935471b83b6e884,CVE-2015-7540,group-row-3528,train,train
row-3543,CWE-399,samba,9d989c9dd7a5b92d0c5d65287935471b83b6e884,CVE-2015-7540,group-row-3528,train,train
row-3544,CWE-399,samba,9d989c9dd7a5b92d0c5d65287935471b83b6e884,CVE-2015-7540,group-row-3528,train,train
row-3545,CWE-399,samba,9d989c9dd7a5b92d0c5d65287935471b83b6e884,CVE-2015-7540,group-row-3528,train,train
row-3546,CWE-399,samba,9d989c9dd7a5b92d0c5d65287935471b83b6e884,CVE-2015-7540,group-row-3528,train,train
row-3547,CWE-399,samba,9d989c9dd7a5b92d0c5d65287935471b83b6e884,CVE-2015-7540,group-row-3528,train,train
row-3548,CWE-399,samba,9d989c9dd7a5b92d0c5d65287935471b83b6e884,CVE-2015-7540,group-row-3528,train,train
row-3549,CWE-399,samba,9d989c9dd7a5b92d0c5d65287935471b83b6e884,CVE-2015-7540,group-row-3528,train,train
row-3550,CWE-399,samba,9d989c9dd7a5b92d0c5d65287935471b83b6e884,CVE-2015-7540,group-row-3528,train,train
row-3551,CWE-399,samba,9d989c9dd7a5b92d0c5d65287935471b83b6e884,CVE-2015-7540,group-row-3528,train,train
row-3552,CWE-399,samba,9d989c9dd7a5b92d0c5d65287935471b83b6e884,CVE-2015-7540,group-row-3528,train,train
row-3553,CWE-399,samba,9d989c9dd7a5b92d0c5d65287935471b83b6e884,CVE-2015-7540,group-row-3528,train,train
row-3554,CWE-399,samba,9d989c9dd7a5b92d0c5d65287935471b83b6e884,CVE-2015-7540,group-row-3528,train,train
row-3556,CWE-189,samba,ec504dbf69636a554add1f3d5703dd6c3ad450b8,CVE-2015-3223,group-row-3556,train,train
row-3557,CWE-189,samba,aa6c27148b9d3f8c1e4fdd5dd46bfecbbd0ca465,CVE-2015-3223,group-row-3556,train,train
row-3558,CWE-264,samba,4278ef25f64d5fdbf432ff1534e275416ec9561e,CVE-2015-5252,group-row-3558,train,train
row-3559,CWE-264,samba,4278ef25f64d5fdbf432ff1534e275416ec9561e,CVE-2015-5252,group-row-3558,train,train
row-3560,CWE-20,samba,d724f835acb9f4886c0001af32cd325dbbf1f895,CVE-2015-5296,group-row-3560,train,train
row-3561,CWE-20,samba,1ba49b8f389eda3414b14410c7fbcb4041ca06b1,CVE-2015-5296,group-row-3560,train,train
row-3562,CWE-20,samba,1ba49b8f389eda3414b14410c7fbcb4041ca06b1,CVE-2015-5296,group-row-3560,train,train
row-3563,CWE-20,samba,a819d2b440aafa3138d95ff6e8b824da885a70e9,CVE-2015-5296,group-row-3560,train,train
row-3564,CWE-20,samba,a819d2b440aafa3138d95ff6e8b824da885a70e9,CVE-2015-5296,group-row-3560,train,train
row-3572,CWE-200,net,09ccfd238e5a0e670d8178cf50180ea81ae09ae1,CVE-2015-8569,group-row-3572,train,train
row-3573,CWE-200,net,09ccfd238e5a0e670d8178cf50180ea81ae09ae1,CVE-2015-8569,group-row-3572,train,train
row-3574,CWE-200,net,5233252fce714053f0151680933571a2da9cbfb4,CVE-2015-8575,group-row-3574,train,train
row-3575,CWE-119,claws,d390fa07f5548f3173dd9cc13b233db5ce934c82,CVE-2015-8614,group-row-3575,train,train
row-3576,CWE-119,claws,d390fa07f5548f3173dd9cc13b233db5ce934c82,CVE-2015-8614,group-row-3575,train,train
row-3577,CWE-119,claws,d390fa07f5548f3173dd9cc13b233db5ce934c82,CVE-2015-8614,group-row-3575,train,train
row-3578,CWE-119,claws,e3ffcb455e0376053451ce968e6c71ef37708222,CVE-2015-8614,group-row-3575,train,train
row-3579,CWE-59,rsync,962f8b90045ab331fc04c9e65f80f1a53e68243b,CVE-2014-9512,group-row-3579,train,train
row-3580,CWE-59,rsync,962f8b90045ab331fc04c9e65f80f1a53e68243b,CVE-2014-9512,group-row-3579,train,train
row-3581,CWE-59,rsync,962f8b90045ab331fc04c9e65f80f1a53e68243b,CVE-2014-9512,group-row-3579,train,train
row-3582,CWE-59,rsync,962f8b90045ab331fc04c9e65f80f1a53e68243b,CVE-2014-9512,group-row-3579,train,train
row-3583,CWE-59,rsync,962f8b90045ab331fc04c9e65f80f1a53e68243b,CVE-2014-9512,group-row-3579,train,train
row-3584,CWE-59,rsync,962f8b90045ab331fc04c9e65f80f1a53e68243b,CVE-2014-9512,group-row-3579,train,train
row-3585,CWE-59,rsync,e12a6c087ca1eecdb8eae5977be239c24f4dd3d9,CVE-2014-9512,group-row-3579,train,train
row-3586,CWE-59,rsync,e12a6c087ca1eecdb8eae5977be239c24f4dd3d9,CVE-2014-9512,group-row-3579,train,train
row-3587,CWE-59,rsync,4cad402ea8a91031f86c53961d78bb7f4f174790,CVE-2014-9512,group-row-3579,train,train
row-3588,CWE-59,rsync,4cad402ea8a91031f86c53961d78bb7f4f174790,CVE-2014-9512,group-row-3579,train,train
row-3589,CWE-59,rsync,4cad402ea8a91031f86c53961d78bb7f4f174790,CVE-2014-9512,group-row-3579,train,train
row-3590,CWE-59,rsync,371242e4e8150d4f9cc74cdf2d75d8250535175e,CVE-2014-9512,group-row-3579,train,train
row-3593,CWE-703,linux,cb3232138e37129e88240a98a1d2aba2187ff57c,,group-row-3593,train,train
row-3607,CWE-703,linux,23567fd052a9abb6d67fe8e7a9ccdd9800a540f2,,group-row-3607,train,test
row-3609,CWE-119,php-src,4bb422343f29f06b7081323844d9b52e1a71e4a5,CVE-2016-1903,group-row-3609,validation,train
row-3610,CWE-119,php-src,2baeb167a08b0186a885208bdc8b5871f1681dc8,CVE-2016-1903,group-row-3609,validation,train
row-3611,CWE-119,php-src,aa8d3a8cc612ba87c0497275f58a2317a90fb1c4,CVE-2016-1903,group-row-3609,validation,train
row-3639,CWE-119,jasper,980da43d8d388a67cac505e734423b2a5aa4cede,CVE-2016-1867,group-row-3639,train,train
row-3645,CWE-119,cgit,4458abf64172a62b92810c2293450106e6dfc763,CVE-2016-1901,group-row-3645,train,train
row-3646,CWE-119,Pillow,a130c45990578a1bb0a6a000ed1b110e27324910,CVE-2016-0740,group-row-3646,train,train
row-3647,CWE-119,Pillow,a130c45990578a1bb0a6a000ed1b110e27324910,CVE-2016-0740,group-row-3646,train,train
row-3649,CWE-787,linux,23c8a812dc3c621009e4f0e5342aa4e2ede1ceaa,,group-row-3649,train,train
row-3652,CWE-119,ntp,12f1323d18c8d74eb14fb5ac5574183d779794c5,CVE-2015-7975,group-row-3652,validation,train
row-3654,CWE-476,ntp,8a0c765f3c47633fa262356b0818788d1cf249b1,CVE-2015-7977,group-row-3654,validation,train
row-3655,CWE-476,ntp,8a0c765f3c47633fa262356b0818788d1cf249b1,CVE-2015-7977,group-row-3654,validation,train
row-3656,CWE-476,ntp,8a0c765f3c47633fa262356b0818788d1cf249b1,CVE-2015-7977,group-row-3654,validation,train
row-3657,CWE-476,ntp,8a0c765f3c47633fa262356b0818788d1cf249b1,CVE-2015-7977,group-row-3654,validation,train
row-3658,CWE-476,ntp,8a0c765f3c47633fa262356b0818788d1cf249b1,CVE-2015-7977,group-row-3654,validation,train
row-3659,CWE-476,ntp,8a0c765f3c47633fa262356b0818788d1cf249b1,CVE-2015-7977,group-row-3654,validation,train
row-3660,CWE-476,ntp,8a0c765f3c47633fa262356b0818788d1cf249b1,CVE-2015-7977,group-row-3654,validation,train
row-3661,CWE-476,ntp,8a0c765f3c47633fa262356b0818788d1cf249b1,CVE-2015-7977,group-row-3654,validation,train
row-3662,CWE-476,ntp,8a0c765f3c47633fa262356b0818788d1cf249b1,CVE-2015-7977,group-row-3654,validation,train
row-3663,CWE-476,ntp,8a0c765f3c47633fa262356b0818788d1cf249b1,CVE-2015-7977,group-row-3654,validation,train
row-3686,CWE-200,mysql-server,0dbd5a8797ed4bd18e8b883988fb62177eb0f73f,,group-row-3686,train,train
row-3687,CWE-200,mysql-server,0dbd5a8797ed4bd18e8b883988fb62177eb0f73f,,group-row-3686,train,train
row-3688,CWE-200,mysql-server,0dbd5a8797ed4bd18e8b883988fb62177eb0f73f,,group-row-3686,train,train
row-3689,CWE-200,mysql-server,0dbd5a8797ed4bd18e8b883988fb62177eb0f73f,,group-row-3686,train,train
row-3690,CWE-200,mysql-server,0dbd5a8797ed4bd18e8b883988fb62177eb0f73f,,group-row-3686,train,train
row-3691,CWE-200,mysql-server,0dbd5a8797ed4bd18e8b883988fb62177eb0f73f,,group-row-3686,train,train
row-3692,CWE-200,mysql-server,0dbd5a8797ed4bd18e8b883988fb62177eb0f73f,,group-row-3686,train,train
row-3693,CWE-200,mysql-server,0dbd5a8797ed4bd18e8b883988fb62177eb0f73f,,group-row-3686,train,train
row-3694,CWE-200,mysql-server,0dbd5a8797ed4bd18e8b883988fb62177eb0f73f,,group-row-3686,train,train
row-3695,CWE-200,mysql-server,0dbd5a8797ed4bd18e8b883988fb62177eb0f73f,,group-row-3686,train,train
row-3696,CWE-703,harfbuzz,63ef0b41dc48d6112d1918c1b1de9de8ea90adb5,,group-row-3696,train,validation
row-3711,CWE-20,linux,124d3b7041f9a0ca7c43a6293e1cae4576c32fd5,,group-row-3711,train,train
row-3712,CWE-20,linux,124d3b7041f9a0ca7c43a6293e1cae4576c32fd5,,group-row-3711,train,train
row-3716,CWE-703,krb5,b863de7fbf080b15e347a736fdda0a82d42f4f6b,,group-row-3716,test,train
row-3717,CWE-703,krb5,b863de7fbf080b15e347a736fdda0a82d42f4f6b,,group-row-3716,test,train
row-3718,CWE-20,jasper,c87ad330a8b8d6e5eb0065675601fdfae08ebaab,CVE-2016-2089,group-row-3718,train,train
row-3719,CWE-20,jasper,c87ad330a8b8d6e5eb0065675601fdfae08ebaab,CVE-2016-2089,group-row-3718,train,train
row-3720,CWE-20,jasper,c87ad330a8b8d6e5eb0065675601fdfae08ebaab,CVE-2016-2089,group-row-3718,train,train
row-3721,CWE-20,jasper,c87ad330a8b8d6e5eb0065675601fdfae08ebaab,CVE-2016-2089,group-row-3718,train,train
row-3722,CWE-20,jasper,c87ad330a8b8d6e5eb0065675601fdfae08ebaab,CVE-2016-2089,group-row-3718,train,train
row-3723,CWE-20,jasper,c87ad330a8b8d6e5eb0065675601fdfae08ebaab,CVE-2016-2089,group-row-3718,train,train
row-3724,CWE-20,jasper,c87ad330a8b8d6e5eb0065675601fdfae08ebaab,CVE-2016-2089,group-row-3718,train,train
row-3750,CWE-703,linux,67f1aee6f45059fd6b0f5b0ecb2c97ad0451f6b3,,group-row-3750,train,train
row-3751,CWE-703,linux,67f1aee6f45059fd6b0f5b0ecb2c97ad0451f6b3,,group-row-3750,train,train
row-3752,CWE-200,libebml,24e5cd7c666b1ddd85619d60486db0a5481c1b90,,group-row-3752,train,train
row-3767,CWE-20,php-src,6297a117d77fa3a0df2e21ca926a92c231819cd5,CVE-2016-10712,group-row-3767,validation,train
row-3771,CWE-20,php-src,6297a117d77fa3a0df2e21ca926a92c231819cd5,CVE-2016-10712,group-row-3767,validation,train
row-3778,CWE-119,php-src,07c7df68bd68bbe706371fccc77c814ebb335d9e,CVE-2016-2554,group-row-3778,validation,train
row-3785,CWE-200,libssh,4e6ff36a9a3aef72aa214f6fb267c28953b80060,CVE-2016-0739,group-row-3785,train,train
row-3786,CWE-200,libssh,4e6ff36a9a3aef72aa214f6fb267c28953b80060,CVE-2016-0739,group-row-3785,train,train
row-3787,CWE-200,libssh2,ca5222ea819cc5ed797860070b4c6c1aeeb28420,CVE-2016-0787,group-row-3787,train,train
row-3788,CWE-200,libgcrypt,88e1358962e902ff1cbec8d53ba3eee46407851a,CVE-2015-7511,group-row-3788,train,train
row-3789,CWE-703,linux,07d86ca93db7e5cdf4743564d98292042ec21af7,,group-row-3789,train,train
row-3790,CWE-200,linux,a1b14d27ed0965838350f1377ff97c93ee383492,,group-row-3790,train,train
row-3791,CWE-476,linux,42cb14b110a5698ccf26ce59c4441722605a3743,,group-row-3791,train,train
row-3792,CWE-476,linux,42cb14b110a5698ccf26ce59c4441722605a3743,,group-row-3791,train,train
row-3793,CWE-20,linux,3446c13b268af86391d06611327006b059b8bab1,,group-row-3793,train,validation
row-3794,CWE-20,linux,3446c13b268af86391d06611327006b059b8bab1,,group-row-3793,train,validation
row-3795,CWE-20,linux,3446c13b268af86391d06611327006b059b8bab1,,group-row-3793,train,validation
row-3796,CWE-399,linux,415e3d3e90ce9e18727e8843ae343eda5a58fad6,,group-row-3796,train,train
row-3797,CWE-399,linux,415e3d3e90ce9e18727e8843ae343eda5a58fad6,,group-row-3796,train,train
row-3798,CWE-399,linux,415e3d3e90ce9e18727e8843ae343eda5a58fad6,,group-row-3796,train,train
row-3799,CWE-399,linux,415e3d3e90ce9e18727e8843ae343eda5a58fad6,,group-row-3796,train,train
row-3800,CWE-399,linux,415e3d3e90ce9e18727e8843ae343eda5a58fad6,,group-row-3796,train,train
row-3801,CWE-399,linux,415e3d3e90ce9e18727e8843ae343eda5a58fad6,,group-row-3796,train,train
row-3802,CWE-703,linux,030e2c78d3a91dd0d27fef37e91950dde333eba1,,group-row-3802,train,train
row-3813,CWE-20,linux,2ba1fe7a06d3624f9a7586d672b55f08f7c670f3,,group-row-3813,train,train
row-3814,CWE-20,linux,2ba1fe7a06d3624f9a7586d672b55f08f7c670f3,,group-row-3813,train,train
row-3815,CWE-703,linux,e50293ef9775c5f1cf3fcc093037dd6a8c5684ea,,group-row-3815,train,train
row-3818,CWE-399,linux,759c01142a5d0f364a462346168a56de28a80f52,,group-row-3818,train,train
row-3819,CWE-399,linux,759c01142a5d0f364a462346168a56de28a80f52,,group-row-3818,train,train
row-3820,CWE-399,linux,759c01142a5d0f364a462346168a56de28a80f52,,group-row-3818,train,train
row-3821,CWE-399,linux,759c01142a5d0f364a462346168a56de28a80f52,,group-row-3818,train,train
row-3823,CWE-264,exim,43ba2742c700d625dcdcdaf7bbadc2f72776854a,CVE-2016-1531,group-row-3823,train,train
row-3824,CWE-264,exim,43ba2742c700d625dcdcdaf7bbadc2f72776854a,CVE-2016-1531,group-row-3823,train,train
row-3825,CWE-264,exim,43ba2742c700d625dcdcdaf7bbadc2f72776854a,CVE-2016-1531,group-row-3823,train,train
row-3826,CWE-264,exim,dd90c19962a63fe966e17c75b4a36639302d1e67,CVE-2016-1531,group-row-3823,train,train
row-3827,CWE-264,exim,dd90c19962a63fe966e17c75b4a36639302d1e67,CVE-2016-1531,group-row-3823,train,train
row-3828,CWE-264,exim,dd90c19962a63fe966e17c75b4a36639302d1e67,CVE-2016-1531,group-row-3823,train,train
row-3830,CWE-399,jasper,142245b9bbb33274a7c620aa7a8f85bc00b2d68e,CVE-2016-2116,group-row-3830,train,train
row-3831,CWE-119,qemu,60253ed1e6ec6d8e5ef2efe7bf755f475dce9956,,group-row-3831,train,train
row-3832,CWE-119,qemu,60253ed1e6ec6d8e5ef2efe7bf755f475dce9956,,group-row-3831,train,train
row-3833,CWE-119,qemu,60253ed1e6ec6d8e5ef2efe7bf755f475dce9956,,group-row-3831,train,train
row-3834,CWE-119,qemu,60253ed1e6ec6d8e5ef2efe7bf755f475dce9956,,group-row-3831,train,train
row-3837,CWE-119,php-src,a6fdc5bb27b20d889de0cd29318b3968aabb57bd,CVE-2016-3142,group-row-3837,validation,train
row-3838,CWE-119,php-src,b1bd4119bcafab6f9a8f84d92cd65eec3afeface,CVE-2016-3141,group-row-3838,validation,train
row-3839,CWE-119,php-src,b1bd4119bcafab6f9a8f84d92cd65eec3afeface,CVE-2016-3141,group-row-3838,validation,train
row-3840,CWE-190,php-src,57b997ebf99e0eb9a073e0dafd2ab100bd4a112d,CVE-2016-4344,group-row-3840,validation,train
row-3841,CWE-190,php-src,57b997ebf99e0eb9a073e0dafd2ab100bd4a112d,CVE-2016-4344,group-row-3840,validation,train
row-3842,CWE-20,php-src,eaf4e77190d402ea014207e9a7d5da1a4f3727ba,CVE-2016-3185,group-row-3842,validation,train
row-3850,CWE-703,linux,8835ba4a39cf53f705417b3b3a94eb067673f2c9,,group-row-3850,train,train
row-3853,CWE-119,busybox,352f79acbd759c14399e39baef21fc4ffe180ac2,,group-row-3853,train,train
row-3854,CWE-119,quagga,a3bc7e9400b214a0f078fdb19596ba54214a1442,CVE-2016-2342,group-row-3854,train,test
row-3855,CWE-703,linux,5a07975ad0a36708c6b0a5b9fea1ff811d0b0c1f,,group-row-3855,train,train
row-3856,CWE-703,linux,c55aee1bf0e6b6feec8b2927b43f7a09a6d5f754,,group-row-3856,train,train
row-3857,CWE-703,linux,c55aee1bf0e6b6feec8b2927b43f7a09a6d5f754,,group-row-3856,train,train
row-3858,CWE-703,linux,4e9a0b05257f29cf4b75f3209243ed71614d062e,,group-row-3858,train,train
row-3866,CWE-703,linux,950336ba3e4a1ffd2ca60d29f6ef386dd2c7351d,,group-row-3866,train,train
row-3867,CWE-703,linux,9c6ba456711687b794dcf285856fc14e2c76074f,,group-row-3867,train,train
row-3868,CWE-703,linux,162f98dea487206d9ab79fc12ed64700667a894d,,group-row-3868,train,test
row-3869,CWE-703,linux,4ec0ef3a82125efc36173062a50624550a900ae0,,group-row-3869,train,validation
row-3870,CWE-119,nf-next,d7591f0c41ce3e67600a982bab6989ef0f07b3ce,CVE-2016-3134,group-row-3870,train,test
row-3871,CWE-119,nf-next,d7591f0c41ce3e67600a982bab6989ef0f07b3ce,CVE-2016-3134,group-row-3870,train,test
row-3872,CWE-119,nf-next,d7591f0c41ce3e67600a982bab6989ef0f07b3ce,CVE-2016-3134,group-row-3870,train,test
row-3873,CWE-200,linux,ab676b7d6fbf4b294bf198fb27ade5b0e865c7ce,,group-row-3873,train,test
row-3879,CWE-119,openjpeg,ad593c9e0622e0d8d87228e67e4dbd36243ffd22,CVE-2016-3182,group-row-3879,validation,validation
row-3880,CWE-399,net-next,fbd40ea0180a2d328c5adc61414dc8bab9335ce2,CVE-2016-3156,group-row-3880,train,train
row-3881,CWE-399,net-next,fbd40ea0180a2d328c5adc61414dc8bab9335ce2,CVE-2016-3156,group-row-3880,train,train
row-3882,CWE-399,net-next,fbd40ea0180a2d328c5adc61414dc8bab9335ce2,CVE-2016-3156,group-row-3880,train,train
row-3883,CWE-703,krb5,08c642c09c38a9c6454ab43a9b53b2a89b9eef99,,group-row-3883,test,train
row-3884,CWE-20,libxml2,bdd66182ef53fe1f7209ab6535fda56366bd7ac9,CVE-2016-3627,group-row-3884,test,train
row-3885,CWE-20,libxml2,bdd66182ef53fe1f7209ab6535fda56366bd7ac9,CVE-2016-3627,group-row-3884,test,train
row-3886,CWE-703,linux,a0ad220c96692eda76b2e3fd7279f3dcd1d8a8ff,,group-row-3886,train,train
row-3888,CWE-119,php-src,64f42c73efc58e88671ad76b6b6bc8e2b62713e1,CVE-2016-4073,group-row-3888,validation,train
row-3897,CWE-20,php-src,1e9b175204e3286d64dfd6c9f09151c31b5e099a,CVE-2016-4072,group-row-3897,validation,validation
row-3898,CWE-20,php-src,1e9b175204e3286d64dfd6c9f09151c31b5e099a,CVE-2016-4072,group-row-3897,validation,validation
row-3899,CWE-20,php-src,1e9b175204e3286d64dfd6c9f09151c31b5e099a,CVE-2016-4072,group-row-3897,validation,validation
row-3900,CWE-20,php-src,1e9b175204e3286d64dfd6c9f09151c31b5e099a,CVE-2016-4072,group-row-3897,validation,validation
row-3901,CWE-20,php-src,1e9b175204e3286d64dfd6c9f09151c31b5e099a,CVE-2016-4072,group-row-3897,validation,validation
row-3902,CWE-20,php-src,1e9b175204e3286d64dfd6c9f09151c31b5e099a,CVE-2016-4072,group-row-3897,validation,validation
row-3903,CWE-20,php-src,1e9b175204e3286d64dfd6c9f09151c31b5e099a,CVE-2016-4072,group-row-3897,validation,validation
row-3904,CWE-20,php-src,1e9b175204e3286d64dfd6c9f09151c31b5e099a,CVE-2016-4072,group-row-3897,validation,validation
row-3905,CWE-20,php-src,1e9b175204e3286d64dfd6c9f09151c31b5e099a,CVE-2016-4072,group-row-3897,validation,validation
row-3906,CWE-20,php-src,1e9b175204e3286d64dfd6c9f09151c31b5e099a,CVE-2016-4072,group-row-3897,validation,validation
row-3907,CWE-20,php-src,1e9b175204e3286d64dfd6c9f09151c31b5e099a,CVE-2016-4072,group-row-3897,validation,validation
row-3908,CWE-20,php-src,1e9b175204e3286d64dfd6c9f09151c31b5e099a,CVE-2016-4072,group-row-3897,validation,validation
row-3909,CWE-20,php-src,1e9b175204e3286d64dfd6c9f09151c31b5e099a,CVE-2016-4072,group-row-3897,validation,validation
row-3910,CWE-20,php-src,1e9b175204e3286d64dfd6c9f09151c31b5e099a,CVE-2016-4072,group-row-3897,validation,validation
row-3911,CWE-20,php-src,1e9b175204e3286d64dfd6c9f09151c31b5e099a,CVE-2016-4072,group-row-3897,validation,validation
row-3912,CWE-20,php-src,1e9b175204e3286d64dfd6c9f09151c31b5e099a,CVE-2016-4072,group-row-3897,validation,validation
row-3913,CWE-20,php-src,1e9b175204e3286d64dfd6c9f09151c31b5e099a,CVE-2016-4072,group-row-3897,validation,validation
row-3914,CWE-20,php-src,1e9b175204e3286d64dfd6c9f09151c31b5e099a,CVE-2016-4072,group-row-3897,validation,validation
row-3915,CWE-20,php-src,6e25966544fb1d2f3d7596e060ce9c9269bbdcf8,CVE-2016-4071,group-row-3915,validation,train
row-3917,CWE-119,php-src,fe13566c93f118a15a96320a546c7878fd0cfc5e,CVE-2015-8865,group-row-3917,validation,train
row-3936,CWE-119,libsrtp,704a31774db0dd941094fd2b47c21638b8dc3de2,CVE-2015-6360,group-row-3936,train,validation
row-3937,CWE-119,libsrtp,704a31774db0dd941094fd2b47c21638b8dc3de2,CVE-2015-6360,group-row-3936,train,validation
row-3938,CWE-119,libsrtp,704a31774db0dd941094fd2b47c21638b8dc3de2,CVE-2015-6360,group-row-3936,train,validation
row-3939,CWE-119,libsrtp,704a31774db0dd941094fd2b47c21638b8dc3de2,CVE-2015-6360,group-row-3936,train,validation
row-3940,CWE-119,libsrtp,be95365fbb4788b688cab7af61c65b7989055fb4,CVE-2015-6360,group-row-3936,train,validation
row-3941,CWE-119,libsrtp,be95365fbb4788b688cab7af61c65b7989055fb4,CVE-2015-6360,group-row-3936,train,validation
row-3942,CWE-119,libsrtp,be06686c8e98cc7bd934e10abb6f5e971d03f8ee,CVE-2015-6360,group-row-3936,train,validation
row-3943,CWE-119,libsrtp,be06686c8e98cc7bd934e10abb6f5e971d03f8ee,CVE-2015-6360,group-row-3936,train,validation
row-3944,CWE-119,libsrtp,cdc69f2acde796a4152a250f869271298abc233f,CVE-2015-6360,group-row-3936,train,validation
row-3947,CWE-703,linux,4d06dd537f95683aba3651098ae288b7cbff8274,,group-row-3947,train,train
row-3948,CWE-703,linux,1666984c8625b3db19a9abc298931d35ab7bc64b,,group-row-3948,train,train
row-3950,CWE-399,libtasn1,f435825c0f527a8e52e6ffbc3ad0bc60531d537e,CVE-2016-4008,group-row-3950,train,train
row-3972,CWE-200,botan,bcf13fa153a11b3e0ad54e2af6962441cea3adf1,CVE-2016-2849,group-row-3972,train,train
row-3973,CWE-200,botan,bcf13fa153a11b3e0ad54e2af6962441cea3adf1,CVE-2016-2849,group-row-3972,train,train
row-3974,CWE-20,libxml2,8f30bdff69edac9075f4663ce3b56b0c52d48ce6,CVE-2016-3705,group-row-3974,test,train
row-3975,CWE-20,libxml2,8f30bdff69edac9075f4663ce3b56b0c52d48ce6,CVE-2016-3705,group-row-3974,test,train
row-3976,CWE-20,libxml2,8f30bdff69edac9075f4663ce3b56b0c52d48ce6,CVE-2016-3705,group-row-3974,test,train
row-3980,CWE-20,php-src,ed52bcb3dcb2e7dbc009ef8c6579fb1276ca73c1,CVE-2016-4537,group-row-3980,validation,train
row-3981,CWE-20,php-src,ed52bcb3dcb2e7dbc009ef8c6579fb1276ca73c1,CVE-2016-4537,group-row-3980,validation,train
row-3982,CWE-20,php-src,ed52bcb3dcb2e7dbc009ef8c6579fb1276ca73c1,CVE-2016-4537,group-row-3980,validation,train
row-3983,CWE-20,php-src,ed52bcb3dcb2e7dbc009ef8c6579fb1276ca73c1,CVE-2016-4537,group-row-3980,validation,train
row-3984,CWE-20,php-src,ed52bcb3dcb2e7dbc009ef8c6579fb1276ca73c1,CVE-2016-4537,group-row-3980,validation,train
row-3985,CWE-20,php-src,ed52bcb3dcb2e7dbc009ef8c6579fb1276ca73c1,CVE-2016-4537,group-row-3980,validation,train
row-3988,CWE-20,php-src,ed52bcb3dcb2e7dbc009ef8c6579fb1276ca73c1,CVE-2016-4537,group-row-3980,validation,train
row-3990,CWE-119,php-src,1366c0362f1fa85e82bde9c0b393bd3bb3d32892,CVE-2016-4542,group-row-3990,validation,validation
row-3991,CWE-119,php-src,1366c0362f1fa85e82bde9c0b393bd3bb3d32892,CVE-2016-4542,group-row-3990,validation,validation
row-3992,CWE-119,php-src,1366c0362f1fa85e82bde9c0b393bd3bb3d32892,CVE-2016-4542,group-row-3990,validation,validation
row-3998,CWE-119,php-src,1248079be837808da4c97364fb3b4c96c8015fbf,CVE-2016-4539,group-row-3998,validation,train
row-4009,CWE-200,linux,681fef8380eb818c0b845fca5d2ab1dcbab114ee,,group-row-4009,train,validation
row-4010,CWE-200,net,b8670c09f37bdf2847cc44f36511a53afc6161fd,CVE-2016-4485,group-row-4010,train,train
row-4011,CWE-200,net,5f8e44741f9f216e33736ea4ec65ca9ac03036e6,CVE-2016-4486,group-row-4011,train,train
row-4012,CWE-415,php-src,28a6ed9f9a36b9c517e4a8a429baf4dd382fc5d5,CVE-2016-3132,group-row-4012,validation,test
row-4013,CWE-703,linux,5ec0811d30378ae104f250bfc9b3640242d81e3f,,group-row-4013,train,train
row-4014,CWE-703,linux,5ec0811d30378ae104f250bfc9b3640242d81e3f,,group-row-4013,train,train
row-4015,CWE-20,linux,6b7339f4c31ad69c8e9c0b2859276e22cf72176d,,group-row-4015,train,train
row-4016,CWE-20,linux,6b7339f4c31ad69c8e9c0b2859276e22cf72176d,,group-row-4015,train,train
row-4017,CWE-20,linux,6b7339f4c31ad69c8e9c0b2859276e22cf72176d,,group-row-4015,train,train
row-4018,CWE-20,libarchive,d0331e8e5b05b475f20b1f3101fe1ad772d7e7e7,,group-row-4018,train,train
row-4019,CWE-703,linux,92117d8443bc5afacc8d5ba82e541946310f106e,,group-row-4019,train,validation
row-4020,CWE-703,linux,92117d8443bc5afacc8d5ba82e541946310f106e,,group-row-4019,train,validation
row-4021,CWE-703,linux,92117d8443bc5afacc8d5ba82e541946310f106e,,group-row-4019,train,validation
row-4022,CWE-703,linux,92117d8443bc5afacc8d5ba82e541946310f106e,,group-row-4019,train,validation
row-4023,CWE-703,linux,92117d8443bc5afacc8d5ba82e541946310f106e,,group-row-4019,train,validation
row-4024,CWE-703,linux,92117d8443bc5afacc8d5ba82e541946310f106e,,group-row-4019,train,validation
row-4025,CWE-703,linux,8358b02bf67d3a5d8a825070e1aa73f25fb2e4c7,,group-row-4025,train,train
row-4026,CWE-200,sound,cec8f96e49d9be372fdb0c3836dcf31ec71e457e,CVE-2016-4569,group-row-4026,train,train
row-4027,CWE-200,sound,9a47e9cff994f37f7f0dbd9ae23740d0f64f9fe6,CVE-2016-4569,group-row-4026,train,train
row-4028,CWE-200,sound,e4ec8cc8039a7063e24204299b462bd1383184a5,CVE-2016-4569,group-row-4026,train,train
row-4052,CWE-20,curl,6efd2fa529a189bf41736a610f6184cd8ad94b4d,CVE-2016-3739,group-row-4052,train,train
row-4053,CWE-20,curl,6efd2fa529a189bf41736a610f6184cd8ad94b4d,CVE-2016-3739,group-row-4052,train,train
row-4055,CWE-369,openjpeg,8f9cc62b3f9a1da9712329ddcedb9750d585505c,,group-row-4055,validation,validation
row-4056,CWE-416,linux,1f461dcdd296eecedaffffc6bae2bfa90bd7eb89,,group-row-4056,train,train
row-4057,CWE-416,linux,1f461dcdd296eecedaffffc6bae2bfa90bd7eb89,,group-row-4056,train,train
row-4071,CWE-119,php-src,e7f2356665c2569191a946b6fc35b437f0ae1384,CVE-2015-8874,group-row-4071,validation,train
row-4072,CWE-119,php-src,feba44546c27b0158f9ac20e72040a224b918c75,CVE-2015-8874,group-row-4071,validation,train
row-4074,CWE-703,linux,45e093ae2830cd1264677d47ff9a95a71f5d9f9c,,group-row-4074,train,train
row-4075,CWE-125,libxml2,0bcd05c5cd83dec3406c8f68b769b1d610c72f76,CVE-2016-1833,group-row-4075,test,train
row-4077,CWE-119,libxml2,00906759053986b8079985644172085f74331f83,CVE-2016-4447,group-row-4077,test,train
row-4078,CWE-119,libxml2,38eae571111db3b43ffdeb05487c9f60551906fb,CVE-2016-1835,group-row-4078,test,train
row-4079,CWE-416,libxml2,11ed4a7a90d5ce156a18980a4ad4e53e77384852,CVE-2016-1837,group-row-4079,test,train
row-4080,CWE-416,libxml2,11ed4a7a90d5ce156a18980a4ad4e53e77384852,CVE-2016-1837,group-row-4079,test,train
row-4102,CWE-20,libxml2,b1d34de46a11323fccffa9fadeb33be670d602f5,CVE-2016-4449,group-row-4102,test,train
row-4103,CWE-416,libxml2,45752d2c334b50016666d8f0ec3691e2d680f0a0,CVE-2016-1836,group-row-4103,test,train
row-4104,CWE-125,libxml2,a820dbeac29d330bae4be05d9ecd939ad6b4aa33,CVE-2016-1839,group-row-4104,test,train
row-4105,CWE-125,libxml2,a820dbeac29d330bae4be05d9ecd939ad6b4aa33,CVE-2016-1839,group-row-4104,test,train
row-4106,CWE-125,libxml2,a820dbeac29d330bae4be05d9ecd939ad6b4aa33,CVE-2016-1839,group-row-4104,test,train
row-4107,CWE-125,libxml2,db07dd613e461df93dde7902c6505629bf0734e9,CVE-2016-1838,group-row-4107,test,train
row-4108,CWE-119,libxml2,cbb271655cadeb8dbb258a64701d9a3a0c4835b4,CVE-2016-1840,group-row-4108,test,train
row-4109,CWE-119,libxml2,8fbbf5513d609c1770b391b99e33314cd0742704,CVE-2016-1834,group-row-4109,test,train
row-4110,CWE-119,libxml2,8fbbf5513d609c1770b391b99e33314cd0742704,CVE-2016-1834,group-row-4109,test,train
row-4111,CWE-119,libxml2,a7a94612aa3b16779e2c74e1fa353b5d9786c602,CVE-2016-1762,group-row-4111,test,train
row-4112,CWE-200,linux,79e48650320e6fba48369fccf13fd045315b19b8,,group-row-4112,train,train
row-4113,CWE-399,php-src,1a4722a89ee85be74af5086a7027b3ad1e0a55e8,CVE-2015-8877,group-row-4113,validation,test
row-4114,CWE-399,libgd,4751b606fa38edc456d627140898a7ec679fcc24,,group-row-4114,validation,validation
row-4115,CWE-20,php-src,16db4d1462bf3eacb93c0cd940f799160a284b24,CVE-2015-8879,group-row-4115,validation,test
row-4116,CWE-20,php-src,344ff5dd4c538eaebea075f7705321f8b86d0b47,CVE-2015-8879,group-row-4115,validation,test
row-4117,CWE-125,php-src,97eff7eb57fc2320c267a949cffd622c38712484,,group-row-4117,validation,train
row-4127,CWE-125,php-src,97eff7eb57fc2320c267a949cffd622c38712484,,group-row-4117,validation,train
row-4144,CWE-190,php-src,abd159cce48f3e34f08e4751c568e09677d5ec9c,,group-row-4144,validation,train
row-4148,CWE-119,libxslt,d182d8f6ba3071503d96ce17395c9d55871f0242,CVE-2016-1683,group-row-4148,train,train
row-4149,CWE-119,libxslt,d182d8f6ba3071503d96ce17395c9d55871f0242,CVE-2016-1683,group-row-4148,train,train
row-4152,CWE-125,libgd,4f65a3e4eedaffa1efcf9ee1eb08f0b504fbc31a,,group-row-4152,validation,test
row-4156,CWE-125,php-src,7a1aac3343af85b4af4df5f8844946eaa27394ab,,group-row-4156,validation,validation
row-4166,CWE-190,php-src,0da8b8b801f9276359262f1ef8274c7812d3dfda,,group-row-4166,validation,train
row-4171,CWE-190,php-src,a5b5743d71fbd5ae944469a1ca443a1cdb30663a,CVE-2016-5095,group-row-4171,validation,train
row-4172,CWE-190,php-src,da3886de6dc8edab3da14331227816d6ca8e9b96,CVE-2016-5095,group-row-4171,validation,train
row-4175,CWE-703,linux,38327424b40bcebe2de92d07312c89360ac9229a,,group-row-4175,train,train
row-4176,CWE-200,net,5d2be1422e02ccd697ccfcd45c85b4a26e6178e2,CVE-2016-5243,group-row-4176,train,train
row-4177,CWE-200,net,4116def2337991b39919f3b448326e21c40e0dbb,CVE-2016-5244,group-row-4177,train,train
row-4185,CWE-20,gnutls,b0a3048e56611a2deee4976aeba3b8c0740655a6,CVE-2016-4456,group-row-4185,test,train
row-4186,CWE-20,gnutls,b0a3048e56611a2deee4976aeba3b8c0740655a6,CVE-2016-4456,group-row-4185,test,train
row-4187,CWE-20,gnutls,b0a3048e56611a2deee4976aeba3b8c0740655a6,CVE-2016-4456,group-row-4185,test,train
row-4188,CWE-20,gnutls,b0a3048e56611a2deee4976aeba3b8c0740655a6,CVE-2016-4456,group-row-4185,test,train
row-4189,CWE-20,gnutls,b0a3048e56611a2deee4976aeba3b8c0740655a6,CVE-2016-4456,group-row-4185,test,train
row-4191,CWE-399,wireshark,b4d16b4495b732888e12baf5b8a7e9bf2665e22b,,group-row-4191,train,train
row-4192,CWE-399,wireshark,b4d16b4495b732888e12baf5b8a7e9bf2665e22b,,group-row-4191,train,train
row-4193,CWE-20,wireshark,9b0b20b8d5f8c9f7839d58ff6c5900f7e19283b4,,group-row-4193,train,train
row-4194,CWE-125,wireshark,b6d838eebf4456192360654092e5587c5207f185,,group-row-4194,train,train
row-4195,CWE-20,wireshark,7d7190695ce2ff269fdffb04e87139995cde21f4,,group-row-4195,train,train
row-4196,CWE-476,wireshark,2cb5985bf47bdc8bea78d28483ed224abdd33dc6,,group-row-4196,train,train
row-4197,CWE-476,wireshark,2cb5985bf47bdc8bea78d28483ed224abdd33dc6,,group-row-4196,train,train
row-4198,CWE-476,wireshark,2cb5985bf47bdc8bea78d28483ed224abdd33dc6,,group-row-4196,train,train
row-4199,CWE-476,wireshark,2cb5985bf47bdc8bea78d28483ed224abdd33dc6,,group-row-4196,train,train
row-4200,CWE-20,wireshark,3270dfac43da861c714df76513456b46765ff47f,,group-row-4200,train,train
row-4207,CWE-20,wireshark,11edc83b98a61e890d7bb01855389d40e984ea82,,group-row-4207,train,train
row-4208,CWE-20,wireshark,6a140eca7b78b230f1f90a739a32257476513c78,,group-row-4208,train,train
row-4209,CWE-20,wireshark,6a140eca7b78b230f1f90a739a32257476513c78,,group-row-4208,train,train
row-4210,CWE-20,wireshark,6a140eca7b78b230f1f90a739a32257476513c78,,group-row-4208,train,train
row-4211,CWE-20,wireshark,6a140eca7b78b230f1f90a739a32257476513c78,,group-row-4208,train,train
row-4212,CWE-20,wireshark,2c13e97d656c1c0ac4d76eb9d307664aae0e0cf7,,group-row-4212,train,train
row-4213,CWE-20,wireshark,2c13e97d656c1c0ac4d76eb9d307664aae0e0cf7,,group-row-4212,train,train
row-4214,CWE-20,wireshark,2c13e97d656c1c0ac4d76eb9d307664aae0e0cf7,,group-row-4212,train,train
row-4219,CWE-119,linux,e54ad7f1ee263ffa5a2de9c609d58dfa27b21cd9,CVE-2016-1583,group-row-4219,train,train
row-4221,CWE-119,linux,29d6455178a09e1dc340380c582b13356227e8df,CVE-2016-1583,group-row-4219,train,train
row-4222,CWE-415,ImageMagick,4f68e9661518463fca523c9726bb5d940a2aa6d8,,group-row-4222,train,validation
row-4223,CWE-416,php-src,eb7ba73079b73ca4ef91307ae1ef30b43468717b,CVE-2016-4473,group-row-4223,validation,train
row-4224,CWE-416,php-src,d144590d38fa321b46b8e199c754006318985c84,CVE-2016-4473,group-row-4223,validation,train
row-4233,CWE-416,gimp,e82aaa4b4ee0703c879e35ea9321fff6be3e9b6f,CVE-2016-4994,group-row-4233,test,train
row-4234,CWE-416,gimp,e82aaa4b4ee0703c879e35ea9321fff6be3e9b6f,CVE-2016-4994,group-row-4233,test,train
row-4263,CWE-787,gdk-pixbuf,88af50a864195da1a4f7bda5f02539704fbda599,CVE-2016-6352,group-row-4263,test,train
row-4278,CWE-190,ImageMagick,e9438e2a82d35b6657e908ff38ec0303f432b655,CVE-2016-5841,group-row-4278,train,test
row-4280,CWE-200,linux,4efbc454ba68def5ef285b26ebfcfdb605b52755,,group-row-4280,train,train
row-4281,CWE-703,linux,6217e5ede23285ddfee10d2e4ba0cc2d4c046205,,group-row-4281,train,train
row-4286,CWE-190,php-src,7722455726bec8c53458a32851d2a87982cf0eac,CVE-2016-5766,group-row-4286,validation,validation
row-4290,CWE-190,php-src,c395c6e5d7e8df37a21265ff76e48fe75ceb5ae6,CVE-2016-5767,group-row-4290,validation,train
row-4294,CWE-190,libgd,cfee163a5e848fc3e3fb1d05a30d7557cdd36457,CVE-2016-5767,group-row-4290,validation,train
row-4307,CWE-190,php-src,6c5211a0cef0cc2854eaa387e0eb036e012904d0,CVE-2016-5769,group-row-4307,validation,test
row-4314,CWE-190,php-src,6c5211a0cef0cc2854eaa387e0eb036e012904d0,CVE-2016-5769,group-row-4307,validation,test
row-4321,CWE-703,linux,b35cc8225845112a616e3a2266d2fde5ab13d3ab,,group-row-4321,train,test
row-4329,CWE-415,php-src,5b597a2e5b28e2d5a52fc1be13f425f08f47cb62,CVE-2016-5768,group-row-4329,validation,train
row-4370,CWE-190,php-src,7245bff300d3fa8bacbef7897ff080a6f1c23eba,CVE-2016-5770,group-row-4370,validation,train
row-4396,CWE-415,php-src,a44c89e8af7c2410f4bfc5e097be2a5d0639a60c,CVE-2016-5772,group-row-4396,validation,train
row-4398,CWE-119,ext-http,3724cd76a28be1d6049b5537232e97ac567ae1f5,CVE-2016-5873,group-row-4398,train,train
row-4399,CWE-119,ext-http,3724cd76a28be1d6049b5537232e97ac567ae1f5,CVE-2016-5873,group-row-4398,train,train
row-4431,CWE-125,ImageMagick,803bc34ebe023f209f745baf8a112610ff77cc8c,CVE-2016-5010,group-row-4431,train,train
row-4434,CWE-200,net,75ff39ccc1bd5d3c455b6822ab09e533c551f758,CVE-2016-5696,group-row-4434,train,train
row-4435,CWE-20,linux,11f3710417d026ea2f4fcf362d866342c5274185,,group-row-4435,train,validation
row-4436,CWE-20,linux,11f3710417d026ea2f4fcf362d866342c5274185,,group-row-4435,train,validation
row-4439,CWE-119,media_tree,eca2d34b9d2ce70165a50510659838e28ca22742,CVE-2016-5400,group-row-4439,train,test
row-4440,CWE-119,media_tree,aa93d1fee85c890a34f2510a310e55ee76a27848,CVE-2016-5400,group-row-4439,train,test
row-4442,CWE-190,libarchive,3014e19820ea53c15c90f9d447ca3e668a0b76c6,,group-row-4442,train,train
row-4450,CWE-787,php-src,f3feddb5b45b5abd93abb1a95044b7e099d51c84,CVE-2016-5399,group-row-4450,validation,test
row-4453,CWE-416,libxml2,9ab01a277d71f54d3143c2cf333c5c2e9aaedd9e,CVE-2016-5131,group-row-4453,test,train
row-4455,CWE-416,libxml2,9ab01a277d71f54d3143c2cf333c5c2e9aaedd9e,CVE-2016-5131,group-row-4453,test,train
row-4456,CWE-20,linux,f106eee10038c2ee5b6056aaf3f6d5229be6dcdd,,group-row-4456,train,test
row-4457,CWE-125,libidn,f20ce1128fb7f4d33297eee307dddaf0f92ac72d,CVE-2016-6261,group-row-4457,train,train
row-4458,CWE-125,libidn,11abd0e02c16f9e0b6944aea4ef0f2df44b42dd4,CVE-2016-6261,group-row-4457,train,train
row-4459,CWE-125,libidn,5e3cb9c7b5bf0ce665b9d68f5ddf095af5c9ba60,CVE-2016-6262,group-row-4459,train,train
row-4460,CWE-125,libidn,570e68886c41c2e765e6218cb317d9a9a447a041,CVE-2015-8948,group-row-4460,train,train
row-4461,CWE-125,libidn,1fbee57ef3c72db2206dd87e4162108b2f425555,CVE-2016-6263,group-row-4461,train,train
row-4464,CWE-190,php-src,0218acb7e756a469099c4ccfb22bce6c2bd1ef87,CVE-2016-6289,group-row-4464,validation,train
row-4465,CWE-416,php-src,3798eb6fd5dddb211b01d41495072fd9858d4e32,CVE-2016-6290,group-row-4465,validation,train
row-4468,CWE-119,php-src,eebcbd5de38a0f1c2876035402cb770e37476519,CVE-2016-6291,group-row-4468,validation,train
row-4469,CWE-119,php-src,d5796fb298abb2a3e389818ad924589fa35e58b9,CVE-2016-6291,group-row-4468,validation,train
row-4470,CWE-119,php-src,d5796fb298abb2a3e389818ad924589fa35e58b9,CVE-2016-6291,group-row-4468,validation,train
row-4471,CWE-119,php-src,9667ee4f72c7dafce993b71104a52beb7c3aff15,CVE-2016-6291,group-row-4468,validation,train
row-4473,CWE-119,php-src,8fa9d1ce28f3a894b104979df30d0b65e0f21107,CVE-2016-6207,group-row-4473,validation,test
row-4474,CWE-125,php-src,aa82e99ed8003c01f1ef4f0940e56b85c5b032d4,CVE-2016-6294,group-row-4117,validation,train
row-4481,CWE-416,php-src,cab1c3b3708eead315e033359d07049b23b147a3,CVE-2016-6295,group-row-4481,validation,train
row-4492,CWE-119,php-src,e6c48213c22ed50b2b987b479fcc1ac709394caa,CVE-2016-6296,group-row-4492,validation,validation
row-4494,CWE-119,php-src,81406c0c1d45f75fcc7972ed974d2597abb0b9e9,CVE-2016-6297,group-row-4494,validation,train
row-4495,CWE-119,php-src,e1ba58f068f4bfc8ced75bb017cd31d8beddf3c2,CVE-2016-6288,group-row-4495,validation,train
row-4496,CWE-787,qemu,926cde5f3e4d2504ed161ed0cb771ac7cad6fd11,,group-row-4496,train,train
row-4497,CWE-787,qemu,926cde5f3e4d2504ed161ed0cb771ac7cad6fd11,,group-row-4496,train,train
row-4498,CWE-787,qemu,926cde5f3e4d2504ed161ed0cb771ac7cad6fd11,,group-row-4496,train,train
row-4500,CWE-119,collectd,8b4fed9940e02138b7e273e56863df03d1a39ef7,CVE-2016-6254,group-row-4500,train,validation
row-4501,CWE-119,collectd,8b4fed9940e02138b7e273e56863df03d1a39ef7,CVE-2016-6254,group-row-4500,train,validation
row-4519,CWE-476,krb5,93b4a6306a0026cf1cc31ac4bd8a49ba5d034ba7,,group-row-4519,test,train
row-4520,CWE-416,DBD-mysql,a56ae87a4c1c1fead7d09c3653905841ccccf1cc,CVE-2014-9906,group-row-4520,train,train
row-4521,CWE-416,DBD-mysql,a56ae87a4c1c1fead7d09c3653905841ccccf1cc,CVE-2014-9906,group-row-4520,train,train
row-4522,CWE-125,ImageMagick,dd84447b63a71fa8c3f47071b09454efc667767b,,group-row-4522,train,train
row-4529,CWE-416,curl,75dc096e01ef1e21b6c57690d99371dedb2c0b80,CVE-2016-5421,group-row-4529,train,train
row-4532,CWE-399,busybox,150dc7a2b483b8338a3e185c478b4b23ee884e71,CVE-2016-6301,group-row-4532,train,train
row-4533,CWE-125,ImageMagick,76401e172ea3a55182be2b8e2aca4d07270f6da6,,group-row-4533,train,test
row-4534,CWE-125,ImageMagick,76401e172ea3a55182be2b8e2aca4d07270f6da6,,group-row-4533,train,test
row-4535,CWE-20,openssh-portable,fcd135c9df440bcd2d5870405ad3311743d78d97,,group-row-4535,train,validation
row-4557,CWE-200,libgcrypt,8dd45ad957b54b939c288a68720137386c7f6501,CVE-2016-6313,group-row-4557,train,train
row-4558,CWE-200,gnupg,c6dbfe89903d0c8191cf50ecf1abb3c8458b427a,CVE-2016-6313,group-row-4557,train,train
row-4559,CWE-190,libexif,41bd04234b104312f54d25822f68738ba8d7133d,CVE-2016-6328,group-row-4559,train,train
row-4561,CWE-125,Little-CMS,5ca71a7bc18b6897ab21d815d15e218e204581e2,,group-row-4561,train,train
row-4562,CWE-125,Little-CMS,d41071eb8cfea7aa10a9262c12bd95d5d9d81c8f,CVE-2016-10165,group-row-4562,train,validation
row-4563,CWE-125,Little-CMS,d41071eb8cfea7aa10a9262c12bd95d5d9d81c8f,CVE-2016-10165,group-row-4562,train,validation
row-4564,CWE-399,linux,ab79efab0a0ba01a74df782eb7fa44b044dae8b5,,group-row-4564,train,train
row-4580,CWE-416,qemu,6c352ca9b4ee3e1e286ea9e8434bd8e69ac7d0d8,CVE-2016-6833,group-row-4580,train,train
row-4582,CWE-190,qemu,47882fa4975bf0b58dd74474329fdd7154e8f04c,CVE-2016-6888,group-row-4582,train,train
row-4583,CWE-787,eog,e99a8c00f959652fe7c10e2fa5a3a7a5c25e6af4,CVE-2016-6855,group-row-4583,train,train
row-4584,CWE-787,eog,e99a8c00f959652fe7c10e2fa5a3a7a5c25e6af4,CVE-2016-6855,group-row-4583,train,train
row-4586,CWE-20,optee_os,30d13250c390c4f56adefdcd3b64b7cc672f9fe2,CVE-2016-6129,group-row-4586,train,train
row-4587,CWE-20,libtomcrypt,5eb9743410ce4657e9d54fef26a2ee31a1b5dd09,,group-row-4587,train,train
row-4590,CWE-264,gnutls,964632f37dfdfb914ebc5e49db4fa29af35b1de9,CVE-2016-7444,group-row-4590,test,train
row-4591,CWE-20,file-roller,f70be1f41688859ec8dbe266df35a1839ceb96c5,CVE-2016-7162,group-row-4591,train,train
row-4596,CWE-20,libtorrent,debf3c6e3688aab8394fe5c47737625faffe6f9e,CVE-2016-7164,group-row-4596,train,train
row-4597,CWE-20,libtorrent,debf3c6e3688aab8394fe5c47737625faffe6f9e,CVE-2016-7164,group-row-4596,train,train
row-4598,CWE-20,libtorrent,debf3c6e3688aab8394fe5c47737625faffe6f9e,CVE-2016-7164,group-row-4596,train,train
row-4599,CWE-20,libtorrent,debf3c6e3688aab8394fe5c47737625faffe6f9e,CVE-2016-7164,group-row-4596,train,train
row-4600,CWE-20,libtorrent,debf3c6e3688aab8394fe5c47737625faffe6f9e,CVE-2016-7164,group-row-4596,train,train
row-4601,CWE-20,libtorrent,debf3c6e3688aab8394fe5c47737625faffe6f9e,CVE-2016-7164,group-row-4596,train,train
row-4602,CWE-20,libtorrent,debf3c6e3688aab8394fe5c47737625faffe6f9e,CVE-2016-7164,group-row-4596,train,train
row-4603,CWE-20,libtorrent,debf3c6e3688aab8394fe5c47737625faffe6f9e,CVE-2016-7164,group-row-4596,train,train
row-4604,CWE-20,libtorrent,debf3c6e3688aab8394fe5c47737625faffe6f9e,CVE-2016-7164,group-row-4596,train,train
row-4605,CWE-20,libtorrent,debf3c6e3688aab8394fe5c47737625faffe6f9e,CVE-2016-7164,group-row-4596,train,train
row-4606,CWE-20,libtorrent,debf3c6e3688aab8394fe5c47737625faffe6f9e,CVE-2016-7164,group-row-4596,train,train
row-4607,CWE-20,libtorrent,debf3c6e3688aab8394fe5c47737625faffe6f9e,CVE-2016-7164,group-row-4596,train,train
row-4608,CWE-20,libtorrent,debf3c6e3688aab8394fe5c47737625faffe6f9e,CVE-2016-7164,group-row-4596,train,train
row-4609,CWE-399,pdns,881b5b03a590198d03008e4200dd00cc537712f3,,group-row-4609,train,test
row-4610,CWE-399,pdns,881b5b03a590198d03008e4200dd00cc537712f3,,group-row-4609,train,test
row-4611,CWE-399,pdns,881b5b03a590198d03008e4200dd00cc537712f3,,group-row-4609,train,test
row-4612,CWE-399,pdns,881b5b03a590198d03008e4200dd00cc537712f3,,group-row-4609,train,test
row-4613,CWE-264,mysql-server,48bd8b16fe382be302c6f0b45931be5aa6f29a0e,CVE-2016-6662,group-row-4613,train,train
row-4614,CWE-264,mysql-server,48bd8b16fe382be302c6f0b45931be5aa6f29a0e,CVE-2016-6662,group-row-4613,train,train
row-4615,CWE-264,mysql-server,48bd8b16fe382be302c6f0b45931be5aa6f29a0e,CVE-2016-6662,group-row-4613,train,train
row-4616,CWE-264,mysql-server,48bd8b16fe382be302c6f0b45931be5aa6f29a0e,CVE-2016-6662,group-row-4613,train,train
row-4617,CWE-264,mysql-server,48bd8b16fe382be302c6f0b45931be5aa6f29a0e,CVE-2016-6662,group-row-4613,train,train
row-4618,CWE-264,mysql-server,48bd8b16fe382be302c6f0b45931be5aa6f29a0e,CVE-2016-6662,group-row-4613,train,train
row-4619,CWE-264,mysql-server,7cb79a65ba6286ac66d5ebbebea3243ef97f5c41,CVE-2016-6662,group-row-4613,train,train
row-4620,CWE-264,mysql-server,7cb79a65ba6286ac66d5ebbebea3243ef97f5c41,CVE-2016-6662,group-row-4613,train,train
row-4622,CWE-119,linux,4bd173c30792791a6daca8c64793ec0a4ae8324f,CVE-2016-7425,group-row-4622,train,train
row-4624,CWE-119,ImageMagick,bd96074b254c6607a0f7731e59f923ad19d5a46d,CVE-2015-8957,group-row-4624,train,train
row-4627,CWE-125,ImageMagick,b8f17d08b7418204bf8a05a5c24e87b2fc395b75,CVE-2015-8958,group-row-4627,train,train
row-4628,CWE-125,ImageMagick,1aa0c6dab6dcef4d9bc3571866ae1c1ddbec7d8f,,group-row-4628,train,train
row-4630,CWE-125,ImageMagick,8ea44b48a182dd46d018f4b4f09a5e2ee9638105,CVE-2015-8958,group-row-4627,train,train
row-4631,CWE-125,ImageMagick,198fffab4daf8aea88badd9c629350e5b26ec32f,CVE-2016-7514,group-row-4631,train,train
row-4632,CWE-125,ImageMagick,6f1879d498bcc5cce12fe0c5decb8dbc0f608e5d,CVE-2016-7514,group-row-4631,train,train
row-4633,CWE-125,ImageMagick,e14fd0a2801f73bdc123baf4fbab97dec55919eb,CVE-2016-7514,group-row-4631,train,train
row-4634,CWE-125,ImageMagick,280215b9936d145dd5ee91403738ccce1333cab1,CVE-2016-7514,group-row-4631,train,train
row-4635,CWE-125,ImageMagick,2ad6d33493750a28a5a655d319a8e0b16c392de1,CVE-2016-7515,group-row-4635,train,test
row-4636,CWE-125,ImageMagick,ecf3f09e41160339919858beae8a7d14ab27e7c9,CVE-2016-7516,group-row-4636,train,validation
row-4637,CWE-125,ImageMagick,2174484dfa68a594e2f9ad17f46217b6120db18d,CVE-2016-7519,group-row-4637,train,train
row-4638,CWE-125,ImageMagick,2174484dfa68a594e2f9ad17f46217b6120db18d,CVE-2016-7519,group-row-4637,train,train
row-4639,CWE-125,ImageMagick,2174484dfa68a594e2f9ad17f46217b6120db18d,CVE-2016-7519,group-row-4637,train,train
row-4640,CWE-125,ImageMagick,2174484dfa68a594e2f9ad17f46217b6120db18d,CVE-2016-7519,group-row-4637,train,train
row-4641,CWE-125,ImageMagick,2174484dfa68a594e2f9ad17f46217b6120db18d,CVE-2016-7519,group-row-4637,train,train
row-4642,CWE-125,ImageMagick,2174484dfa68a594e2f9ad17f46217b6120db18d,CVE-2016-7519,group-row-4637,train,train
row-4643,CWE-125,ImageMagick,2174484dfa68a594e2f9ad17f46217b6120db18d,CVE-2016-7519,group-row-4637,train,train
row-4644,CWE-125,ImageMagick,2174484dfa68a594e2f9ad17f46217b6120db18d,CVE-2016-7519,group-row-4637,train,train
row-4645,CWE-125,ImageMagick,14e606db148d6ebcaae20f1e1d6d71903ca4a556,CVE-2016-7520,group-row-4645,train,train
row-4646,CWE-125,ImageMagick,30eec879c8b446b0ea9a3bb0da1a441cc8482bc4,CVE-2016-7521,group-row-4646,train,train
row-4647,CWE-125,ImageMagick,4b1b9c0522628887195bad3a6723f7000b0c9a58,CVE-2016-7522,group-row-4647,train,train
row-4648,CWE-125,ImageMagick,5f16640725b1225e6337c62526e6577f0f88edb8,CVE-2016-7525,group-row-4648,train,train
row-4649,CWE-125,ImageMagick,a2e1064f288a353bc5fef7f79ccb7683759e775c,CVE-2016-7529,group-row-4649,train,train
row-4650,CWE-369,ImageMagick,c4e63ad30bc42da691f2b5f82a24516dd6b4dc70,CVE-2016-7530,group-row-4650,train,train
row-4651,CWE-369,ImageMagick,c4e63ad30bc42da691f2b5f82a24516dd6b4dc70,CVE-2016-7530,group-row-4650,train,train
row-4652,CWE-787,ImageMagick,7b93db1807ef8abf0c81df8b0fd047e5fb3f1c3f,CVE-2016-7531,group-row-4652,train,validation
row-4653,CWE-125,ImageMagick,4f2c04ea6673863b87ac7f186cbb0d911f74085c,CVE-2016-7532,group-row-4653,train,train
row-4654,CWE-125,ImageMagick,4f2c04ea6673863b87ac7f186cbb0d911f74085c,CVE-2016-7532,group-row-4653,train,train
row-4655,CWE-125,ImageMagick,bef1e4f637d8f665bc133a9c6d30df08d983bc3a,CVE-2016-7533,group-row-4655,train,train
row-4656,CWE-125,ImageMagick,430403b0029b37decf216d57f810899cab2317dd,CVE-2016-7534,group-row-4656,train,train
row-4657,CWE-125,ImageMagick,430403b0029b37decf216d57f810899cab2317dd,CVE-2016-7534,group-row-4656,train,train
row-4658,CWE-787,ImageMagick,533ea3b9047c67f9af49703de672f6c2e443f747,CVE-2016-7535,group-row-4658,train,train
row-4667,CWE-125,ImageMagick,7afcf9f71043df15508e46f079387bd4689a738d,,group-row-4667,train,train
row-4668,CWE-125,ImageMagick,8f8959033e4e59418d6506b345829af1f7a71127,,group-row-4668,train,train
row-4670,CWE-190,ImageMagick,c1cf4802653970c050d175a6496fa1f11b7c089e,CVE-2016-6823,group-row-4670,train,train
row-4671,CWE-20,systemd,531ac2b2349da02acc9c382849758e07eb92b020,CVE-2016-7795,group-row-4671,train,train
row-4672,CWE-20,systemd,9987750e7a4c62e0eb8473603150596ba7c3a015,CVE-2016-7795,group-row-4671,train,train
row-4673,CWE-20,systemd,8523bf7dd514a3a2c6114b7b8fb8f308b4f09fc4,CVE-2016-7795,group-row-4671,train,train
row-4674,CWE-20,systemd,8523bf7dd514a3a2c6114b7b8fb8f308b4f09fc4,CVE-2016-7795,group-row-4671,train,train
row-4675,CWE-200,ghostpdl,ab109aaeb3ddba59518b036fb288402a65cf7ce8,CVE-2013-5653,group-row-4675,test,train
row-4676,CWE-119,DBD-mysql,7c164a0c86cec6ee95df1d141e67b0e85dfdefd2,CVE-2016-1246,group-row-4676,train,train
row-4680,CWE-264,linux,7de249964f5578e67b99699c5f0b405738d820a2,CVE-2016-3857,group-row-4680,train,test
row-4681,CWE-264,linux,7de249964f5578e67b99699c5f0b405738d820a2,CVE-2016-3857,group-row-4680,train,test
row-4689,CWE-190,Pillow,c50ebe6459a131a1ea8ca531f10da616d3ceaa0f,,group-row-4689,train,train
row-4695,CWE-200,linux,6829e274a623187c24f7cfc0e3d35f25d087fcc5,,group-row-4695,train,train
row-4696,CWE-200,linux,6829e274a623187c24f7cfc0e3d35f25d087fcc5,,group-row-4695,train,train
row-4699,CWE-476,linux,951b6a0717db97ce420547222647bcc40bf1eacd,,group-row-4699,train,train
row-4704,CWE-119,libxml2,c1d1f7121194036608bf555f08d3062a36fd344b,CVE-2016-4658,group-row-4704,test,train
row-4705,CWE-119,libxml2,c1d1f7121194036608bf555f08d3062a36fd344b,CVE-2016-4658,group-row-4704,test,train
row-4707,CWE-119,libxml2,c1d1f7121194036608bf555f08d3062a36fd344b,CVE-2016-4658,group-row-4704,test,train
row-4708,CWE-119,libxml2,c1d1f7121194036608bf555f08d3062a36fd344b,CVE-2016-4658,group-row-4704,test,train
row-4709,CWE-119,libxml2,c1d1f7121194036608bf555f08d3062a36fd344b,CVE-2016-4658,group-row-4704,test,train
row-4710,CWE-119,libxml2,c1d1f7121194036608bf555f08d3062a36fd344b,CVE-2016-4658,group-row-4704,test,train
row-4711,CWE-400,gnutls,1ffb827e45721ef56982d0ffd5c5de52376c428e,CVE-2016-8610,group-row-4711,test,test
row-4724,CWE-476,jasper,5d66894d2313e3f3469f19066e149e08ff076698,CVE-2016-8690,group-row-4724,train,train
row-4725,CWE-476,jasper,5d66894d2313e3f3469f19066e149e08ff076698,CVE-2016-8690,group-row-4724,train,train
row-4726,CWE-369,jasper,d8c2604cd438c41ec72aff52c16ebd8183068020,,group-row-4726,train,train
row-4727,CWE-415,jasper,44a524e367597af58d6265ae2014468b334d0309,,group-row-4727,train,train
row-4729,CWE-125,libarchive,eec077f52bfa2d3f7103b4b74d52572ba8a15aca,,group-row-4729,train,test
row-4730,CWE-125,libarchive,7f17c791dcfd8c0416e2cd2485b19410e47ef126,,group-row-4730,train,validation
row-4743,CWE-119,ImageMagick,aea6c6507f55632829e6432f8177a084a57c9fcc,CVE-2016-8862,group-row-4743,train,train
row-4744,CWE-119,libxslt,eb1030de31165b68487f288308f9d1810fed6880,CVE-2016-4738,group-row-4744,train,train
row-4745,CWE-119,ImageMagick,ab2c9d6a8dd6d71b161ec9cc57a588b116b52322,CVE-2016-8866,group-row-4745,train,train
row-4746,CWE-476,linux,4afa5f9617927453ac04b24b584f6c718dfb4f45,,group-row-4746,train,test
row-4749,CWE-476,jasper,bdfe95a6e81ffb4b2fad31a76b57943695beed20,,group-row-4749,train,train
row-4750,CWE-476,jasper,bdfe95a6e81ffb4b2fad31a76b57943695beed20,,group-row-4749,train,train
row-4751,CWE-190,jasper,988f8365f7d8ad8073b6786e433d34c553ecf568,,group-row-4751,train,train
row-4752,CWE-190,jasper,988f8365f7d8ad8073b6786e433d34c553ecf568,,group-row-4751,train,train
row-4753,CWE-190,jasper,988f8365f7d8ad8073b6786e433d34c553ecf568,,group-row-4751,train,train
row-4754,CWE-190,jasper,988f8365f7d8ad8073b6786e433d34c553ecf568,,group-row-4751,train,train
row-4755,CWE-190,jasper,988f8365f7d8ad8073b6786e433d34c553ecf568,,group-row-4751,train,train
row-4756,CWE-476,jasper,69a1439a5381e42b06ec6a06ed2675eb793babee,CVE-2016-8882,group-row-4756,train,train
row-4757,CWE-476,jasper,69a1439a5381e42b06ec6a06ed2675eb793babee,CVE-2016-8882,group-row-4756,train,train
row-4758,CWE-476,jasper,69a1439a5381e42b06ec6a06ed2675eb793babee,CVE-2016-8882,group-row-4756,train,train
row-4759,CWE-399,jasper,33cc2cfa51a8d0fc3116d16cc1d8fc581b3f9e8d,CVE-2016-8883,group-row-4759,train,train
row-4760,CWE-119,jasper,65536647d380571d1a9a6c91fa03775fb5bbd256,CVE-2016-8886,group-row-4760,train,train
row-4761,CWE-119,jasper,65536647d380571d1a9a6c91fa03775fb5bbd256,CVE-2016-8886,group-row-4760,train,train
row-4762,CWE-119,jasper,65536647d380571d1a9a6c91fa03775fb5bbd256,CVE-2016-8886,group-row-4760,train,train
row-4763,CWE-119,jasper,65536647d380571d1a9a6c91fa03775fb5bbd256,CVE-2016-8886,group-row-4760,train,train
row-4764,CWE-119,jasper,65536647d380571d1a9a6c91fa03775fb5bbd256,CVE-2016-8886,group-row-4760,train,train
row-4765,CWE-119,jasper,65536647d380571d1a9a6c91fa03775fb5bbd256,CVE-2016-8886,group-row-4760,train,train
row-4766,CWE-119,jasper,65536647d380571d1a9a6c91fa03775fb5bbd256,CVE-2016-8886,group-row-4760,train,train
row-4767,CWE-119,jasper,65536647d380571d1a9a6c91fa03775fb5bbd256,CVE-2016-8886,group-row-4760,train,train
row-4768,CWE-119,jasper,65536647d380571d1a9a6c91fa03775fb5bbd256,CVE-2016-8886,group-row-4760,train,train
row-4770,CWE-190,memcached,bd578fc34b96abe0f8d99c1409814a09f51ee71c,CVE-2016-8704,group-row-4770,train,validation
row-4771,CWE-190,memcached,bd578fc34b96abe0f8d99c1409814a09f51ee71c,CVE-2016-8704,group-row-4770,train,validation
row-4772,CWE-416,php-src,0e6fe3a4c96be2d3e88389a5776f878021b4c59f,CVE-2016-9137,group-row-4772,validation,test
row-4774,CWE-119,php-src,cc08cbc84d46933c1e9e0149633f1ed5d19e45e9,CVE-2016-8670,group-row-4774,validation,test
row-4782,CWE-476,mujs,5008105780c0b0182ea6eda83ad5598f225be3ee,CVE-2016-9294,group-row-4782,train,validation
row-4783,CWE-125,linux,3a4b77cd47bb837b8557595ec7425f281f2ca1fe,,group-row-4783,train,train
row-4785,CWE-125,DBD-mysql,793b72b1a0baa5070adacaac0e12fd995a6fbabe,CVE-2016-1249,group-row-4785,train,train
row-4787,CWE-190,libexpat,d4f735b88d9932bd5039df2335eefdd0723dbe20,CVE-2016-9063,group-row-4787,train,train
row-4788,CWE-190,jasper,d91198abd00fc435a397fe6bad906a4c1748e9cf,,group-row-4788,train,test
row-4789,CWE-190,jasper,a712a2041085e7cd5f2b153e1532ac2a2954ffaa,CVE-2016-9387,group-row-4789,train,validation
row-4793,CWE-703,jasper,dee11ec440d7908d1daf69f40a3324b27cf213ba,,group-row-4793,train,validation
row-4796,CWE-703,jasper,1e84674d95353c64e5c4c0e7232ae86fd6ea813b,,group-row-4796,train,train
row-4797,CWE-703,jasper,1e84674d95353c64e5c4c0e7232ae86fd6ea813b,,group-row-4796,train,train
row-4798,CWE-703,jasper,1e84674d95353c64e5c4c0e7232ae86fd6ea813b,,group-row-4796,train,train
row-4799,CWE-703,jasper,1e84674d95353c64e5c4c0e7232ae86fd6ea813b,,group-row-4796,train,train
row-4851,CWE-617,jasper,c6f9fb6ec7fc97a5c4213f9077faf8622685d160,CVE-2016-9398,group-row-4851,train,test
row-4852,CWE-617,jasper,84d00fb29a22e360c2ff91bdc2cd81c288826bfc,CVE-2016-9399,group-row-4852,train,validation
row-4853,CWE-125,linux,bf911e985d6bbaa328c20c3e05f4eb03de11fdd6,,group-row-4853,train,train
row-4854,CWE-476,ImageMagick,b61d35eaccc0a7ddeff8a1c3abfcd0a43ccf210b,,group-row-4854,train,train
row-4855,CWE-476,ImageMagick,b61d35eaccc0a7ddeff8a1c3abfcd0a43ccf210b,,group-row-4854,train,train
row-4856,CWE-476,ImageMagick,b61d35eaccc0a7ddeff8a1c3abfcd0a43ccf210b,,group-row-4854,train,train
row-4857,CWE-119,ImageMagick,ce98a7acbcfca7f0a178f4b1e7b957e419e0cc99,CVE-2016-9556,group-row-4857,train,train
row-4858,CWE-20,vim,d0b5138ba4bccff8a744c99836041ef6322ed39a,CVE-2016-1248,group-row-4858,train,train
row-4867,CWE-476,linux,7df3e59c3d1df4f87fe874c7956ef7a3d2f4d5fb,,group-row-4867,train,test
row-4868,CWE-476,linux,7df3e59c3d1df4f87fe874c7956ef7a3d2f4d5fb,,group-row-4867,train,test
row-4869,CWE-264,linux,548acf19234dbda5a52d5a8e7e205af46e9da840,CVE-2016-9644,group-row-4869,train,test
row-4870,CWE-264,linux,548acf19234dbda5a52d5a8e7e205af46e9da840,CVE-2016-9644,group-row-4869,train,test
row-4871,CWE-264,linux,548acf19234dbda5a52d5a8e7e205af46e9da840,CVE-2016-9644,group-row-4869,train,test
row-4872,CWE-264,linux,548acf19234dbda5a52d5a8e7e205af46e9da840,CVE-2016-9644,group-row-4869,train,test
row-4873,CWE-264,linux,548acf19234dbda5a52d5a8e7e205af46e9da840,CVE-2016-9644,group-row-4869,train,test
row-4874,CWE-264,linux,548acf19234dbda5a52d5a8e7e205af46e9da840,CVE-2016-9644,group-row-4869,train,test
row-4875,CWE-264,linux,548acf19234dbda5a52d5a8e7e205af46e9da840,CVE-2016-9644,group-row-4869,train,test
row-4876,CWE-264,linux,548acf19234dbda5a52d5a8e7e205af46e9da840,CVE-2016-9644,group-row-4869,train,test
row-4877,CWE-264,linux,548acf19234dbda5a52d5a8e7e205af46e9da840,CVE-2016-9644,group-row-4869,train,test
row-4878,CWE-416,DBD-mysql,3619c170461a3107a258d1fd2d00ed4832adb1b1,CVE-2016-1251,group-row-4878,train,validation
row-4879,CWE-119,w3m,67a3db378f5ee3047c158eae4342f7e3245a2ab1,CVE-2016-9422,group-row-4879,train,train
row-4880,CWE-119,w3m,9f0bdcfdf061db3520bd1f112bdc5e83acdec4be,CVE-2016-9423,group-row-4880,train,train
row-4881,CWE-119,w3m,a25fd09f74fb83499396935a96d63bb7cb8e2c58,CVE-2016-9424,group-row-4881,train,train
row-4882,CWE-119,w3m,4e464819dd360ffd3d58fa2a89216fe413cfcc74,CVE-2016-9425,group-row-4882,train,train
row-4883,CWE-190,w3m,b910f0966d9efea93ea8cef491000a83ffb49c5e,CVE-2016-9426,group-row-4883,train,train
row-4884,CWE-119,bdwgc,4e1a6f9d8f2a49403bbd00b8c8e5324048fb84d4,CVE-2016-9427,group-row-4884,train,train
row-4885,CWE-119,bdwgc,7292c02fac2066d39dd1bcc37d1a7054fd1e32ee,CVE-2016-9427,group-row-4884,train,train
row-4886,CWE-119,bdwgc,7292c02fac2066d39dd1bcc37d1a7054fd1e32ee,CVE-2016-9427,group-row-4884,train,train
row-4887,CWE-119,bdwgc,7292c02fac2066d39dd1bcc37d1a7054fd1e32ee,CVE-2016-9427,group-row-4884,train,train
row-4888,CWE-119,bdwgc,7292c02fac2066d39dd1bcc37d1a7054fd1e32ee,CVE-2016-9427,group-row-4884,train,train
row-4889,CWE-119,bdwgc,7292c02fac2066d39dd1bcc37d1a7054fd1e32ee,CVE-2016-9427,group-row-4884,train,train
row-4890,CWE-119,bdwgc,7292c02fac2066d39dd1bcc37d1a7054fd1e32ee,CVE-2016-9427,group-row-4884,train,train
row-4891,CWE-119,bdwgc,7292c02fac2066d39dd1bcc37d1a7054fd1e32ee,CVE-2016-9427,group-row-4884,train,train
row-4892,CWE-119,bdwgc,7292c02fac2066d39dd1bcc37d1a7054fd1e32ee,CVE-2016-9427,group-row-4884,train,train
row-4893,CWE-119,bdwgc,7292c02fac2066d39dd1bcc37d1a7054fd1e32ee,CVE-2016-9427,group-row-4884,train,train
row-4894,CWE-119,bdwgc,7292c02fac2066d39dd1bcc37d1a7054fd1e32ee,CVE-2016-9427,group-row-4884,train,train
row-4895,CWE-119,bdwgc,7292c02fac2066d39dd1bcc37d1a7054fd1e32ee,CVE-2016-9427,group-row-4884,train,train
row-4896,CWE-119,bdwgc,7292c02fac2066d39dd1bcc37d1a7054fd1e32ee,CVE-2016-9427,group-row-4884,train,train
row-4897,CWE-119,bdwgc,7292c02fac2066d39dd1bcc37d1a7054fd1e32ee,CVE-2016-9427,group-row-4884,train,train
row-4898,CWE-119,bdwgc,7292c02fac2066d39dd1bcc37d1a7054fd1e32ee,CVE-2016-9427,group-row-4884,train,train
row-4899,CWE-119,bdwgc,7292c02fac2066d39dd1bcc37d1a7054fd1e32ee,CVE-2016-9427,group-row-4884,train,train
row-4900,CWE-119,bdwgc,7292c02fac2066d39dd1bcc37d1a7054fd1e32ee,CVE-2016-9427,group-row-4884,train,train
row-4901,CWE-119,bdwgc,7292c02fac2066d39dd1bcc37d1a7054fd1e32ee,CVE-2016-9427,group-row-4884,train,train
row-4902,CWE-119,bdwgc,7292c02fac2066d39dd1bcc37d1a7054fd1e32ee,CVE-2016-9427,group-row-4884,train,train
row-4903,CWE-119,bdwgc,7292c02fac2066d39dd1bcc37d1a7054fd1e32ee,CVE-2016-9427,group-row-4884,train,train
row-4904,CWE-119,bdwgc,7292c02fac2066d39dd1bcc37d1a7054fd1e32ee,CVE-2016-9427,group-row-4884,train,train
row-4905,CWE-119,bdwgc,7292c02fac2066d39dd1bcc37d1a7054fd1e32ee,CVE-2016-9427,group-row-4884,train,train
row-4906,CWE-119,bdwgc,7292c02fac2066d39dd1bcc37d1a7054fd1e32ee,CVE-2016-9427,group-row-4884,train,train
row-4907,CWE-119,bdwgc,7292c02fac2066d39dd1bcc37d1a7054fd1e32ee,CVE-2016-9427,group-row-4884,train,train
row-4908,CWE-119,bdwgc,7292c02fac2066d39dd1bcc37d1a7054fd1e32ee,CVE-2016-9427,group-row-4884,train,train
row-4909,CWE-119,bdwgc,7292c02fac2066d39dd1bcc37d1a7054fd1e32ee,CVE-2016-9427,group-row-4884,train,train
row-4910,CWE-119,bdwgc,7292c02fac2066d39dd1bcc37d1a7054fd1e32ee,CVE-2016-9427,group-row-4884,train,train
row-4911,CWE-119,bdwgc,7292c02fac2066d39dd1bcc37d1a7054fd1e32ee,CVE-2016-9427,group-row-4884,train,train
row-4912,CWE-119,bdwgc,7292c02fac2066d39dd1bcc37d1a7054fd1e32ee,CVE-2016-9427,group-row-4884,train,train
row-4913,CWE-119,bdwgc,7292c02fac2066d39dd1bcc37d1a7054fd1e32ee,CVE-2016-9427,group-row-4884,train,train
row-4914,CWE-119,bdwgc,7292c02fac2066d39dd1bcc37d1a7054fd1e32ee,CVE-2016-9427,group-row-4884,train,train
row-4915,CWE-119,bdwgc,7292c02fac2066d39dd1bcc37d1a7054fd1e32ee,CVE-2016-9427,group-row-4884,train,train
row-4916,CWE-119,bdwgc,7292c02fac2066d39dd1bcc37d1a7054fd1e32ee,CVE-2016-9427,group-row-4884,train,train
row-4917,CWE-119,bdwgc,7292c02fac2066d39dd1bcc37d1a7054fd1e32ee,CVE-2016-9427,group-row-4884,train,train
row-4918,CWE-119,bdwgc,7292c02fac2066d39dd1bcc37d1a7054fd1e32ee,CVE-2016-9427,group-row-4884,train,train
row-4919,CWE-119,bdwgc,7292c02fac2066d39dd1bcc37d1a7054fd1e32ee,CVE-2016-9427,group-row-4884,train,train
row-4920,CWE-119,bdwgc,7292c02fac2066d39dd1bcc37d1a7054fd1e32ee,CVE-2016-9427,group-row-4884,train,train
row-4921,CWE-119,bdwgc,7292c02fac2066d39dd1bcc37d1a7054fd1e32ee,CVE-2016-9427,group-row-4884,train,train
row-4922,CWE-119,bdwgc,7292c02fac2066d39dd1bcc37d1a7054fd1e32ee,CVE-2016-9427,group-row-4884,train,train
row-4923,CWE-119,bdwgc,7292c02fac2066d39dd1bcc37d1a7054fd1e32ee,CVE-2016-9427,group-row-4884,train,train
row-4924,CWE-119,w3m,d01de738f599441740437c6600dd5b1ae7155d27,CVE-2016-9429,group-row-4924,train,train
row-4925,CWE-476,w3m,59b91cd8e30c86f23476fa81ae005cabff49ebb6,CVE-2016-9430,group-row-4925,train,validation
row-4926,CWE-476,w3m,59b91cd8e30c86f23476fa81ae005cabff49ebb6,CVE-2016-9430,group-row-4925,train,validation
row-4927,CWE-119,w3m,807e8b7fbffca6dcaf5db40e35f05d05c5cf02d3,CVE-2016-9432,group-row-4927,train,train
row-4928,CWE-119,w3m,7b88478227978a8d673b4dd0e05eee410cc33330,CVE-2016-9432,group-row-4927,train,train
row-4929,CWE-125,w3m,9cf6926c5d947371dc9e44f32bc7a2fbfca5d469,CVE-2016-9433,group-row-4929,train,train
row-4930,CWE-476,w3m,3d4eeda9ec0cb91e23bab7dc260d4c515119eb4b,CVE-2016-9434,group-row-4930,train,train
row-4933,CWE-119,w3m,67be73b03a5ad581e331ec97cb275cd8a52719ed,CVE-2016-9437,group-row-4933,train,train
row-4934,CWE-476,w3m,010b68580dc50ce183df11cc79721936ab5c4f25,CVE-2016-9438,group-row-4934,train,train
row-4935,CWE-119,w3m,f393faf55975a94217df479e1bd06ee4403c6958,CVE-2016-9439,group-row-4935,train,train
row-4936,CWE-119,w3m,ec99f186380d26ebf791569fdbc56dae60632365,CVE-2016-9439,group-row-4935,train,train
row-4937,CWE-476,w3m,4a8d16fc8d08206dd7142435054ee38ff41805b7,CVE-2016-9440,group-row-4937,train,train
row-4938,CWE-476,w3m,a6257663824c63abb3c62c4dd62455fe6f63d958,CVE-2016-9441,group-row-4938,train,train
row-4939,CWE-476,w3m,ec9eb22e008a69ea9dc21fdca4b9b836679965ee,CVE-2016-9443,group-row-4939,train,train
row-4940,CWE-476,w3m,22d29c3d11bdfec80164789a99c36cc674340914,CVE-2016-9443,group-row-4939,train,train
row-4941,CWE-416,linux,6934da9238da947628be83635e365df41064b09b,,group-row-4941,train,train
row-4942,CWE-476,w3m,af592aa5f154f1b0366513ddc2f545032a7b8721,CVE-2016-9623,group-row-4942,train,train
row-4943,CWE-476,w3m,e2c7ecec6f9b730ad3c9bf8c8df9212970f183d7,CVE-2016-9624,group-row-4943,train,train
row-4944,CWE-119,w3m,ff8510ab954ac5db478964351f6a78891c34f1d8,CVE-2016-9625,group-row-4944,train,test
row-4946,CWE-119,w3m,e458def067859615ce4bc7170733d368f49d63c2,CVE-2016-9626,group-row-4946,train,validation
row-4947,CWE-416,linux-stable,77da160530dd1dc94f6ae15a981f24e5f0021e84,CVE-2016-7910,group-row-4947,train,train
row-4948,CWE-119,w3m,0c3f5d0e0d9269ad47b8f4b061d7818993913189,CVE-2016-9627,group-row-4948,train,train
row-4949,CWE-119,w3m,0c3f5d0e0d9269ad47b8f4b061d7818993913189,CVE-2016-9627,group-row-4948,train,train
row-4950,CWE-119,w3m,0c3f5d0e0d9269ad47b8f4b061d7818993913189,CVE-2016-9627,group-row-4948,train,train
row-4951,CWE-476,w3m,a088e0263c48ba406a7ae0932a1ae64a25be7acd,CVE-2016-9629,group-row-4951,train,train
row-4952,CWE-119,w3m,ba9d78faeba9024c3e8840579c3b0e959ae2cb0f,CVE-2016-9630,group-row-4952,train,train
row-4953,CWE-119,w3m,716bc126638393c733399d11d3228edb82877faa,CVE-2016-9632,group-row-4953,train,train
row-4956,CWE-415,linux,f3951a3709ff50990bf3e188c27d346792103432,,group-row-4956,train,train
row-4957,CWE-119,ImageMagick,4e8c2ed53fcb54a34b3a6185b2584f26cf6874a3,CVE-2016-9773,group-row-4957,train,train
row-4958,CWE-119,ImageMagick,4e8c2ed53fcb54a34b3a6185b2584f26cf6874a3,CVE-2016-9773,group-row-4957,train,train
row-4959,CWE-119,ImageMagick,4e8c2ed53fcb54a34b3a6185b2584f26cf6874a3,CVE-2016-9773,group-row-4957,train,train
row-4962,CWE-125,gst-plugins-good,b31c504645a814c59d91d49e4fe218acaf93f4ca,CVE-2016-9810,group-row-4962,train,train
row-4963,CWE-125,gst-plugins-base,2fdccfd64fc609e44e9c4b8eed5bfdc0ab9c9095,CVE-2016-9811,group-row-4963,validation,train
row-4964,CWE-125,gst-plugins-bad,d58f668ece8795bddb3316832e1848c7b7cf38ac,CVE-2016-9812,group-row-4964,train,train
row-4965,CWE-476,gst-plugins-bad,7b12593cceaa0726d7fc370a7556a8e773ccf318,CVE-2016-9813,group-row-4965,train,train
row-4976,CWE-416,qemu,a4afa548fc6dd9842ed86639b4d37d4d1c4ad480,CVE-2016-9923,group-row-4976,train,train
row-4977,CWE-416,qemu,a4afa548fc6dd9842ed86639b4d37d4d1c4ad480,CVE-2016-9923,group-row-4976,train,train
row-4978,CWE-416,qemu,a4afa548fc6dd9842ed86639b4d37d4d1c4ad480,CVE-2016-9923,group-row-4976,train,train
row-4979,CWE-416,qemu,a4afa548fc6dd9842ed86639b4d37d4d1c4ad480,CVE-2016-9923,group-row-4976,train,train
row-4980,CWE-416,qemu,a4afa548fc6dd9842ed86639b4d37d4d1c4ad480,CVE-2016-9923,group-row-4976,train,train
row-4981,CWE-416,qemu,a4afa548fc6dd9842ed86639b4d37d4d1c4ad480,CVE-2016-9923,group-row-4976,train,train
row-4982,CWE-416,qemu,a4afa548fc6dd9842ed86639b4d37d4d1c4ad480,CVE-2016-9923,group-row-4976,train,train
row-4983,CWE-416,qemu,a4afa548fc6dd9842ed86639b4d37d4d1c4ad480,CVE-2016-9923,group-row-4976,train,train
row-4984,CWE-416,qemu,a4afa548fc6dd9842ed86639b4d37d4d1c4ad480,CVE-2016-9923,group-row-4976,train,train
row-4985,CWE-416,qemu,a4afa548fc6dd9842ed86639b4d37d4d1c4ad480,CVE-2016-9923,group-row-4976,train,train
row-4986,CWE-416,qemu,a4afa548fc6dd9842ed86639b4d37d4d1c4ad480,CVE-2016-9923,group-row-4976,train,train
row-4987,CWE-416,qemu,a4afa548fc6dd9842ed86639b4d37d4d1c4ad480,CVE-2016-9923,group-row-4976,train,train
row-4988,CWE-416,qemu,a4afa548fc6dd9842ed86639b4d37d4d1c4ad480,CVE-2016-9923,group-row-4976,train,train
row-4989,CWE-416,qemu,a4afa548fc6dd9842ed86639b4d37d4d1c4ad480,CVE-2016-9923,group-row-4976,train,train
row-4990,CWE-416,qemu,a4afa548fc6dd9842ed86639b4d37d4d1c4ad480,CVE-2016-9923,group-row-4976,train,train
row-4991,CWE-416,qemu,a4afa548fc6dd9842ed86639b4d37d4d1c4ad480,CVE-2016-9923,group-row-4976,train,train
row-4992,CWE-416,qemu,a4afa548fc6dd9842ed86639b4d37d4d1c4ad480,CVE-2016-9923,group-row-4976,train,train
row-4993,CWE-416,qemu,a4afa548fc6dd9842ed86639b4d37d4d1c4ad480,CVE-2016-9923,group-row-4976,train,train
row-4994,CWE-416,qemu,a4afa548fc6dd9842ed86639b4d37d4d1c4ad480,CVE-2016-9923,group-row-4976,train,train
row-4995,CWE-416,qemu,a4afa548fc6dd9842ed86639b4d37d4d1c4ad480,CVE-2016-9923,group-row-4976,train,train
row-4996,CWE-416,qemu,a4afa548fc6dd9842ed86639b4d37d4d1c4ad480,CVE-2016-9923,group-row-4976,train,train
row-4997,CWE-416,qemu,a4afa548fc6dd9842ed86639b4d37d4d1c4ad480,CVE-2016-9923,group-row-4976,train,train
row-4998,CWE-416,linux,a0ac402cfcdc904f9772e1762b3fda112dcc56a0,,group-row-4998,train,train
row-4999,CWE-476,libgsf,95a8351a75758cf10b3bf6abae0b6b461f90d9e5,,group-row-4999,train,test
row-5023,CWE-200,linux-stable,dd42bf1197144ede075a9d4793123f7689e164bc,CVE-2015-8964,group-row-5023,train,test
row-5024,CWE-119,php-src,863d37ea66d5c960db08d6f4a2cbd2518f0f80d1,CVE-2016-9933,group-row-5024,validation,train
row-5026,CWE-476,php-src,6045de69c7dedcba3eadf7c4bba424b19c81d00d,,group-row-5026,validation,train
row-5027,CWE-476,php-src,6045de69c7dedcba3eadf7c4bba424b19c81d00d,,group-row-5026,validation,train
row-5028,CWE-476,php-src,6045de69c7dedcba3eadf7c4bba424b19c81d00d,,group-row-5026,validation,train
row-5030,CWE-125,linux,50220dead1650609206efe91f0cc116132d59b3f,,group-row-5030,train,train
row-5031,CWE-416,php-src,b2af4e8868726a040234de113436c6e4f6372d17,,group-row-5031,validation,train
row-5032,CWE-125,linux-stable,8d4a2ec1e0b41b0cf9a0c5cd4511da7f8e4f3de2,CVE-2016-7914,group-row-5032,train,test
row-5033,CWE-125,jasper,99a50593254d1b53002719bbecfc946c84b23d27,CVE-2016-9583,group-row-5033,train,validation
row-5034,CWE-125,jasper,aa0b0f79ade5eef8b0e7a214c03f5af54b36ba7d,,group-row-5034,train,train
row-5035,CWE-125,jasper,aa0b0f79ade5eef8b0e7a214c03f5af54b36ba7d,,group-row-5034,train,train
row-5036,CWE-125,jasper,aa0b0f79ade5eef8b0e7a214c03f5af54b36ba7d,,group-row-5034,train,train
row-5037,CWE-125,jasper,aa0b0f79ade5eef8b0e7a214c03f5af54b36ba7d,,group-row-5034,train,train
row-5038,CWE-125,jasper,aa0b0f79ade5eef8b0e7a214c03f5af54b36ba7d,,group-row-5034,train,train
row-5039,CWE-125,jasper,f25486c3d4aa472fec79150f2c41ed4333395d3d,,group-row-5039,train,train
row-5041,CWE-119,tor,d978216dea6b21ac38230a59d172139185a68dbd,CVE-2016-1254,group-row-5041,train,train
row-5042,CWE-119,tor,d978216dea6b21ac38230a59d172139185a68dbd,CVE-2016-1254,group-row-5041,train,train
row-5049,CWE-416,jasper,03fe49ab96bf65fea784cdc256507ea88267fc7c,CVE-2016-9591,group-row-5049,train,train
row-5050,CWE-416,jasper,03fe49ab96bf65fea784cdc256507ea88267fc7c,CVE-2016-9591,group-row-5049,train,train
row-5051,CWE-416,jasper,03fe49ab96bf65fea784cdc256507ea88267fc7c,CVE-2016-9591,group-row-5049,train,train
row-5052,CWE-416,jasper,03fe49ab96bf65fea784cdc256507ea88267fc7c,CVE-2016-9591,group-row-5049,train,train
row-5053,CWE-416,jasper,03fe49ab96bf65fea784cdc256507ea88267fc7c,CVE-2016-9591,group-row-5049,train,train
row-5054,CWE-416,jasper,03fe49ab96bf65fea784cdc256507ea88267fc7c,CVE-2016-9591,group-row-5049,train,train
row-5055,CWE-416,jasper,03fe49ab96bf65fea784cdc256507ea88267fc7c,CVE-2016-9591,group-row-5049,train,train
row-5056,CWE-416,jasper,03fe49ab96bf65fea784cdc256507ea88267fc7c,CVE-2016-9591,group-row-5049,train,train
row-5057,CWE-416,jasper,03fe49ab96bf65fea784cdc256507ea88267fc7c,CVE-2016-9591,group-row-5049,train,train
row-5058,CWE-787,ImageMagick,e5fd9ab1b70b2edd06de8efb606e04482cb9a2f0,CVE-2016-8707,group-row-5058,train,train
row-5059,CWE-476,libpng,812768d7a9c973452222d454634496b25ed415eb,CVE-2016-10087,group-row-5059,test,validation
row-5060,CWE-476,jasper,a632c6b54bd4ffc3bebab420e00b7e7688aa3846,CVE-2016-9600,group-row-5060,train,train
row-5061,CWE-119,libvncserver,5418e8007c248bf9668d22a8c1fa9528149b69f2,CVE-2016-9941,group-row-5061,test,train
row-5062,CWE-119,libvncserver,5418e8007c248bf9668d22a8c1fa9528149b69f2,CVE-2016-9941,group-row-5061,test,train
row-5063,CWE-119,libvncserver,5418e8007c248bf9668d22a8c1fa9528149b69f2,CVE-2016-9941,group-row-5061,test,train
row-5064,CWE-119,libvncserver,5fff4353f66427b467eb29e5fdc1da4f2be028bb,CVE-2016-9942,group-row-5064,test,train
row-5065,CWE-119,libvncserver,5fff4353f66427b467eb29e5fdc1da4f2be028bb,CVE-2016-9942,group-row-5064,test,train
row-5066,CWE-190,linux-stable,59643d1535eb220668692a5359de22545af579f6,CVE-2016-9754,group-row-5066,train,train
row-5071,CWE-476,irssi,6c6c42e3d1b49d90aacc0b67f8540471cae02a1d,CVE-2017-5193,group-row-5071,train,train
row-5072,CWE-476,irssi,6c6c42e3d1b49d90aacc0b67f8540471cae02a1d,CVE-2017-5193,group-row-5071,train,train
row-5073,CWE-476,irssi,6c6c42e3d1b49d90aacc0b67f8540471cae02a1d,CVE-2017-5193,group-row-5071,train,train
row-5074,CWE-476,irssi,6c6c42e3d1b49d90aacc0b67f8540471cae02a1d,CVE-2017-5193,group-row-5071,train,train
row-5075,CWE-476,irssi,6c6c42e3d1b49d90aacc0b67f8540471cae02a1d,CVE-2017-5193,group-row-5071,train,train
row-5076,CWE-476,irssi,6c6c42e3d1b49d90aacc0b67f8540471cae02a1d,CVE-2017-5193,group-row-5071,train,train
row-5082,CWE-190,icoutils,0d569f458f306b88f60156d60c9cf058125cf173,CVE-2017-5208,group-row-5082,train,train
row-5083,CWE-190,icoutils,4fbe9222fd79ee31b7ec031b0be070a9a400d1d3,CVE-2017-5208,group-row-5082,train,train
row-5085,CWE-415,gnutls,c5aaa488a3d6df712dc8dff23a049133cab5ec1b,CVE-2017-5334,group-row-5085,test,train
row-5086,CWE-119,gnutls,94fcf1645ea17223237aaf8d19132e004afddc1a,CVE-2017-5337,group-row-5086,test,train
row-5091,CWE-125,gnutls,49be4f7b82eba2363bb8d4090950dad976a77a3a,CVE-2017-5335,group-row-5091,test,train
row-5092,CWE-125,gnutls,49be4f7b82eba2363bb8d4090950dad976a77a3a,CVE-2017-5335,group-row-5091,test,train
row-5093,CWE-125,gnutls,49be4f7b82eba2363bb8d4090950dad976a77a3a,CVE-2017-5335,group-row-5091,test,train
row-5094,CWE-125,gnutls,49be4f7b82eba2363bb8d4090950dad976a77a3a,CVE-2017-5335,group-row-5091,test,train
row-5095,CWE-125,gnutls,49be4f7b82eba2363bb8d4090950dad976a77a3a,CVE-2017-5335,group-row-5091,test,train
row-5096,CWE-125,gnutls,49be4f7b82eba2363bb8d4090950dad976a77a3a,CVE-2017-5335,group-row-5091,test,train
row-5097,CWE-119,gnutls,5140422e0d7319a8e2fe07f02cbcafc4d6538732,CVE-2017-5336,group-row-5097,test,train
row-5098,CWE-190,icoutils,1a108713ac26215c7568353f6e02e727e6d4b24a,CVE-2017-5333,group-row-5098,train,train
row-5099,CWE-119,icoutils,1aa9f28f7bcbdfff6a84a15ac8d9a87559b1596a,CVE-2017-5332,group-row-5099,train,train
row-5102,CWE-119,ruby,bcc2421b4938fc1d9f5f3fb6ef2320571b27af42,CVE-2016-2339,group-row-5102,validation,train
row-5103,CWE-119,ruby,bcc2421b4938fc1d9f5f3fb6ef2320571b27af42,CVE-2016-2339,group-row-5102,validation,train
row-5114,CWE-476,mujs,77ab465f1c394bb77f00966cd950650f3f53cb24,CVE-2016-10132,group-row-5114,train,train
row-5115,CWE-190,opus,79e8f527b0344b0897a65be35e77f7885bd99409,CVE-2017-0381,group-row-5115,train,train
row-5116,CWE-787,ImageMagick,d4ec73f866a7c42a2e7f301fcd696e5cb7a7d3ab,,group-row-5116,train,train
row-5117,CWE-787,ImageMagick,d4ec73f866a7c42a2e7f301fcd696e5cb7a7d3ab,,group-row-5116,train,train
row-5118,CWE-787,ImageMagick,d4ec73f866a7c42a2e7f301fcd696e5cb7a7d3ab,,group-row-5116,train,train
row-5119,CWE-787,ImageMagick,d4ec73f866a7c42a2e7f301fcd696e5cb7a7d3ab,,group-row-5116,train,train
row-5120,CWE-787,ImageMagick,91cc3f36f2ccbd485a0456bab9aebe63b635da88,,group-row-5120,train,train
row-5122,CWE-22,hexchat,15600f405f2d5bda6ccf0dd73957395716e0d4d3,CVE-2016-2087,group-row-5122,validation,train
row-5123,CWE-22,hexchat,4e061a43b3453a9856d34250c3913175c45afe9d,CVE-2016-2087,group-row-5122,validation,train
row-5124,CWE-703,linux,c4e490cf148e85ead0d1b1c2caaba833f1d5b29f,,group-row-5124,train,train
row-5125,CWE-703,linux,c4e490cf148e85ead0d1b1c2caaba833f1d5b29f,,group-row-5124,train,train
row-5129,CWE-787,jasper,e2f2e5f4022baef2386eec25c57b63debfe4cb20,CVE-2017-5503,group-row-5129,train,validation
row-5130,CWE-787,jasper,e2f2e5f4022baef2386eec25c57b63debfe4cb20,CVE-2017-5503,group-row-5129,train,validation
row-5131,CWE-787,jasper,e2f2e5f4022baef2386eec25c57b63debfe4cb20,CVE-2017-5503,group-row-5129,train,validation
row-5132,CWE-787,jasper,e2f2e5f4022baef2386eec25c57b63debfe4cb20,CVE-2017-5503,group-row-5129,train,validation
row-5133,CWE-190,jasper,8c4e99592e7da53a9de2934bc7781535d0e0595d,CVE-2017-5499,group-row-5133,train,train
row-5142,CWE-200,linux,b9dc6f65bc5e232d1c05fe34b5daadc7e8bbf1fb,,group-row-5142,train,train
row-5143,CWE-200,linux,b9dc6f65bc5e232d1c05fe34b5daadc7e8bbf1fb,,group-row-5142,train,train
row-5147,CWE-125,WavPack,4bc05fc490b66ef2d45b1de26abf1455b486b0dc,CVE-2016-10169,group-row-5147,train,train
row-5148,CWE-125,WavPack,4bc05fc490b66ef2d45b1de26abf1455b486b0dc,CVE-2016-10169,group-row-5147,train,train
row-5150,CWE-125,libarchive,98dcbbf0bf4854bf987557e55e55fff7abbf3ea9,,group-row-5150,train,train
row-5151,CWE-415,libgd,a49feeae76d41959d85ee733925a4cf40bac61b2,,group-row-5151,validation,validation
row-5152,CWE-415,libgd,a49feeae76d41959d85ee733925a4cf40bac61b2,,group-row-5151,validation,validation
row-5153,CWE-415,libgd,a49feeae76d41959d85ee733925a4cf40bac61b2,,group-row-5151,validation,validation
row-5154,CWE-415,libgd,a49feeae76d41959d85ee733925a4cf40bac61b2,,group-row-5151,validation,validation
row-5155,CWE-415,libgd,a49feeae76d41959d85ee733925a4cf40bac61b2,,group-row-5151,validation,validation
row-5156,CWE-20,libgd,1846f48e5fcdde996e7c27a4bbac5d0aef183e4b,,group-row-5156,validation,train
row-5157,CWE-401,qemu,765a707000e838c30b18d712fe6cb3dd8e0435f3,CVE-2017-5856,group-row-5157,train,validation
row-5158,CWE-401,qemu,765a707000e838c30b18d712fe6cb3dd8e0435f3,CVE-2017-5856,group-row-5157,train,validation
row-5159,CWE-125,libplist,4765d9a60ca4248a8f89289271ac69cbffcc29bc,CVE-2017-5834,group-row-5159,validation,train
row-5160,CWE-770,libplist,26061aac4ec75e7a4469a9aab9a424716223e5c4,CVE-2017-5835,group-row-5160,validation,train
row-5161,CWE-415,libplist,7a28a14cf6ed547dfd2e52a4db17f47242bfdef9,CVE-2017-5836,group-row-5161,validation,train
row-5162,CWE-125,libevent,96f64a022014a208105ead6c8a7066018449d86d,,group-row-5162,train,train
row-5164,CWE-125,libevent,ec65c42052d95d2c23d1d837136d1cf1d9ecef9e,,group-row-5164,train,train
row-5170,CWE-20,libgd,fe9ed49dafa993e3af96b6a5a589efeea9bfb36f,,group-row-5170,validation,train
row-5171,CWE-20,libgd,fe9ed49dafa993e3af96b6a5a589efeea9bfb36f,,group-row-5170,validation,train
row-5173,CWE-125,php-src,16b3003ffc6393e250f069aa28a78dc5a2c064b2,,group-row-5173,validation,train
row-5174,CWE-125,php-src,16b3003ffc6393e250f069aa28a78dc5a2c064b2,,group-row-5173,validation,train
row-5175,CWE-476,php-src,8d2539fa0faf3f63e1d1e7635347c5b9e777d47b,,group-row-5175,validation,train
row-5177,CWE-125,gst-plugins-good,87a2c140ca54c5128093377e9b25a5c24b346727,CVE-2016-10198,group-row-5177,train,train
row-5178,CWE-125,gst-plugins-good,d0949baf3dadea6021d54abef6802fed5a06af75,CVE-2016-10199,group-row-5178,train,train
row-5179,CWE-369,gst-plugins-base,81d3ba3fa212bb25fe2ac661993887c4b69af6f1,CVE-2017-5837,group-row-5179,validation,train
row-5180,CWE-125,gstreamer,9398b7f1a75b38844ae7050b5a7967e4cdebe24f,CVE-2017-5838,group-row-5180,train,train
row-5181,CWE-125,gstreamer,9398b7f1a75b38844ae7050b5a7967e4cdebe24f,CVE-2017-5838,group-row-5180,train,train
row-5182,CWE-369,gst-plugins-base,5d505d108800cef210f67dcfed2801ba36beac2a,CVE-2017-5844,group-row-5182,validation,train
row-5183,CWE-125,net,7892032cfe67f4bde6fc2ee967e45a8fbaf33756,CVE-2017-5897,group-row-5183,train,train
row-5188,CWE-20,bash,4f747edc625815f449048579f6e65869914dd715,CVE-2017-5932,group-row-5188,train,test
row-5189,CWE-20,bash,4f747edc625815f449048579f6e65869914dd715,CVE-2017-5932,group-row-5188,train,test
row-5190,CWE-20,bash,4f747edc625815f449048579f6e65869914dd715,CVE-2017-5932,group-row-5188,train,test
row-5191,CWE-20,bash,4f747edc625815f449048579f6e65869914dd715,CVE-2017-5932,group-row-5188,train,test
row-5192,CWE-190,vim,399c297aa93afe2c0a39e2a1b3f972aebba44c9d,CVE-2017-5953,group-row-5192,train,train
row-5194,CWE-190,linux,647bf3d8a8e5777319da92af672289b2a6c4dc66,,group-row-5194,train,test
row-5195,CWE-416,mysql-server,4797ea0b772d5f4c5889bc552424132806f46e93,CVE-2017-3302,group-row-5195,train,test
row-5196,CWE-200,tip,dfb4357da6ddbdf57d583ba64361c9d792b0e0b1,CVE-2017-5967,group-row-5196,train,train
row-5197,CWE-200,tip,dfb4357da6ddbdf57d583ba64361c9d792b0e0b1,CVE-2017-5967,group-row-5196,train,train
row-5198,CWE-200,tip,dfb4357da6ddbdf57d583ba64361c9d792b0e0b1,CVE-2017-5967,group-row-5196,train,train
row-5199,CWE-200,tip,dfb4357da6ddbdf57d583ba64361c9d792b0e0b1,CVE-2017-5967,group-row-5196,train,train
row-5200,CWE-200,tip,dfb4357da6ddbdf57d583ba64361c9d792b0e0b1,CVE-2017-5967,group-row-5196,train,train
row-5201,CWE-200,tip,dfb4357da6ddbdf57d583ba64361c9d792b0e0b1,CVE-2017-5967,group-row-5196,train,train
row-5202,CWE-200,tip,dfb4357da6ddbdf57d583ba64361c9d792b0e0b1,CVE-2017-5967,group-row-5196,train,train
row-5203,CWE-200,tip,dfb4357da6ddbdf57d583ba64361c9d792b0e0b1,CVE-2017-5967,group-row-5196,train,train
row-5204,CWE-200,tip,dfb4357da6ddbdf57d583ba64361c9d792b0e0b1,CVE-2017-5967,group-row-5196,train,train
row-5205,CWE-200,tip,dfb4357da6ddbdf57d583ba64361c9d792b0e0b1,CVE-2017-5967,group-row-5196,train,train
row-5206,CWE-200,tip,dfb4357da6ddbdf57d583ba64361c9d792b0e0b1,CVE-2017-5967,group-row-5196,train,train
row-5207,CWE-200,tip,dfb4357da6ddbdf57d583ba64361c9d792b0e0b1,CVE-2017-5967,group-row-5196,train,train
row-5208,CWE-200,tip,dfb4357da6ddbdf57d583ba64361c9d792b0e0b1,CVE-2017-5967,group-row-5196,train,train
row-5209,CWE-200,tip,dfb4357da6ddbdf57d583ba64361c9d792b0e0b1,CVE-2017-5967,group-row-5196,train,train
row-5210,CWE-200,tip,dfb4357da6ddbdf57d583ba64361c9d792b0e0b1,CVE-2017-5967,group-row-5196,train,train
row-5211,CWE-200,tip,dfb4357da6ddbdf57d583ba64361c9d792b0e0b1,CVE-2017-5967,group-row-5196,train,train
row-5212,CWE-200,tip,dfb4357da6ddbdf57d583ba64361c9d792b0e0b1,CVE-2017-5967,group-row-5196,train,train
row-5213,CWE-200,tip,dfb4357da6ddbdf57d583ba64361c9d792b0e0b1,CVE-2017-5967,group-row-5196,train,train
row-5214,CWE-200,tip,dfb4357da6ddbdf57d583ba64361c9d792b0e0b1,CVE-2017-5967,group-row-5196,train,train
row-5215,CWE-200,tip,dfb4357da6ddbdf57d583ba64361c9d792b0e0b1,CVE-2017-5967,group-row-5196,train,train
row-5216,CWE-200,tip,dfb4357da6ddbdf57d583ba64361c9d792b0e0b1,CVE-2017-5967,group-row-5196,train,train
row-5217,CWE-200,tip,dfb4357da6ddbdf57d583ba64361c9d792b0e0b1,CVE-2017-5967,group-row-5196,train,train
row-5218,CWE-200,tip,dfb4357da6ddbdf57d583ba64361c9d792b0e0b1,CVE-2017-5967,group-row-5196,train,train
row-5219,CWE-200,tip,dfb4357da6ddbdf57d583ba64361c9d792b0e0b1,CVE-2017-5967,group-row-5196,train,train
row-5220,CWE-200,tip,dfb4357da6ddbdf57d583ba64361c9d792b0e0b1,CVE-2017-5967,group-row-5196,train,train
row-5221,CWE-200,tip,dfb4357da6ddbdf57d583ba64361c9d792b0e0b1,CVE-2017-5967,group-row-5196,train,train
row-5222,CWE-200,tip,dfb4357da6ddbdf57d583ba64361c9d792b0e0b1,CVE-2017-5967,group-row-5196,train,train
row-5223,CWE-200,tip,dfb4357da6ddbdf57d583ba64361c9d792b0e0b1,CVE-2017-5967,group-row-5196,train,train
row-5224,CWE-200,tip,dfb4357da6ddbdf57d583ba64361c9d792b0e0b1,CVE-2017-5967,group-row-5196,train,train
row-5225,CWE-200,tip,dfb4357da6ddbdf57d583ba64361c9d792b0e0b1,CVE-2017-5967,group-row-5196,train,train
row-5226,CWE-200,tip,dfb4357da6ddbdf57d583ba64361c9d792b0e0b1,CVE-2017-5967,group-row-5196,train,train
row-5227,CWE-200,tip,dfb4357da6ddbdf57d583ba64361c9d792b0e0b1,CVE-2017-5967,group-row-5196,train,train
row-5228,CWE-200,tip,dfb4357da6ddbdf57d583ba64361c9d792b0e0b1,CVE-2017-5967,group-row-5196,train,train
row-5229,CWE-200,tip,dfb4357da6ddbdf57d583ba64361c9d792b0e0b1,CVE-2017-5967,group-row-5196,train,train
row-5230,CWE-200,tip,dfb4357da6ddbdf57d583ba64361c9d792b0e0b1,CVE-2017-5967,group-row-5196,train,train
row-5231,CWE-200,tip,dfb4357da6ddbdf57d583ba64361c9d792b0e0b1,CVE-2017-5967,group-row-5196,train,train
row-5232,CWE-200,tip,dfb4357da6ddbdf57d583ba64361c9d792b0e0b1,CVE-2017-5967,group-row-5196,train,train
row-5235,CWE-119,linux-stable,f53dc67c5e7babafe239b93a11678b0e05bead51,CVE-2017-2634,group-row-5235,train,train
row-5236,CWE-119,bluez,8514068150759c1d6a46d4605d2351babfde1601,CVE-2016-7837,group-row-5236,train,train
row-5237,CWE-20,mod_auth_openidc,612e309bfffd6f9b8ad7cdccda3019fc0865f3b4,,group-row-5237,train,train
row-5240,CWE-125,qemu,9f64916da20eea67121d544698676295bbb105a7,CVE-2017-2633,group-row-5240,train,train
row-5241,CWE-125,qemu,9f64916da20eea67121d544698676295bbb105a7,CVE-2017-2633,group-row-5240,train,train
row-5242,CWE-125,qemu,9f64916da20eea67121d544698676295bbb105a7,CVE-2017-2633,group-row-5240,train,train
row-5243,CWE-125,qemu,9f64916da20eea67121d544698676295bbb105a7,CVE-2017-2633,group-row-5240,train,train
row-5244,CWE-125,qemu,9f64916da20eea67121d544698676295bbb105a7,CVE-2017-2633,group-row-5240,train,train
row-5245,CWE-125,qemu,9f64916da20eea67121d544698676295bbb105a7,CVE-2017-2633,group-row-5240,train,train
row-5246,CWE-125,qemu,9f64916da20eea67121d544698676295bbb105a7,CVE-2017-2633,group-row-5240,train,train
row-5247,CWE-125,qemu,9f64916da20eea67121d544698676295bbb105a7,CVE-2017-2633,group-row-5240,train,train
row-5248,CWE-125,qemu,9f64916da20eea67121d544698676295bbb105a7,CVE-2017-2633,group-row-5240,train,train
row-5249,CWE-125,qemu,9f64916da20eea67121d544698676295bbb105a7,CVE-2017-2633,group-row-5240,train,train
row-5250,CWE-125,qemu,9f64916da20eea67121d544698676295bbb105a7,CVE-2017-2633,group-row-5240,train,train
row-5251,CWE-125,qemu,9f64916da20eea67121d544698676295bbb105a7,CVE-2017-2633,group-row-5240,train,train
row-5252,CWE-125,qemu,9f64916da20eea67121d544698676295bbb105a7,CVE-2017-2633,group-row-5240,train,train
row-5253,CWE-125,qemu,9f64916da20eea67121d544698676295bbb105a7,CVE-2017-2633,group-row-5240,train,train
row-5254,CWE-125,qemu,9f64916da20eea67121d544698676295bbb105a7,CVE-2017-2633,group-row-5240,train,train
row-5255,CWE-125,qemu,9f64916da20eea67121d544698676295bbb105a7,CVE-2017-2633,group-row-5240,train,train
row-5256,CWE-125,qemu,9f64916da20eea67121d544698676295bbb105a7,CVE-2017-2633,group-row-5240,train,train
row-5257,CWE-125,qemu,9f64916da20eea67121d544698676295bbb105a7,CVE-2017-2633,group-row-5240,train,train
row-5258,CWE-125,qemu,9f64916da20eea67121d544698676295bbb105a7,CVE-2017-2633,group-row-5240,train,train
row-5259,CWE-125,qemu,9f64916da20eea67121d544698676295bbb105a7,CVE-2017-2633,group-row-5240,train,train
row-5260,CWE-125,qemu,9f64916da20eea67121d544698676295bbb105a7,CVE-2017-2633,group-row-5240,train,train
row-5261,CWE-125,qemu,9f64916da20eea67121d544698676295bbb105a7,CVE-2017-2633,group-row-5240,train,train
row-5262,CWE-125,qemu,9f64916da20eea67121d544698676295bbb105a7,CVE-2017-2633,group-row-5240,train,train
row-5263,CWE-125,qemu,9f64916da20eea67121d544698676295bbb105a7,CVE-2017-2633,group-row-5240,train,train
row-5264,CWE-125,qemu,9f64916da20eea67121d544698676295bbb105a7,CVE-2017-2633,group-row-5240,train,train
row-5265,CWE-125,qemu,9f64916da20eea67121d544698676295bbb105a7,CVE-2017-2633,group-row-5240,train,train
row-5266,CWE-125,qemu,9f64916da20eea67121d544698676295bbb105a7,CVE-2017-2633,group-row-5240,train,train
row-5267,CWE-125,qemu,9f64916da20eea67121d544698676295bbb105a7,CVE-2017-2633,group-row-5240,train,train
row-5268,CWE-125,qemu,9f64916da20eea67121d544698676295bbb105a7,CVE-2017-2633,group-row-5240,train,train
row-5269,CWE-125,qemu,9f64916da20eea67121d544698676295bbb105a7,CVE-2017-2633,group-row-5240,train,train
row-5270,CWE-125,qemu,9f64916da20eea67121d544698676295bbb105a7,CVE-2017-2633,group-row-5240,train,train
row-5271,CWE-125,qemu,9f64916da20eea67121d544698676295bbb105a7,CVE-2017-2633,group-row-5240,train,train
row-5272,CWE-125,qemu,9f64916da20eea67121d544698676295bbb105a7,CVE-2017-2633,group-row-5240,train,train
row-5273,CWE-125,qemu,9f64916da20eea67121d544698676295bbb105a7,CVE-2017-2633,group-row-5240,train,train
row-5274,CWE-125,qemu,9f64916da20eea67121d544698676295bbb105a7,CVE-2017-2633,group-row-5240,train,train
row-5275,CWE-125,qemu,9f64916da20eea67121d544698676295bbb105a7,CVE-2017-2633,group-row-5240,train,train
row-5276,CWE-125,qemu,9f64916da20eea67121d544698676295bbb105a7,CVE-2017-2633,group-row-5240,train,train
row-5277,CWE-125,qemu,9f64916da20eea67121d544698676295bbb105a7,CVE-2017-2633,group-row-5240,train,train
row-5278,CWE-200,linux,2dc705a9930b4806250fbf5a76e55266e59389f2,CVE-2016-8405,group-row-5278,train,test
row-5279,CWE-200,linux,2dc705a9930b4806250fbf5a76e55266e59389f2,CVE-2016-8405,group-row-5278,train,test
row-5285,CWE-190,vim,3eb1637b1bba19519885dd6d377bd5596e91d22c,CVE-2017-6349,group-row-5285,train,validation
row-5286,CWE-190,vim,0c8485f0e4931463c0f7986e1ea84a7d79f10c75,CVE-2017-6350,group-row-5286,train,train
row-5287,CWE-125,linux,ca4ef4574f1ee5252e2cd365f8f5d5bafd048f32,,group-row-5287,train,test
row-5296,CWE-476,linux,c06cfb08b88dfbe13be44a69ae2fdc3a7c902d81,,group-row-5296,train,train
row-5297,CWE-476,linux,c06cfb08b88dfbe13be44a69ae2fdc3a7c902d81,,group-row-5296,train,train
row-5298,CWE-476,linux,c06cfb08b88dfbe13be44a69ae2fdc3a7c902d81,,group-row-5296,train,train
row-5299,CWE-476,linux,c06cfb08b88dfbe13be44a69ae2fdc3a7c902d81,,group-row-5296,train,train
row-5300,CWE-476,linux,c06cfb08b88dfbe13be44a69ae2fdc3a7c902d81,,group-row-5296,train,train
row-5301,CWE-476,linux,c06cfb08b88dfbe13be44a69ae2fdc3a7c902d81,,group-row-5296,train,train
row-5302,CWE-476,linux,c06cfb08b88dfbe13be44a69ae2fdc3a7c902d81,,group-row-5296,train,train
row-5303,CWE-476,linux,c06cfb08b88dfbe13be44a69ae2fdc3a7c902d81,,group-row-5296,train,train
row-5308,CWE-200,linux,4c03b862b12f980456f9de92db6d508a4999b788,,group-row-5308,train,validation
row-5320,CWE-415,linux,dfcb9f4f99f1e9a49e43398a7bfbf56927544af1,,group-row-5320,train,validation
row-5321,CWE-415,linux,dfcb9f4f99f1e9a49e43398a7bfbf56927544af1,,group-row-5320,train,validation
row-5322,CWE-835,qemu,95ed56939eb2eaa4e2f349fe6dcd13ca4edfd8fb,CVE-2017-6505,group-row-5322,train,train
row-5330,CWE-20,qBittorrent,f5ad04766f4abaa78374ff03704316f8ce04627d,,group-row-5330,train,train
row-5386,CWE-190,capstone,6fe86eef621b9849f51a5e1e5d73258a93440403,CVE-2017-6952,group-row-5386,train,train
row-5387,CWE-399,ImageMagick,6790815c75bdea0357df5564345847856e995d6b,CVE-2016-10252,group-row-5387,train,train
row-5388,CWE-119,linux,bf33f87dd04c371ea33feb821b60d63d754e3124,CVE-2017-7187,group-row-5388,train,test
row-5389,CWE-476,jasper,2e82fa00466ae525339754bb3ab0a0474a31d4bd,,group-row-5389,train,train
row-5390,CWE-476,jasper,2e82fa00466ae525339754bb3ab0a0474a31d4bd,,group-row-5389,train,train
row-5391,CWE-476,jasper,e96fc4fdd525fa0ede28074a7e2b1caf94b58b0d,,group-row-5391,train,train
row-5392,CWE-476,jasper,e96fc4fdd525fa0ede28074a7e2b1caf94b58b0d,,group-row-5391,train,train
row-5393,CWE-476,jasper,e96fc4fdd525fa0ede28074a7e2b1caf94b58b0d,,group-row-5391,train,train
row-5394,CWE-476,jasper,e96fc4fdd525fa0ede28074a7e2b1caf94b58b0d,,group-row-5391,train,train
row-5395,CWE-476,jasper,e96fc4fdd525fa0ede28074a7e2b1caf94b58b0d,,group-row-5391,train,train
row-5396,CWE-476,jasper,e96fc4fdd525fa0ede28074a7e2b1caf94b58b0d,,group-row-5391,train,train
row-5397,CWE-476,jasper,e96fc4fdd525fa0ede28074a7e2b1caf94b58b0d,,group-row-5391,train,train
row-5398,CWE-476,jasper,e96fc4fdd525fa0ede28074a7e2b1caf94b58b0d,,group-row-5391,train,train
row-5399,CWE-190,jasper,1f0dfe5a42911b6880a1445f13f6d615ddb55387,,group-row-5399,train,train
row-5402,CWE-125,libgd,58b6dde319c301b0eae27d12e2a659e067d80558,,group-row-5402,validation,train
row-5403,CWE-125,libgd,58b6dde319c301b0eae27d12e2a659e067d80558,,group-row-5402,validation,train
row-5404,CWE-125,libgd,fb0e0cce0b9f25389ab56604c3547351617e1415,,group-row-5404,validation,validation
row-5407,CWE-125,linux,4ef1b2869447411ad3ef91ad7d4891a83c1a509a,,group-row-5407,train,train
row-5408,CWE-125,linux,4ef1b2869447411ad3ef91ad7d4891a83c1a509a,,group-row-5407,train,train
row-5409,CWE-125,linux,4ef1b2869447411ad3ef91ad7d4891a83c1a509a,,group-row-5407,train,train
row-5410,CWE-125,linux,4ef1b2869447411ad3ef91ad7d4891a83c1a509a,,group-row-5407,train,train
row-5412,CWE-119,linux,2b6867c2ce76c596676bec7d2d525af525fdc6e2,CVE-2017-7308,group-row-5412,train,train
row-5413,CWE-119,linux,8f8d28e4d6d815a391285e121c3a53a0b6cb9e7b,CVE-2017-7308,group-row-5412,train,train
row-5414,CWE-119,linux,bcc5364bdcfe131e6379363f089e7b4108d35b70,CVE-2017-7308,group-row-5412,train,train
row-5415,CWE-20,linux,ee9c4e681ec4f58e42a83cb0c22a0289ade1aacf,CVE-2017-7346,group-row-5415,train,test
row-5416,CWE-703,linux,1ebb71143758f45dc0fa76e2f48429e13b16d110,,group-row-5416,train,train
row-5426,CWE-835,collectd,f6be4f9b49b949b379326c3d7002476e6ce4f211,CVE-2017-7401,group-row-5426,train,train
row-5428,CWE-476,libarchive,42a3408ac7df1e69bea9ea12b72e14f59f7400c0,CVE-2016-10209,group-row-5428,train,train
row-5432,CWE-125,yara,ab906da53ff2a68c6fd6d1fa73f2b7c7bf0bc636,,group-row-5432,train,train
row-5471,CWE-835,linux,ef0579b64e93188710d48667cb5e014926af9f1b,CVE-2017-7618,group-row-5471,train,train
row-5472,CWE-835,linux,ef0579b64e93188710d48667cb5e014926af9f1b,CVE-2017-7618,group-row-5471,train,train
row-5473,CWE-835,linux,ef0579b64e93188710d48667cb5e014926af9f1b,CVE-2017-7618,group-row-5471,train,train
row-5474,CWE-835,linux,ef0579b64e93188710d48667cb5e014926af9f1b,CVE-2017-7618,group-row-5471,train,train
row-5475,CWE-835,linux,ef0579b64e93188710d48667cb5e014926af9f1b,CVE-2017-7618,group-row-5471,train,train
row-5476,CWE-835,linux,ef0579b64e93188710d48667cb5e014926af9f1b,CVE-2017-7618,group-row-5471,train,train
row-5477,CWE-835,linux,ef0579b64e93188710d48667cb5e014926af9f1b,CVE-2017-7618,group-row-5471,train,train
row-5478,CWE-835,linux,ef0579b64e93188710d48667cb5e014926af9f1b,CVE-2017-7618,group-row-5471,train,train
row-5479,CWE-835,linux,ef0579b64e93188710d48667cb5e014926af9f1b,CVE-2017-7618,group-row-5471,train,train
row-5480,CWE-835,linux,ef0579b64e93188710d48667cb5e014926af9f1b,CVE-2017-7618,group-row-5471,train,train
row-5481,CWE-835,ImageMagick,a80ee0ee1a083b4991d12ed4c07b7c7c5890f329,CVE-2017-7619,group-row-5481,train,train
row-5482,CWE-835,ImageMagick,a80ee0ee1a083b4991d12ed4c07b7c7c5890f329,CVE-2017-7619,group-row-5481,train,train
row-5483,CWE-835,ImageMagick,a80ee0ee1a083b4991d12ed4c07b7c7c5890f329,CVE-2017-7619,group-row-5481,train,train
row-5484,CWE-835,ImageMagick,a80ee0ee1a083b4991d12ed4c07b7c7c5890f329,CVE-2017-7619,group-row-5481,train,train
row-5485,CWE-835,ImageMagick,a80ee0ee1a083b4991d12ed4c07b7c7c5890f329,CVE-2017-7619,group-row-5481,train,train
row-5486,CWE-835,ImageMagick,a80ee0ee1a083b4991d12ed4c07b7c7c5890f329,CVE-2017-7619,group-row-5481,train,train
row-5487,CWE-835,ImageMagick,a80ee0ee1a083b4991d12ed4c07b7c7c5890f329,CVE-2017-7619,group-row-5481,train,train
row-5488,CWE-835,ImageMagick,a80ee0ee1a083b4991d12ed4c07b7c7c5890f329,CVE-2017-7619,group-row-5481,train,train
row-5489,CWE-835,ImageMagick,a80ee0ee1a083b4991d12ed4c07b7c7c5890f329,CVE-2017-7619,group-row-5481,train,train
row-5490,CWE-416,ghostpdl,90fd0c7ca3efc1ddff64a86f4104b13b3ac969eb,CVE-2016-10217,group-row-5490,test,train
row-5491,CWE-476,ghostpdl,d621292fb2c8157d9899dcd83fd04dd250e30fe4,CVE-2016-10218,group-row-5491,test,train
row-5493,CWE-119,ghostpdl,362ec9daadb9992b0def3520cd1dc6fa52edd1c4,CVE-2016-10317,group-row-5493,test,train
row-5494,CWE-119,ghostpdl,362ec9daadb9992b0def3520cd1dc6fa52edd1c4,CVE-2016-10317,group-row-5493,test,train
row-5495,CWE-119,ghostpdl,362ec9daadb9992b0def3520cd1dc6fa52edd1c4,CVE-2016-10317,group-row-5493,test,train
row-5496,CWE-119,ghostpdl,362ec9daadb9992b0def3520cd1dc6fa52edd1c4,CVE-2016-10317,group-row-5493,test,train
row-5497,CWE-20,ImageMagick,b218117cad34d39b9ffb587b45c71c5a49b12bde,CVE-2017-7606,group-row-5497,train,train
row-5498,CWE-20,ImageMagick,b218117cad34d39b9ffb587b45c71c5a49b12bde,CVE-2017-7606,group-row-5497,train,train
row-5506,CWE-190,mysql-server,f4165eae6384141905dd39d22c7611ea85de08f4,CVE-2017-3599,group-row-5506,train,train
row-5508,CWE-125,qemu,215902d7b6fb50c6fc216fc74f770858278ed904,CVE-2017-7718,group-row-5508,train,train
row-5509,CWE-125,qemu,215902d7b6fb50c6fc216fc74f770858278ed904,CVE-2017-7718,group-row-5508,train,train
row-5510,CWE-20,capnproto,52bc956459a5e83d7c31be95763ff6399e064ae4,CVE-2017-7892,group-row-5510,train,validation
row-5513,CWE-119,qemu,026aeffcb4752054830ba203020ed6eb05bcaba8,CVE-2017-7980,group-row-5513,train,train
row-5514,CWE-119,qemu,026aeffcb4752054830ba203020ed6eb05bcaba8,CVE-2017-7980,group-row-5513,train,train
row-5515,CWE-119,qemu,026aeffcb4752054830ba203020ed6eb05bcaba8,CVE-2017-7980,group-row-5513,train,train
row-5516,CWE-119,qemu,026aeffcb4752054830ba203020ed6eb05bcaba8,CVE-2017-7980,group-row-5513,train,train
row-5517,CWE-119,qemu,026aeffcb4752054830ba203020ed6eb05bcaba8,CVE-2017-7980,group-row-5513,train,train
row-5518,CWE-119,qemu,026aeffcb4752054830ba203020ed6eb05bcaba8,CVE-2017-7980,group-row-5513,train,train
row-5519,CWE-119,qemu,026aeffcb4752054830ba203020ed6eb05bcaba8,CVE-2017-7980,group-row-5513,train,train
row-5520,CWE-119,qemu,026aeffcb4752054830ba203020ed6eb05bcaba8,CVE-2017-7980,group-row-5513,train,train
row-5521,CWE-119,qemu,026aeffcb4752054830ba203020ed6eb05bcaba8,CVE-2017-7980,group-row-5513,train,train
row-5522,CWE-119,qemu,026aeffcb4752054830ba203020ed6eb05bcaba8,CVE-2017-7980,group-row-5513,train,train
row-5523,CWE-119,qemu,026aeffcb4752054830ba203020ed6eb05bcaba8,CVE-2017-7980,group-row-5513,train,train
row-5524,CWE-119,qemu,026aeffcb4752054830ba203020ed6eb05bcaba8,CVE-2017-7980,group-row-5513,train,train
row-5525,CWE-119,qemu,026aeffcb4752054830ba203020ed6eb05bcaba8,CVE-2017-7980,group-row-5513,train,train
row-5526,CWE-119,qemu,026aeffcb4752054830ba203020ed6eb05bcaba8,CVE-2017-7980,group-row-5513,train,train
row-5527,CWE-119,qemu,026aeffcb4752054830ba203020ed6eb05bcaba8,CVE-2017-7980,group-row-5513,train,train
row-5528,CWE-119,qemu,026aeffcb4752054830ba203020ed6eb05bcaba8,CVE-2017-7980,group-row-5513,train,train
row-5529,CWE-119,qemu,026aeffcb4752054830ba203020ed6eb05bcaba8,CVE-2017-7980,group-row-5513,train,train
row-5530,CWE-119,qemu,026aeffcb4752054830ba203020ed6eb05bcaba8,CVE-2017-7980,group-row-5513,train,train
row-5531,CWE-119,qemu,026aeffcb4752054830ba203020ed6eb05bcaba8,CVE-2017-7980,group-row-5513,train,train
row-5532,CWE-119,qemu,026aeffcb4752054830ba203020ed6eb05bcaba8,CVE-2017-7980,group-row-5513,train,train
row-5533,CWE-119,qemu,026aeffcb4752054830ba203020ed6eb05bcaba8,CVE-2017-7980,group-row-5513,train,train
row-5534,CWE-119,qemu,ffaf857778286ca54e3804432a2369a279e73aa7,CVE-2017-7980,group-row-5513,train,train
row-5535,CWE-119,qemu,ffaf857778286ca54e3804432a2369a279e73aa7,CVE-2017-7980,group-row-5513,train,train
row-5536,CWE-119,qemu,ffaf857778286ca54e3804432a2369a279e73aa7,CVE-2017-7980,group-row-5513,train,train
row-5537,CWE-119,qemu,ffaf857778286ca54e3804432a2369a279e73aa7,CVE-2017-7980,group-row-5513,train,train
row-5538,CWE-119,qemu,ffaf857778286ca54e3804432a2369a279e73aa7,CVE-2017-7980,group-row-5513,train,train
row-5539,CWE-119,qemu,ffaf857778286ca54e3804432a2369a279e73aa7,CVE-2017-7980,group-row-5513,train,train
row-5540,CWE-119,qemu,ffaf857778286ca54e3804432a2369a279e73aa7,CVE-2017-7980,group-row-5513,train,train
row-5541,CWE-119,qemu,ffaf857778286ca54e3804432a2369a279e73aa7,CVE-2017-7980,group-row-5513,train,train
row-5542,CWE-119,qemu,ffaf857778286ca54e3804432a2369a279e73aa7,CVE-2017-7980,group-row-5513,train,train
row-5543,CWE-119,qemu,ffaf857778286ca54e3804432a2369a279e73aa7,CVE-2017-7980,group-row-5513,train,train
row-5544,CWE-119,qemu,ffaf857778286ca54e3804432a2369a279e73aa7,CVE-2017-7980,group-row-5513,train,train
row-5545,CWE-119,qemu,ffaf857778286ca54e3804432a2369a279e73aa7,CVE-2017-7980,group-row-5513,train,train
row-5546,CWE-119,qemu,ffaf857778286ca54e3804432a2369a279e73aa7,CVE-2017-7980,group-row-5513,train,train
row-5547,CWE-119,qemu,ffaf857778286ca54e3804432a2369a279e73aa7,CVE-2017-7980,group-row-5513,train,train
row-5548,CWE-119,qemu,ffaf857778286ca54e3804432a2369a279e73aa7,CVE-2017-7980,group-row-5513,train,train
row-5549,CWE-119,qemu,ffaf857778286ca54e3804432a2369a279e73aa7,CVE-2017-7980,group-row-5513,train,train
row-5557,CWE-119,net,5294b83086cc1c35b4efeca03644cf9d12282e5b,CVE-2017-7477,group-row-5557,train,train
row-5558,CWE-119,net,5294b83086cc1c35b4efeca03644cf9d12282e5b,CVE-2017-7477,group-row-5557,train,train
row-5559,CWE-119,net,5294b83086cc1c35b4efeca03644cf9d12282e5b,CVE-2017-7477,group-row-5557,train,train
row-5560,CWE-125,libcroco,898e3a8c8c0314d2e6b106809a8e3e93cf9d4394,CVE-2017-7960,group-row-5560,train,train
row-5561,CWE-125,libcroco,898e3a8c8c0314d2e6b106809a8e3e93cf9d4394,CVE-2017-7960,group-row-5560,train,train
row-5562,CWE-125,libcroco,898e3a8c8c0314d2e6b106809a8e3e93cf9d4394,CVE-2017-7960,group-row-5560,train,train
row-5587,CWE-190,libplist,fdebf8b319b9280cd0e9b4382f2c7cbf26ef9325,CVE-2017-7982,group-row-5587,validation,train
row-5596,CWE-190,linux,5f2f97656ada8d811d3c1bef503ced266fcd53a0,CVE-2017-7482,group-row-5596,train,train
row-5597,CWE-190,linux,5f2f97656ada8d811d3c1bef503ced266fcd53a0,CVE-2017-7482,group-row-5596,train,train
row-5598,CWE-190,linux,5f2f97656ada8d811d3c1bef503ced266fcd53a0,CVE-2017-7482,group-row-5596,train,train
row-5599,CWE-190,linux,5f2f97656ada8d811d3c1bef503ced266fcd53a0,CVE-2017-7482,group-row-5596,train,train
row-5602,CWE-416,linux,ee0d8d8482345ff97a75a7d747efc309f13b0d80,,group-row-5602,train,train
row-5603,CWE-476,libetpan,1fe8fbc032ccda1db9af66d93016b49c16c1f22d,,group-row-5603,train,train
row-5604,CWE-416,linux,60a2362f769cf549dc466134efe71c8bf9fbaaba,,group-row-5604,train,train
row-5605,CWE-20,smb4k,71554140bdaede27b95dbe4c9b5a028a83c83cce,CVE-2017-8849,group-row-5605,train,validation
row-5606,CWE-20,smb4k,71554140bdaede27b95dbe4c9b5a028a83c83cce,CVE-2017-8849,group-row-5605,train,validation
row-5607,CWE-20,smb4k,71554140bdaede27b95dbe4c9b5a028a83c83cce,CVE-2017-8849,group-row-5605,train,validation
row-5608,CWE-20,smb4k,71554140bdaede27b95dbe4c9b5a028a83c83cce,CVE-2017-8849,group-row-5605,train,validation
row-5609,CWE-20,smb4k,71554140bdaede27b95dbe4c9b5a028a83c83cce,CVE-2017-8849,group-row-5605,train,validation
row-5610,CWE-119,libcroco,9ad72875e9f08e4c519ef63d44cdbd94aa9504f7,CVE-2017-7961,group-row-5610,train,train
row-5611,CWE-200,linux,06bd3c36a733ac27962fea7d6f47168841376824,,group-row-5611,train,validation
row-5612,CWE-200,linux,06bd3c36a733ac27962fea7d6f47168841376824,,group-row-5611,train,validation
row-5617,CWE-415,linux,8b485ce69876c65db12ed390e7f9c0d2a64eff2c,CVE-2017-8890,group-row-5617,train,train
row-5622,CWE-20,menu-cache,56f66684592abf257c4004e6e1fff041c64a12ce,CVE-2017-8933,group-row-5622,train,train
row-5623,CWE-416,yara,053e67e3ec81cc9268ce30eaf0d6663d8639ed1e,,group-row-5623,train,train
row-5624,CWE-416,yara,053e67e3ec81cc9268ce30eaf0d6663d8639ed1e,,group-row-5623,train,train
row-5625,CWE-416,yara,053e67e3ec81cc9268ce30eaf0d6663d8639ed1e,,group-row-5623,train,train
row-5630,CWE-787,linux,3e21f4af170bebf47c187c1ff8bf155583c9f3b1,CVE-2017-1000363,group-row-5630,train,train
row-5631,CWE-787,php-src,f1ce8d5f5839cb2069ea37ff424fb96b8cd6932d,CVE-2017-8923,group-row-5631,validation,train
row-5632,CWE-787,php-src,f1ce8d5f5839cb2069ea37ff424fb96b8cd6932d,CVE-2017-8923,group-row-5631,validation,train
row-5633,CWE-787,php-src,760ff841a14160f25348f7969985cb8a2c4da3cc,CVE-2017-8923,group-row-5631,validation,train
row-5639,CWE-835,qemu,4154c7e03fa55b4cf52509a83d50d6c09d743b77,,group-row-5639,train,train
row-5640,CWE-835,qemu,4154c7e03fa55b4cf52509a83d50d6c09d743b77,,group-row-5639,train,train
row-5641,CWE-125,linux,2423496af35d94a87156b063ea5cedffc10a70a1,,group-row-5641,train,test
row-5642,CWE-125,linux,2423496af35d94a87156b063ea5cedffc10a70a1,,group-row-5641,train,test
row-5643,CWE-125,linux,2423496af35d94a87156b063ea5cedffc10a70a1,,group-row-5641,train,test
row-5644,CWE-125,linux,2423496af35d94a87156b063ea5cedffc10a70a1,,group-row-5641,train,test
row-5649,CWE-200,linux,0d0e57697f162da4aa218b5feafe614fb666db07,,group-row-5649,train,train
row-5650,CWE-200,linux,0d0e57697f162da4aa218b5feafe614fb666db07,,group-row-5649,train,train
row-5652,CWE-399,linux,fc0a80798576f80ca10b3f6c9c7097f12fd1d64e,,group-row-5652,train,train
row-5653,CWE-399,linux,fc0a80798576f80ca10b3f6c9c7097f12fd1d64e,,group-row-5652,train,train
row-5657,CWE-476,ghostpdl,3ebffb1d96ba0cacec23016eccb4047dab365853,CVE-2017-9216,group-row-5657,test,train
row-5658,CWE-119,libtasn1,5520704d075802df25ce4ffccc010ba1641bd484,CVE-2017-6891,group-row-5658,train,train
row-5659,CWE-835,qemu,26f670a244982335cc08943fb1ec099a2c81e42d,CVE-2017-9330,group-row-5659,train,test
row-5664,CWE-835,qemu,96d87bdda3919bb16f754b3d3fd1227e1f38f13c,CVE-2017-9375,group-row-5664,train,train
row-5665,CWE-835,qemu,96d87bdda3919bb16f754b3d3fd1227e1f38f13c,CVE-2017-9375,group-row-5664,train,train
row-5674,CWE-835,samba,10c3e3923022485c720f322ca4f0aca5d7501310,CVE-2017-9461,group-row-5674,train,validation
row-5675,CWE-200,libgcrypt,5a22de904a0a366ae79f03ff1e13a1232a89e26b,CVE-2017-9526,group-row-5675,train,train
row-5678,CWE-119,linux,1be7107fbe18eed3e319a6c3e83c78254b693acb,CVE-2017-1000364,group-row-5678,train,train
row-5679,CWE-119,linux,1be7107fbe18eed3e319a6c3e83c78254b693acb,CVE-2017-1000364,group-row-5678,train,train
row-5680,CWE-119,linux,1be7107fbe18eed3e319a6c3e83c78254b693acb,CVE-2017-1000364,group-row-5678,train,train
row-5681,CWE-119,linux,1be7107fbe18eed3e319a6c3e83c78254b693acb,CVE-2017-1000364,group-row-5678,train,train
row-5682,CWE-119,linux,1be7107fbe18eed3e319a6c3e83c78254b693acb,CVE-2017-1000364,group-row-5678,train,train
row-5683,CWE-119,linux,1be7107fbe18eed3e319a6c3e83c78254b693acb,CVE-2017-1000364,group-row-5678,train,train
row-5684,CWE-119,linux,1be7107fbe18eed3e319a6c3e83c78254b693acb,CVE-2017-1000364,group-row-5678,train,train
row-5685,CWE-119,linux,1be7107fbe18eed3e319a6c3e83c78254b693acb,CVE-2017-1000364,group-row-5678,train,train
row-5686,CWE-119,linux,1be7107fbe18eed3e319a6c3e83c78254b693acb,CVE-2017-1000364,group-row-5678,train,train
row-5687,CWE-119,linux,1be7107fbe18eed3e319a6c3e83c78254b693acb,CVE-2017-1000364,group-row-5678,train,train
row-5688,CWE-119,linux,1be7107fbe18eed3e319a6c3e83c78254b693acb,CVE-2017-1000364,group-row-5678,train,train
row-5689,CWE-119,linux,1be7107fbe18eed3e319a6c3e83c78254b693acb,CVE-2017-1000364,group-row-5678,train,train
row-5690,CWE-119,linux,1be7107fbe18eed3e319a6c3e83c78254b693acb,CVE-2017-1000364,group-row-5678,train,train
row-5691,CWE-119,linux,1be7107fbe18eed3e319a6c3e83c78254b693acb,CVE-2017-1000364,group-row-5678,train,train
row-5692,CWE-119,linux,1be7107fbe18eed3e319a6c3e83c78254b693acb,CVE-2017-1000364,group-row-5678,train,train
row-5693,CWE-119,linux,1be7107fbe18eed3e319a6c3e83c78254b693acb,CVE-2017-1000364,group-row-5678,train,train
row-5694,CWE-119,linux,1be7107fbe18eed3e319a6c3e83c78254b693acb,CVE-2017-1000364,group-row-5678,train,train
row-5695,CWE-119,linux,1be7107fbe18eed3e319a6c3e83c78254b693acb,CVE-2017-1000364,group-row-5678,train,train
row-5696,CWE-119,linux,1be7107fbe18eed3e319a6c3e83c78254b693acb,CVE-2017-1000364,group-row-5678,train,train
row-5697,CWE-119,linux,1be7107fbe18eed3e319a6c3e83c78254b693acb,CVE-2017-1000364,group-row-5678,train,train
row-5698,CWE-119,linux,1be7107fbe18eed3e319a6c3e83c78254b693acb,CVE-2017-1000364,group-row-5678,train,train
row-5699,CWE-119,linux,1be7107fbe18eed3e319a6c3e83c78254b693acb,CVE-2017-1000364,group-row-5678,train,train
row-5700,CWE-119,linux,1be7107fbe18eed3e319a6c3e83c78254b693acb,CVE-2017-1000364,group-row-5678,train,train
row-5701,CWE-119,linux,1be7107fbe18eed3e319a6c3e83c78254b693acb,CVE-2017-1000364,group-row-5678,train,train
row-5702,CWE-119,linux,1be7107fbe18eed3e319a6c3e83c78254b693acb,CVE-2017-1000364,group-row-5678,train,train
row-5703,CWE-119,linux,1be7107fbe18eed3e319a6c3e83c78254b693acb,CVE-2017-1000364,group-row-5678,train,train
row-5704,CWE-119,linux,1be7107fbe18eed3e319a6c3e83c78254b693acb,CVE-2017-1000364,group-row-5678,train,train
row-5705,CWE-119,linux,1be7107fbe18eed3e319a6c3e83c78254b693acb,CVE-2017-1000364,group-row-5678,train,train
row-5706,CWE-119,linux,1be7107fbe18eed3e319a6c3e83c78254b693acb,CVE-2017-1000364,group-row-5678,train,train
row-5707,CWE-119,linux,1be7107fbe18eed3e319a6c3e83c78254b693acb,CVE-2017-1000364,group-row-5678,train,train
row-5708,CWE-119,linux,1be7107fbe18eed3e319a6c3e83c78254b693acb,CVE-2017-1000364,group-row-5678,train,train
row-5709,CWE-119,linux,1be7107fbe18eed3e319a6c3e83c78254b693acb,CVE-2017-1000364,group-row-5678,train,train
row-5710,CWE-119,linux,1be7107fbe18eed3e319a6c3e83c78254b693acb,CVE-2017-1000364,group-row-5678,train,train
row-5711,CWE-119,linux,1be7107fbe18eed3e319a6c3e83c78254b693acb,CVE-2017-1000364,group-row-5678,train,train
row-5712,CWE-119,linux,1be7107fbe18eed3e319a6c3e83c78254b693acb,CVE-2017-1000364,group-row-5678,train,train
row-5713,CWE-119,linux,1be7107fbe18eed3e319a6c3e83c78254b693acb,CVE-2017-1000364,group-row-5678,train,train
row-5714,CWE-119,linux,1be7107fbe18eed3e319a6c3e83c78254b693acb,CVE-2017-1000364,group-row-5678,train,train
row-5715,CWE-119,linux,1be7107fbe18eed3e319a6c3e83c78254b693acb,CVE-2017-1000364,group-row-5678,train,train
row-5716,CWE-119,linux,1be7107fbe18eed3e319a6c3e83c78254b693acb,CVE-2017-1000364,group-row-5678,train,train
row-5717,CWE-119,linux,1be7107fbe18eed3e319a6c3e83c78254b693acb,CVE-2017-1000364,group-row-5678,train,train
row-5718,CWE-119,linux,1be7107fbe18eed3e319a6c3e83c78254b693acb,CVE-2017-1000364,group-row-5678,train,train
row-5719,CWE-119,linux,1be7107fbe18eed3e319a6c3e83c78254b693acb,CVE-2017-1000364,group-row-5678,train,train
row-5720,CWE-119,linux,1be7107fbe18eed3e319a6c3e83c78254b693acb,CVE-2017-1000364,group-row-5678,train,train
row-5721,CWE-119,linux,1be7107fbe18eed3e319a6c3e83c78254b693acb,CVE-2017-1000364,group-row-5678,train,train
row-5722,CWE-119,linux,1be7107fbe18eed3e319a6c3e83c78254b693acb,CVE-2017-1000364,group-row-5678,train,train
row-5723,CWE-119,linux,1be7107fbe18eed3e319a6c3e83c78254b693acb,CVE-2017-1000364,group-row-5678,train,train
row-5724,CWE-119,linux,1be7107fbe18eed3e319a6c3e83c78254b693acb,CVE-2017-1000364,group-row-5678,train,train
row-5727,CWE-617,ImageMagick,5d95b4c24a964114e2b1ae85c2b36769251ed11d,CVE-2017-9500,group-row-5727,train,train
row-5731,CWE-200,linux,07678eca2cf9c9a18584e546c2b2a0d0c9a3150c,,group-row-5731,train,train
row-5735,CWE-20,thrift,cfaadcc4adcfde2a8232c62ec89870b73ef40df1,CVE-2015-3254,group-row-5735,train,validation
row-5736,CWE-20,thrift,cfaadcc4adcfde2a8232c62ec89870b73ef40df1,CVE-2015-3254,group-row-5735,train,validation
row-5737,CWE-20,thrift,cfaadcc4adcfde2a8232c62ec89870b73ef40df1,CVE-2015-3254,group-row-5735,train,validation
row-5738,CWE-20,thrift,cfaadcc4adcfde2a8232c62ec89870b73ef40df1,CVE-2015-3254,group-row-5735,train,validation
row-5739,CWE-20,thrift,cfaadcc4adcfde2a8232c62ec89870b73ef40df1,CVE-2015-3254,group-row-5735,train,validation
row-5740,CWE-20,thrift,cfaadcc4adcfde2a8232c62ec89870b73ef40df1,CVE-2015-3254,group-row-5735,train,validation
row-5741,CWE-20,thrift,cfaadcc4adcfde2a8232c62ec89870b73ef40df1,CVE-2015-3254,group-row-5735,train,validation
row-5742,CWE-200,c-ares,9478908a490a6bf009ba58d81de8c1d06d50a117,CVE-2017-1000381,group-row-5742,train,train
row-5743,CWE-200,c-ares,18ea99693d63f957ecb670045adbd2c1da8a4641,CVE-2017-1000381,group-row-5742,train,train
row-5744,CWE-200,linux,d11662f4f798b50d8c8743f433842c3e40fe3378,,group-row-5744,train,train
row-5745,CWE-200,linux,ba3021b2c79b2fa9114f92790a99deb27a65b728,,group-row-5745,train,train
row-5747,CWE-119,grub,ac8cac1dac50daaf1c390d701cca3b55e16ee768,CVE-2017-9763,group-row-5747,train,train
row-5748,CWE-119,grub,ac8cac1dac50daaf1c390d701cca3b55e16ee768,CVE-2017-9763,group-row-5747,train,train
row-5749,CWE-119,grub,ac8cac1dac50daaf1c390d701cca3b55e16ee768,CVE-2017-9763,group-row-5747,train,train
row-5750,CWE-125,jasper,839b1bcf0450ff036c28e8db40a7abf886e02891,CVE-2017-9782,group-row-5750,train,train
row-5751,CWE-190,libgphoto2,203df81b9d97e820411e1eb94ae08139af73bbd0,CVE-2017-9831,group-row-5751,train,train
row-5752,CWE-190,libgphoto2,e25b3983489cd290edef693e78c0af694d3cd010,CVE-2017-9831,group-row-5751,train,train
row-5762,CWE-125,libtorrent,ec30a5e9ec703afb8abefba757c6d401303b53db,CVE-2017-9847,group-row-5762,train,test
row-5763,CWE-125,libtorrent,ec30a5e9ec703afb8abefba757c6d401303b53db,CVE-2017-9847,group-row-5762,train,test
row-5764,CWE-125,oniguruma,690313a061f7a4fa614ec5cc8368b4f2284e059b,,group-row-5764,train,train
row-5765,CWE-787,oniguruma,166a6c3999bf06b4de0ab4ce6b088a468cc4029f,,group-row-5765,train,train
row-5766,CWE-787,oniguruma,f015fbdd95f76438cd86366467bb2b39870dd7c6,,group-row-5766,train,train
row-5767,CWE-787,oniguruma,f015fbdd95f76438cd86366467bb2b39870dd7c6,,group-row-5766,train,train
row-5768,CWE-125,oniguruma,9690d3ab1f9bcd2db8cbe1fe3ee4a5da606b8814,,group-row-5768,train,train
row-5769,CWE-787,oniguruma,3b63d12038c8d8fc278e81c942fa9bec7c704c8b,,group-row-5769,train,train
row-5770,CWE-787,oniguruma,ddbf55698b5f7ffdfa737b0b8e0079af1fdd7cb1,CVE-2017-9228,group-row-5770,train,train
row-5771,CWE-787,oniguruma,ddbf55698b5f7ffdfa737b0b8e0079af1fdd7cb1,CVE-2017-9228,group-row-5770,train,train
row-5772,CWE-476,oniguruma,b690371bbf97794b4a1d3f295d4fb9a8b05d402d,,group-row-5772,train,train
row-5773,CWE-200,tor,665baf5ed5c6186d973c46cdea165c0548027350,,group-row-5773,train,train
row-5782,CWE-416,linux,f991af3daabaecff34684fd51fac80319d1baad1,,group-row-5782,train,train
row-5790,CWE-125,qemu,04bf2526ce87f21b32c9acba1c5518708c243ad0,CVE-2017-11334,group-row-5790,train,validation
row-5791,CWE-125,qemu,04bf2526ce87f21b32c9acba1c5518708c243ad0,CVE-2017-11334,group-row-5790,train,validation
row-5792,CWE-20,php-src,b061fa909de77085d3822a89ab901b934d0362c4,CVE-2016-10397,group-row-5792,validation,train
row-5794,CWE-416,php-src,2aae60461c2ff7b7fbcdd194c789ac841d0747d7,CVE-2017-11143,group-row-5794,validation,test
row-5804,CWE-476,jasper,58ba0365d911b9f9dd68e9abf826682c0b4f2293,CVE-2017-1000050,group-row-5804,train,test
row-5806,CWE-120,linux,dad5ab0db8deac535d03e3fe3d8f2892173fa6a4,CVE-2017-11473,group-row-5806,train,train
row-5808,CWE-20,qemu,2b0bbc4f8809c972bad134bc1a2570dbb01dea0b,CVE-2017-7539,group-row-5808,train,train
row-5809,CWE-20,qemu,2b0bbc4f8809c972bad134bc1a2570dbb01dea0b,CVE-2017-7539,group-row-5808,train,train
row-5810,CWE-20,qemu,2b0bbc4f8809c972bad134bc1a2570dbb01dea0b,CVE-2017-7539,group-row-5808,train,train
row-5811,CWE-20,qemu,2b0bbc4f8809c972bad134bc1a2570dbb01dea0b,CVE-2017-7539,group-row-5808,train,train
row-5812,CWE-20,qemu,2b0bbc4f8809c972bad134bc1a2570dbb01dea0b,CVE-2017-7539,group-row-5808,train,train
row-5813,CWE-20,qemu,2b0bbc4f8809c972bad134bc1a2570dbb01dea0b,CVE-2017-7539,group-row-5808,train,train
row-5814,CWE-20,qemu,2b0bbc4f8809c972bad134bc1a2570dbb01dea0b,CVE-2017-7539,group-row-5808,train,train
row-5815,CWE-20,qemu,2b0bbc4f8809c972bad134bc1a2570dbb01dea0b,CVE-2017-7539,group-row-5808,train,train
row-5816,CWE-20,qemu,2b0bbc4f8809c972bad134bc1a2570dbb01dea0b,CVE-2017-7539,group-row-5808,train,train
row-5817,CWE-20,qemu,2b0bbc4f8809c972bad134bc1a2570dbb01dea0b,CVE-2017-7539,group-row-5808,train,train
row-5818,CWE-20,qemu,2b0bbc4f8809c972bad134bc1a2570dbb01dea0b,CVE-2017-7539,group-row-5808,train,train
row-5819,CWE-20,qemu,2b0bbc4f8809c972bad134bc1a2570dbb01dea0b,CVE-2017-7539,group-row-5808,train,train
row-5820,CWE-190,net,6399f1fae4ec29fab5ec76070435555e256ca3a6,CVE-2017-7542,group-row-5820,train,train
row-5821,CWE-125,ImageMagick,787f9dc99c8d186ae26ed53ddec54bd0a6f90852,CVE-2017-10928,group-row-5821,train,train
row-5823,CWE-200,php-src,018092125538782b25d3ab6b036f0c8d5968f757,CVE-2017-7890,group-row-5823,validation,train
row-5824,CWE-200,php-src,8dc4f4dc9e44d1cbfe4654aa6e0dc27c94913938,CVE-2017-7890,group-row-5823,validation,train
row-5828,CWE-835,ImageMagick,787ee25e9fb0e4e0509121342371d925fe5044f8,CVE-2017-11446,group-row-5828,train,train
row-5830,CWE-476,ImageMagick,816ecab6c532ae086ff4186b3eaf4aa7092d536f,,group-row-5830,train,train
row-5831,CWE-125,ipsec,7bab09631c2a303f87a7eb7e3d69e888673b9b7e,CVE-2017-11600,group-row-5831,train,train
row-5832,CWE-119,php-src,95c4564f939c916538579ef63602a3cd31941c51,CVE-2017-11362,group-row-5832,validation,train
row-5833,CWE-119,ImageMagick,1b811f7e7dad92b2992939f854201370a7d8084a,CVE-2017-11640,group-row-5833,train,train
row-5834,CWE-125,ImageMagick,d0a4c1ff333d60984a5d6bdfd98774bfdd8a7cba,CVE-2017-11639,group-row-5834,train,train
row-5835,CWE-125,ImageMagick,65b7c57502bb2b6d22f607383e87cc3eaed94014,CVE-2017-11639,group-row-5834,train,train
row-5838,CWE-835,qpdf,afe0242b263a9e1a8d51dd81e42ab6de2e5127eb,CVE-2017-11624,group-row-5838,validation,validation
row-5839,CWE-835,qpdf,afe0242b263a9e1a8d51dd81e42ab6de2e5127eb,CVE-2017-11624,group-row-5838,validation,validation
row-5840,CWE-835,qpdf,315092dd98d5230ef0efa18b294d464d0e9f79d0,CVE-2017-11624,group-row-5838,validation,validation
row-5841,CWE-835,qpdf,315092dd98d5230ef0efa18b294d464d0e9f79d0,CVE-2017-11624,group-row-5838,validation,validation
row-5842,CWE-835,qpdf,603f222365252f1a1e20303b3dbe52466be3053b,CVE-2017-11624,group-row-5838,validation,validation
row-5843,CWE-125,ghostpdl,d2ab84732936b6e7e5a461dc94344902965e9a06,CVE-2017-9610,group-row-5843,test,train
row-5844,CWE-125,ghostpdl,c7c55972758a93350882c32147801a3485b010fe,CVE-2017-9611,group-row-5844,test,train
row-5845,CWE-416,ghostpdl,98f6da60b9d463c617e631fc254cf6d66f2e8e3c,CVE-2017-9612,group-row-5845,test,validation
row-5846,CWE-119,ghostpdl,3c2aebbedd37fab054e80f2e315de07d7e9b5bdb,CVE-2017-9618,group-row-5846,test,train
row-5847,CWE-119,ghostpdl,3c2aebbedd37fab054e80f2e315de07d7e9b5bdb,CVE-2017-9618,group-row-5846,test,train
row-5848,CWE-119,ghostpdl,c53183d4e7103e87368b7cfa15367a47d559e323,CVE-2017-9619,group-row-5848,test,train
row-5849,CWE-125,ghostpdl,3ee55637480d5e319a5de0481b01c3346855cbc9,CVE-2017-9620,group-row-5849,test,train
row-5850,CWE-125,ghostpdl,3ee55637480d5e319a5de0481b01c3346855cbc9,CVE-2017-9620,group-row-5849,test,train
row-5851,CWE-125,ghostpdl,7755e67116e8973ee0e3b22d653df026a84fa01b,CVE-2017-9726,group-row-5851,test,test
row-5852,CWE-125,ghostpdl,937ccd17ac65935633b2ebc06cb7089b91e17e6b,CVE-2017-9727,group-row-5852,test,validation
row-5853,CWE-125,ghostpdl,c501a58f8d5650c8ba21d447c0d6f07eafcb0f15,CVE-2017-9739,group-row-5853,test,train
row-5854,CWE-125,ghostpdl,961b10cdd71403072fb99401a45f3bef6ce53626,CVE-2017-9740,group-row-5854,test,train
row-5855,CWE-125,ghostpdl,961b10cdd71403072fb99401a45f3bef6ce53626,CVE-2017-9740,group-row-5854,test,train
row-5856,CWE-190,ghostpdl,cfde94be1d4286bc47633c6e6eaf4e659bd78066,CVE-2017-9835,group-row-5856,test,train
row-5857,CWE-190,ghostpdl,cfde94be1d4286bc47633c6e6eaf4e659bd78066,CVE-2017-9835,group-row-5856,test,train
row-5858,CWE-190,ghostpdl,cfde94be1d4286bc47633c6e6eaf4e659bd78066,CVE-2017-9835,group-row-5856,test,train
row-5859,CWE-190,ghostpdl,cfde94be1d4286bc47633c6e6eaf4e659bd78066,CVE-2017-9835,group-row-5856,test,train
row-5863,CWE-119,ioq3,d2b1d124d4055c2fcbe5126863487c52fd58cca1,CVE-2017-11721,group-row-5863,train,train
row-5864,CWE-119,ioq3,d2b1d124d4055c2fcbe5126863487c52fd58cca1,CVE-2017-11721,group-row-5863,train,train
row-5865,CWE-119,ioq3,d2b1d124d4055c2fcbe5126863487c52fd58cca1,CVE-2017-11721,group-row-5863,train,train
row-5866,CWE-119,ioq3,d2b1d124d4055c2fcbe5126863487c52fd58cca1,CVE-2017-11721,group-row-5863,train,train
row-5867,CWE-119,ioq3,d2b1d124d4055c2fcbe5126863487c52fd58cca1,CVE-2017-11721,group-row-5863,train,train
row-5868,CWE-119,ioq3,d2b1d124d4055c2fcbe5126863487c52fd58cca1,CVE-2017-11721,group-row-5863,train,train
row-5869,CWE-119,ioq3,d2b1d124d4055c2fcbe5126863487c52fd58cca1,CVE-2017-11721,group-row-5863,train,train
row-5871,CWE-787,libsoup,03c91c76daf70ee227f38304c5e45a155f45073d,CVE-2017-2885,group-row-5871,train,train
row-5885,CWE-416,linux,1e38da300e1e395a15048b0af1e5305bd91402f6,,group-row-5885,train,train
row-5886,CWE-416,linux,1e38da300e1e395a15048b0af1e5305bd91402f6,,group-row-5885,train,train
row-5887,CWE-416,linux,1e38da300e1e395a15048b0af1e5305bd91402f6,,group-row-5885,train,train
row-5890,CWE-119,linux,9f5af546e6acc30f075828cb58c7f09665033967,CVE-2017-12762,group-row-5890,train,train
row-5895,CWE-416,ImageMagick,784fcac688161aeaea221e00b706c88b08196945,CVE-2017-12431,group-row-5895,train,train
row-5896,CWE-770,ImageMagick,98e5d0001cda195da0e8ea7650ab85c6f8333ff5,CVE-2017-12430,group-row-5896,train,train
row-5897,CWE-770,ImageMagick,98e5d0001cda195da0e8ea7650ab85c6f8333ff5,CVE-2017-12430,group-row-5896,train,train
row-5899,CWE-770,ImageMagick,061de02095a56d438409c63f723f340b2d9d36c7,CVE-2017-12432,group-row-5899,train,train
row-5900,CWE-770,ImageMagick,061de02095a56d438409c63f723f340b2d9d36c7,CVE-2017-12432,group-row-5899,train,train
row-5901,CWE-770,ImageMagick,30a74ed25a4890acfa94f452d653d54c9628c87e,CVE-2017-12429,group-row-5901,train,train
row-5902,CWE-617,ImageMagick,b76b2ffff70f2c314a069ea953f4a45b1e2ce5e6,CVE-2017-12434,group-row-5902,train,train
row-5903,CWE-119,libsndfile,cf7a8182c2642c50f1cf90dddea9ce96a8bad2e8,CVE-2017-12562,group-row-5903,validation,train
row-5904,CWE-119,connman,5c281d182ecdd0a424b64f7698f32467f8f67b71,CVE-2017-12865,group-row-5904,train,train
row-5905,CWE-119,connman,5c281d182ecdd0a424b64f7698f32467f8f67b71,CVE-2017-12865,group-row-5904,train,train
row-5906,CWE-119,connman,5c281d182ecdd0a424b64f7698f32467f8f67b71,CVE-2017-12865,group-row-5904,train,train
row-5908,CWE-125,clamav-devel,586a5180287262070637c8943f2f7efd652e4a2c,,group-row-5908,validation,train
row-5909,CWE-125,clamav-devel,586a5180287262070637c8943f2f7efd652e4a2c,,group-row-5908,validation,train
row-5913,CWE-416,clamav-devel,dfc00cd3301a42b571454b51a6102eecf58407bc,,group-row-5913,validation,train
row-5914,CWE-125,resiprocate,d67a9ca6fd06ca65d23e313bdbad1ef4dd3aa0df,,group-row-5914,train,train
row-5917,CWE-416,php-src,1a23ebc1fff59bf480ca92963b36eba5c1b904c4,,group-row-5917,validation,validation
row-5918,CWE-416,php-src,1a23ebc1fff59bf480ca92963b36eba5c1b904c4,,group-row-5917,validation,validation
row-5921,CWE-476,linux,bc3aae2bbac46dd894c89db5d5e98f7f0ef9e205,,group-row-5921,train,train
row-5922,CWE-20,qpdf,ad527a64f93dca12f6aabab2ca99ae5eb352ab4b,,group-row-5922,validation,train
row-5923,CWE-20,qpdf,ad527a64f93dca12f6aabab2ca99ae5eb352ab4b,,group-row-5922,validation,train
row-5924,CWE-20,qpdf,ad527a64f93dca12f6aabab2ca99ae5eb352ab4b,,group-row-5922,validation,train
row-5925,CWE-200,libgcrypt,bf76acbf0da6b0f245e491bec12c0f0a1b5be7c9,CVE-2017-0379,group-row-5925,train,train
row-5926,CWE-200,libgcrypt,bf76acbf0da6b0f245e491bec12c0f0a1b5be7c9,CVE-2017-0379,group-row-5925,train,train
row-5928,CWE-617,ImageMagick,2001aabeab8a921a4fa0b1932f565aef6ae69f84,CVE-2017-13132,group-row-5928,train,train
row-5929,CWE-770,ImageMagick,19dbe11c5060f66abb393d1945107c5f54894fa8,CVE-2017-13133,group-row-5929,train,train
row-5934,CWE-119,ImageMagick,d4145e664aea3752ca6d3bf1ee825352b595dab5,CVE-2017-12983,group-row-5934,train,train
row-5935,CWE-119,ImageMagick,d4145e664aea3752ca6d3bf1ee825352b595dab5,CVE-2017-12983,group-row-5934,train,train
row-5937,CWE-20,tcmu-runner,e2d953050766ac538615a811c64b34358614edce,,group-row-5937,train,train
row-5938,CWE-476,tcmu-runner,bb80e9c7a798f035768260ebdadffb6eb0786178,,group-row-5938,train,train
row-5939,CWE-476,tcmu-runner,bb80e9c7a798f035768260ebdadffb6eb0786178,,group-row-5938,train,train
row-5940,CWE-476,tcmu-runner,bb80e9c7a798f035768260ebdadffb6eb0786178,,group-row-5938,train,train
row-5941,CWE-476,tcmu-runner,bb80e9c7a798f035768260ebdadffb6eb0786178,,group-row-5938,train,train
row-5942,CWE-200,tcmu-runner,8cf8208775022301adaa59c240bb7f93742d1329,CVE-2017-1000199,group-row-5942,train,validation
row-5943,CWE-200,tcmu-runner,8cf8208775022301adaa59c240bb7f93742d1329,CVE-2017-1000199,group-row-5942,train,validation
row-5944,CWE-200,tcmu-runner,8cf8208775022301adaa59c240bb7f93742d1329,CVE-2017-1000199,group-row-5942,train,validation
row-5945,CWE-200,tcmu-runner,8cf8208775022301adaa59c240bb7f93742d1329,CVE-2017-1000199,group-row-5942,train,validation
row-5946,CWE-200,tcmu-runner,8cf8208775022301adaa59c240bb7f93742d1329,CVE-2017-1000199,group-row-5942,train,validation
row-5947,CWE-369,linux,499350a5a6e7512d9ed369ed63a4244b6536f4f8,,group-row-5947,train,train
row-5948,CWE-787,openjpeg,e5285319229a5d77bf316bb0d3a6cbd3cb8666d9,,group-row-5948,validation,train
row-5949,CWE-787,openjpeg,2cd30c2b06ce332dede81cccad8b334cde997281,,group-row-5949,validation,test
row-5950,CWE-787,openjpeg,2cd30c2b06ce332dede81cccad8b334cde997281,,group-row-5949,validation,test
row-5951,CWE-787,openjpeg,2cd30c2b06ce332dede81cccad8b334cde997281,,group-row-5949,validation,test
row-5953,CWE-369,openjpeg,d27ccf01c68a31ad62b33d2dc1ba2bb1eeaafe7b,,group-row-5953,validation,test
row-5954,CWE-369,openjpeg,d27ccf01c68a31ad62b33d2dc1ba2bb1eeaafe7b,,group-row-5953,validation,test
row-5955,CWE-369,openjpeg,d27ccf01c68a31ad62b33d2dc1ba2bb1eeaafe7b,,group-row-5953,validation,test
row-5967,CWE-119,file,35c94dc6acc418f1ad7f6241a6680e5327495793,CVE-2017-1000249,group-row-5967,validation,train
row-5968,CWE-200,linux,197e7e521384a23b9e585178f3f11c9fa08274b9,,group-row-5968,train,test
row-5969,CWE-400,ImageMagick,cb63560ba25e4a6c51ab282538c24877fff7d471,CVE-2017-14137,group-row-5969,train,train
row-5970,CWE-400,ImageMagick,cb63560ba25e4a6c51ab282538c24877fff7d471,CVE-2017-14137,group-row-5969,train,train
row-5971,CWE-787,gdk-pixbuf,c2a40a92fe3df4111ed9da51fe3368c079b86926,CVE-2017-2862,group-row-5971,test,test
row-5972,CWE-415,krb5,56f7b1bc95a2a3eeb420e069e7655fb181ade5cf,,group-row-5972,test,train
row-5973,CWE-415,krb5,56f7b1bc95a2a3eeb420e069e7655fb181ade5cf,,group-row-5972,test,train
row-5974,CWE-415,krb5,56f7b1bc95a2a3eeb420e069e7655fb181ade5cf,,group-row-5972,test,train
row-5975,CWE-415,krb5,56f7b1bc95a2a3eeb420e069e7655fb181ade5cf,,group-row-5972,test,train
row-5976,CWE-415,krb5,56f7b1bc95a2a3eeb420e069e7655fb181ade5cf,,group-row-5972,test,train
row-5977,CWE-415,krb5,56f7b1bc95a2a3eeb420e069e7655fb181ade5cf,,group-row-5972,test,train
row-5978,CWE-415,krb5,56f7b1bc95a2a3eeb420e069e7655fb181ade5cf,,group-row-5972,test,train
row-5979,CWE-415,krb5,56f7b1bc95a2a3eeb420e069e7655fb181ade5cf,,group-row-5972,test,train
row-5980,CWE-415,krb5,56f7b1bc95a2a3eeb420e069e7655fb181ade5cf,,group-row-5972,test,train
row-5981,CWE-415,krb5,56f7b1bc95a2a3eeb420e069e7655fb181ade5cf,,group-row-5972,test,train
row-5982,CWE-415,krb5,56f7b1bc95a2a3eeb420e069e7655fb181ade5cf,,group-row-5972,test,train
row-5983,CWE-415,krb5,56f7b1bc95a2a3eeb420e069e7655fb181ade5cf,,group-row-5972,test,train
row-5984,CWE-415,krb5,56f7b1bc95a2a3eeb420e069e7655fb181ade5cf,,group-row-5972,test,train
row-5985,CWE-415,krb5,56f7b1bc95a2a3eeb420e069e7655fb181ade5cf,,group-row-5972,test,train
row-5986,CWE-415,krb5,56f7b1bc95a2a3eeb420e069e7655fb181ade5cf,,group-row-5972,test,train
row-5987,CWE-415,krb5,56f7b1bc95a2a3eeb420e069e7655fb181ade5cf,,group-row-5972,test,train
row-5988,CWE-415,krb5,56f7b1bc95a2a3eeb420e069e7655fb181ade5cf,,group-row-5972,test,train
row-5989,CWE-415,krb5,56f7b1bc95a2a3eeb420e069e7655fb181ade5cf,,group-row-5972,test,train
row-5990,CWE-415,krb5,56f7b1bc95a2a3eeb420e069e7655fb181ade5cf,,group-row-5972,test,train
row-5991,CWE-415,krb5,56f7b1bc95a2a3eeb420e069e7655fb181ade5cf,,group-row-5972,test,train
row-5992,CWE-415,krb5,56f7b1bc95a2a3eeb420e069e7655fb181ade5cf,,group-row-5972,test,train
row-5993,CWE-415,krb5,56f7b1bc95a2a3eeb420e069e7655fb181ade5cf,,group-row-5972,test,train
row-5994,CWE-617,jasper,fcbabdaaba217124c92dc29472596146756b968e,CVE-2017-13745,group-row-5994,train,train
row-5995,CWE-617,jasper,1b1c591306817e46e1e6a3300f714992b32f972b,CVE-2017-13746,group-row-5995,train,train
row-6006,CWE-787,linux,e860d2c904d1a9f38a24eb44c9f34b8f915a6ea3,CVE-2017-1000251,group-row-6006,train,train
row-6007,CWE-787,linux,e860d2c904d1a9f38a24eb44c9f34b8f915a6ea3,CVE-2017-1000251,group-row-6006,train,train
row-6008,CWE-787,linux,e860d2c904d1a9f38a24eb44c9f34b8f915a6ea3,CVE-2017-1000251,group-row-6006,train,train
row-6009,CWE-787,linux,e860d2c904d1a9f38a24eb44c9f34b8f915a6ea3,CVE-2017-1000251,group-row-6006,train,train
row-6010,CWE-787,linux,e860d2c904d1a9f38a24eb44c9f34b8f915a6ea3,CVE-2017-1000251,group-row-6006,train,train
row-6011,CWE-787,linux,e860d2c904d1a9f38a24eb44c9f34b8f915a6ea3,CVE-2017-1000251,group-row-6006,train,train
row-6012,CWE-787,linux,e860d2c904d1a9f38a24eb44c9f34b8f915a6ea3,CVE-2017-1000251,group-row-6006,train,train
row-6013,CWE-787,linux,e860d2c904d1a9f38a24eb44c9f34b8f915a6ea3,CVE-2017-1000251,group-row-6006,train,train
row-6014,CWE-787,linux,e860d2c904d1a9f38a24eb44c9f34b8f915a6ea3,CVE-2017-1000251,group-row-6006,train,train
row-6015,CWE-787,linux,e860d2c904d1a9f38a24eb44c9f34b8f915a6ea3,CVE-2017-1000251,group-row-6006,train,train
row-6016,CWE-787,linux,e860d2c904d1a9f38a24eb44c9f34b8f915a6ea3,CVE-2017-1000251,group-row-6006,train,train
row-6017,CWE-787,linux,e860d2c904d1a9f38a24eb44c9f34b8f915a6ea3,CVE-2017-1000251,group-row-6006,train,train
row-6018,CWE-787,linux,e860d2c904d1a9f38a24eb44c9f34b8f915a6ea3,CVE-2017-1000251,group-row-6006,train,train
row-6021,CWE-415,libgd,56ce6ef068b954ad28379e83cca04feefc51320c,CVE-2017-6362,group-row-6021,validation,train
row-6022,CWE-415,libgd,56ce6ef068b954ad28379e83cca04feefc51320c,CVE-2017-6362,group-row-6021,validation,train
row-6023,CWE-415,libgd,56ce6ef068b954ad28379e83cca04feefc51320c,CVE-2017-6362,group-row-6021,validation,train
row-6024,CWE-125,libarchive,fa7438a0ff4033e4741c807394a9af6207940d71,,group-row-6024,train,train
row-6025,CWE-125,libarchive,fa7438a0ff4033e4741c807394a9af6207940d71,,group-row-6024,train,train
row-6026,CWE-20,cyrus-imapd,6bd33275368edfa71ae117de895488584678ac79,,group-row-6026,train,train
row-6027,CWE-125,ImageMagick,c5402b6e0fcf8b694ae2af6a6652ebb8ce0ccf46,CVE-2017-14248,group-row-6027,train,train
row-6028,CWE-400,ImageMagick,4e378ea8fb99e869768f34e900105e8c769adfcd,CVE-2017-14342,group-row-6028,train,train
row-6031,CWE-476,ImageMagick,76f94fa2d9ae5d96e15929b6b6ce0c866fc44c69,CVE-2017-14400,group-row-6031,train,train
row-6032,CWE-119,openssl,1648afef33c1d97fb203c82291b8a61269e85d3b,CVE-2017-14033,group-row-6032,test,train
row-6033,CWE-119,openssl,1648afef33c1d97fb203c82291b8a61269e85d3b,CVE-2017-14033,group-row-6032,test,train
row-6036,CWE-119,LibRaw,8303e74b0567806dd5f16fc39aab70fe928de1a2,CVE-2017-14348,group-row-6036,train,train
row-6037,CWE-119,LibRaw,8303e74b0567806dd5f16fc39aab70fe928de1a2,CVE-2017-14348,group-row-6036,train,train
row-6038,CWE-119,LibRaw,8303e74b0567806dd5f16fc39aab70fe928de1a2,CVE-2017-14348,group-row-6036,train,train
row-6039,CWE-119,LibRaw,8303e74b0567806dd5f16fc39aab70fe928de1a2,CVE-2017-14348,group-row-6036,train,train
row-6042,CWE-476,linux,37863c43b2c6464f252862bf2e9768264e961678,,group-row-6042,train,train
row-6046,CWE-125,libbson,42900956dc461dfe7fb91d93361d10737c1602b3,CVE-2017-14227,group-row-6046,train,train
row-6047,CWE-125,libbson,42900956dc461dfe7fb91d93361d10737c1602b3,CVE-2017-14227,group-row-6046,train,train
row-6048,CWE-125,libbson,42900956dc461dfe7fb91d93361d10737c1602b3,CVE-2017-14227,group-row-6046,train,train
row-6049,CWE-125,libbson,42900956dc461dfe7fb91d93361d10737c1602b3,CVE-2017-14227,group-row-6046,train,train
row-6050,CWE-125,libbson,42900956dc461dfe7fb91d93361d10737c1602b3,CVE-2017-14227,group-row-6046,train,train
row-6051,CWE-125,libbson,e10059393466f667b031077229cfa98504ce34f3,CVE-2017-14227,group-row-6046,train,train
row-6052,CWE-125,libarchive,f9569c086ff29259c73790db9cbf39fe8fb9d862,CVE-2017-14503,group-row-6052,train,validation
row-6053,CWE-125,libarchive,f9569c086ff29259c73790db9cbf39fe8fb9d862,CVE-2017-14503,group-row-6052,train,validation
row-6054,CWE-125,libarchive,f9569c086ff29259c73790db9cbf39fe8fb9d862,CVE-2017-14503,group-row-6052,train,validation
row-6055,CWE-125,libarchive,2c8c83b9731ff822fad6cc8c670ea5519c366a14,CVE-2017-14503,group-row-6052,train,validation
row-6057,CWE-476,ImageMagick,6ad5fc3c9b652eec27fc0b1a0817159f8547d5d9,CVE-2017-14505,group-row-6057,train,train
row-6060,CWE-125,ImageMagick,60e52517ff86a451a85cac3eaba2016e80668297,CVE-2017-14607,group-row-6060,train,train
row-6068,CWE-476,linux,60ff5b2f547af3828aebafd54daded44cfb0807a,CVE-2017-15299,group-row-6068,train,train
row-6075,CWE-369,libsndfile,85c877d5072866aadbe8ed0c3e0590fbb5e16788,CVE-2017-14634,group-row-6075,validation,train
row-6078,CWE-20,linux,96ca579a1ecc943b75beba58bebb0356f6cc4b51,CVE-2017-5123,group-row-6078,train,train
row-6079,CWE-20,linux,96ca579a1ecc943b75beba58bebb0356f6cc4b51,CVE-2017-5123,group-row-6078,train,train
row-6080,CWE-835,ImageMagick,7d8e14899c562157c7760a77fc91625a27cb596f,CVE-2017-14741,group-row-6080,train,train
row-6081,CWE-200,linux,3e0097499839e0fe3af380410eababe5a47c4cf9,,group-row-6081,train,train
row-6082,CWE-200,linux,3e0097499839e0fe3af380410eababe5a47c4cf9,,group-row-6081,train,train
row-6083,CWE-476,linux,5649645d725c73df4302428ee4e02c869248b4c5,,group-row-6083,train,train
row-6084,CWE-476,linux,5649645d725c73df4302428ee4e02c869248b4c5,,group-row-6083,train,train
row-6087,CWE-476,upx,ef336dbcc6dc8344482f8cf6c909ae96c3286317,CVE-2017-15056,group-row-6087,train,test
row-6088,CWE-476,upx,ef336dbcc6dc8344482f8cf6c909ae96c3286317,CVE-2017-15056,group-row-6087,train,test
row-6089,CWE-476,upx,ef336dbcc6dc8344482f8cf6c909ae96c3286317,CVE-2017-15056,group-row-6087,train,test
row-6090,CWE-476,upx,ef336dbcc6dc8344482f8cf6c909ae96c3286317,CVE-2017-15056,group-row-6087,train,test
row-6091,CWE-476,linux,ea6789980fdaa610d7eb63602c746bf6ec70cd2b,,group-row-6091,train,train
row-6094,CWE-787,libxml2,897dffbae322b46b83f99a607d527058a72c51ed,CVE-2017-5130,group-row-6094,test,train
row-6095,CWE-787,libxml2,897dffbae322b46b83f99a607d527058a72c51ed,CVE-2017-5130,group-row-6094,test,train
row-6096,CWE-787,libxml2,897dffbae322b46b83f99a607d527058a72c51ed,CVE-2017-5130,group-row-6094,test,train
row-6107,CWE-119,curl,13c9a9ded3ae744a1e11cbc14e9146d9fa427040,CVE-2017-1000257,group-row-6107,train,test
row-6118,CWE-119,gnulib,2d1bd71ec70a31b01d01b734faa66bb1ed28961f,CVE-2017-15670,group-row-6118,train,validation
row-6119,CWE-119,wget,d892291fb8ace4c3b734ea5125770989c215df3f,CVE-2017-13089,group-row-6119,test,train
row-6120,CWE-119,wget,ba6b44f6745b14dce414761a8e4b35d31b176bba,CVE-2017-13090,group-row-6120,test,train
row-6121,CWE-476,linux,2fae9e5a7babada041e2e161699ade2447a01989,,group-row-6121,train,train
row-6123,CWE-20,linux,363b02dab09b3226f3bd1420dad9c72b79a42a76,,group-row-6123,train,train
row-6124,CWE-20,linux,363b02dab09b3226f3bd1420dad9c72b79a42a76,,group-row-6123,train,train
row-6125,CWE-20,linux,363b02dab09b3226f3bd1420dad9c72b79a42a76,,group-row-6123,train,train
row-6126,CWE-20,linux,363b02dab09b3226f3bd1420dad9c72b79a42a76,,group-row-6123,train,train
row-6127,CWE-20,linux,363b02dab09b3226f3bd1420dad9c72b79a42a76,,group-row-6123,train,train
row-6128,CWE-20,linux,363b02dab09b3226f3bd1420dad9c72b79a42a76,,group-row-6123,train,train
row-6129,CWE-20,linux,363b02dab09b3226f3bd1420dad9c72b79a42a76,,group-row-6123,train,train
row-6130,CWE-20,linux,363b02dab09b3226f3bd1420dad9c72b79a42a76,,group-row-6123,train,train
row-6131,CWE-20,linux,363b02dab09b3226f3bd1420dad9c72b79a42a76,,group-row-6123,train,train
row-6132,CWE-20,linux,363b02dab09b3226f3bd1420dad9c72b79a42a76,,group-row-6123,train,train
row-6133,CWE-20,linux,363b02dab09b3226f3bd1420dad9c72b79a42a76,,group-row-6123,train,train
row-6134,CWE-20,linux,363b02dab09b3226f3bd1420dad9c72b79a42a76,,group-row-6123,train,train
row-6135,CWE-20,linux,363b02dab09b3226f3bd1420dad9c72b79a42a76,,group-row-6123,train,train
row-6136,CWE-20,linux,363b02dab09b3226f3bd1420dad9c72b79a42a76,,group-row-6123,train,train
row-6137,CWE-20,linux,363b02dab09b3226f3bd1420dad9c72b79a42a76,,group-row-6123,train,train
row-6138,CWE-20,linux,363b02dab09b3226f3bd1420dad9c72b79a42a76,,group-row-6123,train,train
row-6139,CWE-20,linux,363b02dab09b3226f3bd1420dad9c72b79a42a76,,group-row-6123,train,train
row-6140,CWE-20,linux,363b02dab09b3226f3bd1420dad9c72b79a42a76,,group-row-6123,train,train
row-6141,CWE-20,linux,363b02dab09b3226f3bd1420dad9c72b79a42a76,,group-row-6123,train,train
row-6142,CWE-20,linux,363b02dab09b3226f3bd1420dad9c72b79a42a76,,group-row-6123,train,train
row-6143,CWE-20,linux,363b02dab09b3226f3bd1420dad9c72b79a42a76,,group-row-6123,train,train
row-6144,CWE-20,htcondor,2f3c393feb819cf6c6d06fb0a2e9c4e171f3c26d,CVE-2017-16816,group-row-6144,train,train
row-6145,CWE-20,ox,e4565dbc167f0d38c3f93243d7a4fcfc391cbfc8,CVE-2017-15928,group-row-6145,train,train
row-6146,CWE-20,quagga,7a42b78be9a4108d98833069a88e6fddb9285008,CVE-2017-16227,group-row-6146,train,train
row-6151,CWE-200,ImageMagick,9fd10cf630832b36a588c1545d8736539b2f1fb5,,group-row-6151,train,validation
row-6154,CWE-416,linux,299d7572e46f98534033a9e65973f13ad1ce9047,,group-row-6154,train,train
row-6155,CWE-416,linux,bd998c2e0df0469707503023d50d46cf0b10c787,,group-row-6155,train,train
row-6157,CWE-125,linux,1c0edc3633b56000e18d82fc241e3995ca18a69e,,group-row-6157,train,train
row-6164,CWE-125,linux,786de92b3cb26012d3d0f00ee37adf14527f35c4,,group-row-6164,train,train
row-6165,CWE-125,linux,786de92b3cb26012d3d0f00ee37adf14527f35c4,,group-row-6164,train,train
row-6166,CWE-125,linux,786de92b3cb26012d3d0f00ee37adf14527f35c4,,group-row-6164,train,train
row-6168,CWE-476,linux,7c80f9e4a588f1925b07134bb2e3689335f6c6d8,,group-row-6168,train,test
row-6170,CWE-416,irssi,43e44d553d44e313003cee87e6ea5e24d68b84a1,CVE-2017-15227,group-row-6170,train,train
row-6171,CWE-416,irssi,43e44d553d44e313003cee87e6ea5e24d68b84a1,CVE-2017-15227,group-row-6170,train,train
row-6172,CWE-416,irssi,43e44d553d44e313003cee87e6ea5e24d68b84a1,CVE-2017-15227,group-row-6170,train,train
row-6173,CWE-416,irssi,43e44d553d44e313003cee87e6ea5e24d68b84a1,CVE-2017-15227,group-row-6170,train,train
row-6174,CWE-416,irssi,43e44d553d44e313003cee87e6ea5e24d68b84a1,CVE-2017-15227,group-row-6170,train,train
row-6175,CWE-416,irssi,43e44d553d44e313003cee87e6ea5e24d68b84a1,CVE-2017-15227,group-row-6170,train,train
row-6176,CWE-416,irssi,43e44d553d44e313003cee87e6ea5e24d68b84a1,CVE-2017-15227,group-row-6170,train,train
row-6177,CWE-416,irssi,43e44d553d44e313003cee87e6ea5e24d68b84a1,CVE-2017-15227,group-row-6170,train,train
row-6178,CWE-416,irssi,43e44d553d44e313003cee87e6ea5e24d68b84a1,CVE-2017-15227,group-row-6170,train,train
row-6179,CWE-416,irssi,43e44d553d44e313003cee87e6ea5e24d68b84a1,CVE-2017-15227,group-row-6170,train,train
row-6180,CWE-416,irssi,43e44d553d44e313003cee87e6ea5e24d68b84a1,CVE-2017-15227,group-row-6170,train,train
row-6181,CWE-416,irssi,43e44d553d44e313003cee87e6ea5e24d68b84a1,CVE-2017-15227,group-row-6170,train,train
row-6182,CWE-416,irssi,43e44d553d44e313003cee87e6ea5e24d68b84a1,CVE-2017-15227,group-row-6170,train,train
row-6185,CWE-415,ldns,070b4595981f48a21cc6b4f5047fdc2d09d3da91,CVE-2017-1000232,group-row-6185,train,test
row-6186,CWE-415,ldns,070b4595981f48a21cc6b4f5047fdc2d09d3da91,CVE-2017-1000232,group-row-6185,train,test
row-6187,CWE-415,ldns,070b4595981f48a21cc6b4f5047fdc2d09d3da91,CVE-2017-1000232,group-row-6185,train,test
row-6188,CWE-415,ldns,070b4595981f48a21cc6b4f5047fdc2d09d3da91,CVE-2017-1000232,group-row-6185,train,test
row-6189,CWE-415,ldns,070b4595981f48a21cc6b4f5047fdc2d09d3da91,CVE-2017-1000232,group-row-6185,train,test
row-6190,CWE-415,ldns,070b4595981f48a21cc6b4f5047fdc2d09d3da91,CVE-2017-1000232,group-row-6185,train,test
row-6191,CWE-415,ldns,070b4595981f48a21cc6b4f5047fdc2d09d3da91,CVE-2017-1000232,group-row-6185,train,test
row-6192,CWE-415,ldns,070b4595981f48a21cc6b4f5047fdc2d09d3da91,CVE-2017-1000232,group-row-6185,train,test
row-6193,CWE-125,rsync,47a63d90e71d3e19e0e96052bb8c6b9cb140ecc1,CVE-2017-16548,group-row-6193,train,train
row-6194,CWE-125,php-src,5c0455bf2c8cd3c25401407f158e820aa3b239e1,,group-row-6194,validation,train
row-6199,CWE-476,linux,8fded5925d0a733c46f8d0b5edd1c9b315882b1d,CVE-2017-15116,group-row-6199,train,train
row-6200,CWE-476,linux,8fded5925d0a733c46f8d0b5edd1c9b315882b1d,CVE-2017-15116,group-row-6199,train,train
row-6201,CWE-476,linux,8fded5925d0a733c46f8d0b5edd1c9b315882b1d,CVE-2017-15116,group-row-6199,train,train
row-6202,CWE-476,linux,8fded5925d0a733c46f8d0b5edd1c9b315882b1d,CVE-2017-15116,group-row-6199,train,train
row-6203,CWE-476,linux,8fded5925d0a733c46f8d0b5edd1c9b315882b1d,CVE-2017-15116,group-row-6199,train,train
row-6204,CWE-476,linux,8fded5925d0a733c46f8d0b5edd1c9b315882b1d,CVE-2017-15116,group-row-6199,train,train
row-6205,CWE-476,linux,8fded5925d0a733c46f8d0b5edd1c9b315882b1d,CVE-2017-15116,group-row-6199,train,train
row-6206,CWE-476,linux,8fded5925d0a733c46f8d0b5edd1c9b315882b1d,CVE-2017-15116,group-row-6199,train,train
row-6207,CWE-476,linux,8fded5925d0a733c46f8d0b5edd1c9b315882b1d,CVE-2017-15116,group-row-6199,train,train
row-6208,CWE-476,linux,8fded5925d0a733c46f8d0b5edd1c9b315882b1d,CVE-2017-15116,group-row-6199,train,train
row-6209,CWE-476,linux,8fded5925d0a733c46f8d0b5edd1c9b315882b1d,CVE-2017-15116,group-row-6199,train,train
row-6211,CWE-190,busybox,0402cb32df015d9372578e3db27db47b33d5c7b0,CVE-2017-15873,group-row-6211,train,train
row-6220,CWE-190,curl,7f2a1df6f5fc598750b2c6f34465c8d924db28cc,CVE-2017-8816,group-row-6220,train,test
row-6221,CWE-125,curl,0b664ba968437715819bfe4c7ada5679d16ebbc3,CVE-2017-8817,group-row-6221,train,train
row-6222,CWE-617,ceph,b3118cabb8060a8cc6a01c4e8264cb18e7b1745a,,group-row-6222,validation,train
row-6223,CWE-617,ceph,b3118cabb8060a8cc6a01c4e8264cb18e7b1745a,,group-row-6222,validation,train
row-6224,CWE-617,ceph,b3118cabb8060a8cc6a01c4e8264cb18e7b1745a,,group-row-6222,validation,train
row-6225,CWE-617,ceph,b3118cabb8060a8cc6a01c4e8264cb18e7b1745a,,group-row-6222,validation,train
row-6226,CWE-617,ceph,b3118cabb8060a8cc6a01c4e8264cb18e7b1745a,,group-row-6222,validation,train
row-6227,CWE-617,ceph,b3118cabb8060a8cc6a01c4e8264cb18e7b1745a,,group-row-6222,validation,train
row-6235,CWE-125,linux,a50829479f58416a013a4ccca791336af3c584c7,,group-row-6235,train,test
row-6236,CWE-125,linux,ea04efee7635c9120d015dcdeeeb6988130cb67a,,group-row-6236,train,validation
row-6237,CWE-416,linux,b1cb7372fa822af6c06c8045963571d13ad6348b,CVE-2017-16648,group-row-6237,train,train
row-6238,CWE-416,linux,b1728ff617f88a1f7a5d8c8f21fe17a2f6af5d16,CVE-2017-16648,group-row-6237,train,train
row-6239,CWE-415,collectd,d16c24542b2f96a194d43a73c2e5778822b9cb47,,group-row-6239,train,train
row-6251,CWE-416,exim,4e6ae6235c68de243b1c2419027472d7659aa2b4,CVE-2017-16943,group-row-6251,train,train
row-6252,CWE-119,curl,9b5e12a5491d2e6b68e0c88ca56f3a9ef9fba400,CVE-2017-8818,group-row-6252,train,train
row-6256,CWE-416,linux,355627f518978b5167256d27492fe0b343aaf2f2,CVE-2017-17052,group-row-6256,train,train
row-6257,CWE-416,linux,355627f518978b5167256d27492fe0b343aaf2f2,CVE-2017-17052,group-row-6256,train,train
row-6258,CWE-416,linux,ccd5b3235180eef3cfec337df1c8554ab151b5cc,,group-row-6258,train,train
row-6261,CWE-416,linux,69c64866ce072dea1d1e59a0d61e0f66c0dffb76,CVE-2017-8824,group-row-6261,train,train
row-6262,CWE-190,cpython,c3c9db89273fabc62ea1b48389d9a3000c1c03ae,CVE-2017-1000158,group-row-6262,train,train
row-6263,CWE-190,cpython,6c004b40f9d51872d848981ef1a18bb08c2dfc42,CVE-2017-1000158,group-row-6262,train,train
row-6265,CWE-416,lynx-snapshots,280a61b300a1614f6037efc0902ff7ecf17146e9,CVE-2017-1000211,group-row-6265,train,train
row-6270,CWE-416,libxml2,0f3b843b3534784ef57a4f9b874238aa1fda5a73,CVE-2017-15412,group-row-6270,test,test
row-6271,CWE-416,linux,384632e67e0829deb8015ee6ad916b180049d252,,group-row-6271,train,train
row-6272,CWE-416,linux,384632e67e0829deb8015ee6ad916b180049d252,,group-row-6271,train,train
row-6273,CWE-416,linux,0cbb4b4f4c44f54af268969b18d8deda63aded59,CVE-2017-15126,group-row-6273,train,validation
row-6278,CWE-476,heimdal,1a6a6e462dc2ac6111f9e02c6852ddec4849b887,,group-row-6278,train,validation
row-6279,CWE-703,linux,5af10dfd0afc559bb4b0f7e3e8227a1578333995,,group-row-6279,train,train
row-6284,CWE-200,linux,93c647643b48f0131f02e45da3bd367d80443291,CVE-2017-17449,group-row-6284,train,train
row-6289,CWE-835,ImageMagick,73d59a74e0b0a864c1a9581b8a4bdbee427125e2,CVE-2017-17681,group-row-6289,train,train
row-6290,CWE-400,ImageMagick,06c8dd4de59e48d282d4f224faa64ab9012a711a,CVE-2017-17682,group-row-6290,train,train
row-6293,CWE-787,gcab,c512f6ff0c82a1139b36db2b28f93edc01c74b4b,CVE-2018-5345,group-row-6293,train,train
row-6294,CWE-787,gcab,c512f6ff0c82a1139b36db2b28f93edc01c74b4b,CVE-2018-5345,group-row-6293,train,train
row-6295,CWE-787,gcab,bd2abee5f0a9b5cbe3a1ab1f338c4fb8f6ca797b,CVE-2018-5345,group-row-6293,train,train
row-6296,CWE-476,linux,f3069c6d33f6ae63a1668737bc78aaaa51bff7ca,,group-row-6296,train,train
row-6299,CWE-787,linux,af3ff8045bbf3e32f1a448542e73abb4c8ceb6f1,,group-row-6299,train,train
row-6300,CWE-787,linux,af3ff8045bbf3e32f1a448542e73abb4c8ceb6f1,,group-row-6299,train,train
row-6303,CWE-20,linux,c131187db2d3fa2f8bf32fdf4e9a4ef805168467,,group-row-6303,train,train
row-6304,CWE-20,linux,c131187db2d3fa2f8bf32fdf4e9a4ef805168467,,group-row-6303,train,train
row-6305,CWE-20,linux,c131187db2d3fa2f8bf32fdf4e9a4ef805168467,,group-row-6303,train,train
row-6306,CWE-125,gimp,702c4227e8b6169f781e4bb5ae4b5733f51ab126,CVE-2017-17788,group-row-6306,test,train
row-6307,CWE-125,gimp,eb2980683e6472aff35a3117587c4f814515c74d,CVE-2017-17787,group-row-6307,test,train
row-6308,CWE-125,gimp,87ba505fff85989af795f4ab6a047713f4d9381d,CVE-2017-17787,group-row-6307,test,train
row-6309,CWE-125,gimp,c57f9dcf1934a9ab0cd67650f2dea18cb0902270,CVE-2017-17784,group-row-6309,test,train
row-6310,CWE-125,gimp,06d24a79af94837d615d0024916bb95a01bf3c59,CVE-2017-17784,group-row-6309,test,train
row-6311,CWE-125,GIMP,674b62ad45b6579ec6d7923dc3cb1ef4e8b5498b,CVE-2017-17786,group-row-6311,train,train
row-6312,CWE-125,GIMP,8ea316667c8a3296bce2832b3986b58d0fdfc077,CVE-2017-17786,group-row-6311,train,train
row-6313,CWE-125,GIMP,22e2571c25425f225abdb11a566cc281fca6f366,CVE-2017-17786,group-row-6311,train,train
row-6314,CWE-787,GIMP,28e95fbeb5720e6005a088fa811f5bf3c1af48b8,CVE-2017-17789,group-row-6314,train,train
row-6315,CWE-787,GIMP,01898f10f87a094665a7fdcf7153990f4e511d3f,CVE-2017-17789,group-row-6314,train,train
row-6316,CWE-787,GIMP,edb251a7ef1602d20a5afcbf23f24afb163de63b,CVE-2017-17785,group-row-6316,train,validation
row-6317,CWE-787,GIMP,edb251a7ef1602d20a5afcbf23f24afb163de63b,CVE-2017-17785,group-row-6316,train,validation
row-6318,CWE-787,GIMP,edb251a7ef1602d20a5afcbf23f24afb163de63b,CVE-2017-17785,group-row-6316,train,validation
row-6319,CWE-119,mupdf,520cc26d18c9ee245b56e9e91f9d4fcae02be5f0,CVE-2017-17866,group-row-6319,train,train
row-6320,CWE-119,mupdf,520cc26d18c9ee245b56e9e91f9d4fcae02be5f0,CVE-2017-17866,group-row-6319,train,train
row-6321,CWE-119,mupdf,520cc26d18c9ee245b56e9e91f9d4fcae02be5f0,CVE-2017-17866,group-row-6319,train,train
row-6322,CWE-119,mupdf,520cc26d18c9ee245b56e9e91f9d4fcae02be5f0,CVE-2017-17866,group-row-6319,train,train
row-6323,CWE-200,linux,814fb7bb7db5433757d76f4c4502c96fc53b0b5e,,group-row-6323,train,train
row-6324,CWE-200,linux,814fb7bb7db5433757d76f4c4502c96fc53b0b5e,,group-row-6323,train,train
row-6331,CWE-190,linux,bb7f0f989ca7de1153bd128a40a71709e339fa03,,group-row-6331,train,train
row-6332,CWE-190,linux,bb7f0f989ca7de1153bd128a40a71709e339fa03,,group-row-6331,train,train
row-6336,CWE-125,qemu,f153b563f8cf121aebf5a2fff5f0110faf58ccb3,CVE-2017-18030,group-row-6336,train,train
row-6337,CWE-476,libtiff,c6f41df7b581402dfba3c19a1e3df4454c551a01,CVE-2017-18013,group-row-6337,train,train
row-6338,CWE-416,gifsicle,81fd7823f6d9c85ab598bc850e40382068361185,CVE-2017-1000421,group-row-6338,train,train
row-6339,CWE-787,bro,6c0f101a62489b1c5927b4ed63b0e1d37db40282,,group-row-6339,train,validation
row-6341,CWE-416,linux,21b5944350052d2583e82dd59b19a9ba94a007f0,,group-row-6341,train,train
row-6343,CWE-22,poco,bb7e5feece68ccfd8660caee93da25c5c39a4707,CVE-2017-1000472,group-row-6343,train,train
row-6344,CWE-22,poco,bb7e5feece68ccfd8660caee93da25c5c39a4707,CVE-2017-1000472,group-row-6343,train,train
row-6345,CWE-22,poco,bb7e5feece68ccfd8660caee93da25c5c39a4707,CVE-2017-1000472,group-row-6343,train,train
row-6346,CWE-22,poco,bb7e5feece68ccfd8660caee93da25c5c39a4707,CVE-2017-1000472,group-row-6343,train,train
row-6347,CWE-22,poco,bb7e5feece68ccfd8660caee93da25c5c39a4707,CVE-2017-1000472,group-row-6343,train,train
row-6348,CWE-22,poco,bb7e5feece68ccfd8660caee93da25c5c39a4707,CVE-2017-1000472,group-row-6343,train,train
row-6349,CWE-22,poco,bb7e5feece68ccfd8660caee93da25c5c39a4707,CVE-2017-1000472,group-row-6343,train,train
row-6350,CWE-22,poco,bb7e5feece68ccfd8660caee93da25c5c39a4707,CVE-2017-1000472,group-row-6343,train,train
row-6351,CWE-22,poco,bb7e5feece68ccfd8660caee93da25c5c39a4707,CVE-2017-1000472,group-row-6343,train,train
row-6352,CWE-22,poco,bb7e5feece68ccfd8660caee93da25c5c39a4707,CVE-2017-1000472,group-row-6343,train,train
row-6353,CWE-22,poco,bb7e5feece68ccfd8660caee93da25c5c39a4707,CVE-2017-1000472,group-row-6343,train,train
row-6354,CWE-22,poco,bb7e5feece68ccfd8660caee93da25c5c39a4707,CVE-2017-1000472,group-row-6343,train,train
row-6355,CWE-22,poco,bb7e5feece68ccfd8660caee93da25c5c39a4707,CVE-2017-1000472,group-row-6343,train,train
row-6356,CWE-22,poco,bb7e5feece68ccfd8660caee93da25c5c39a4707,CVE-2017-1000472,group-row-6343,train,train
row-6357,CWE-22,poco,bb7e5feece68ccfd8660caee93da25c5c39a4707,CVE-2017-1000472,group-row-6343,train,train
row-6358,CWE-22,poco,bb7e5feece68ccfd8660caee93da25c5c39a4707,CVE-2017-1000472,group-row-6343,train,train
row-6359,CWE-22,poco,bb7e5feece68ccfd8660caee93da25c5c39a4707,CVE-2017-1000472,group-row-6343,train,train
row-6360,CWE-22,poco,bb7e5feece68ccfd8660caee93da25c5c39a4707,CVE-2017-1000472,group-row-6343,train,train
row-6371,CWE-770,ImageMagick,32a3eeb9e0da083cbc05909e4935efdbf9846df9,CVE-2017-18028,group-row-6371,train,train
row-6372,CWE-770,ImageMagick,32a3eeb9e0da083cbc05909e4935efdbf9846df9,CVE-2017-18028,group-row-6371,train,train
row-6405,CWE-200,linux,43cdd1b716b26f6af16da4e145b6578f98798bf6,CVE-2018-5750,group-row-6405,train,train
row-6406,CWE-476,linux,340d394a789518018f834ff70f7534fc463d3226,,group-row-6406,train,train
row-6407,CWE-476,linux,340d394a789518018f834ff70f7534fc463d3226,,group-row-6406,train,train
row-6408,CWE-476,linux,340d394a789518018f834ff70f7534fc463d3226,,group-row-6406,train,train
row-6409,CWE-59,systemd,5579f85663d10269e7ac7464be6548c99cea4ada,CVE-2017-18078,group-row-6409,train,train
row-6410,CWE-59,systemd,5579f85663d10269e7ac7464be6548c99cea4ada,CVE-2017-18078,group-row-6409,train,train
row-6411,CWE-190,mujs,25821e6d74fab5fcc200fe5e818362e03e114428,CVE-2018-6191,group-row-6411,train,validation
row-6413,CWE-476,linux,be6123df1ea8f01ee2f896a16c2b7be3e4557a5a,CVE-2017-16914,group-row-6413,train,train
row-6414,CWE-20,linux,8914a595110a6eca69a5e275b323f5d09e18f4f9,CVE-2018-1000026,group-row-6414,train,validation
row-6415,CWE-20,linux,2b16f048729bf35e6c28a40cbfad07239f9dcd90,CVE-2018-1000026,group-row-6414,train,validation
row-6416,CWE-20,linux,2b16f048729bf35e6c28a40cbfad07239f9dcd90,CVE-2018-1000026,group-row-6414,train,validation
row-6417,CWE-20,linux,2b16f048729bf35e6c28a40cbfad07239f9dcd90,CVE-2018-1000026,group-row-6414,train,validation
row-6418,CWE-200,linux,2f2d0088eb93db5c649d2a5e34a3800a8a935fc5,CVE-2017-16911,group-row-6418,train,train
row-6419,CWE-200,linux,2f2d0088eb93db5c649d2a5e34a3800a8a935fc5,CVE-2017-16911,group-row-6418,train,train
row-6420,CWE-200,linux,2f2d0088eb93db5c649d2a5e34a3800a8a935fc5,CVE-2017-16911,group-row-6418,train,train
row-6421,CWE-200,linux,2f2d0088eb93db5c649d2a5e34a3800a8a935fc5,CVE-2017-16911,group-row-6418,train,train
row-6422,CWE-125,linux,635f545a7e8be7596b9b2b6a43cab6bbd5a88e43,CVE-2017-16912,group-row-6422,train,train
row-6423,CWE-125,linux,635f545a7e8be7596b9b2b6a43cab6bbd5a88e43,CVE-2017-16912,group-row-6422,train,train
row-6424,CWE-119,linux,c6688ef9f29762e65bce325ef4acd6c675806366,CVE-2017-16913,group-row-6424,train,train
row-6425,CWE-119,linux,c6688ef9f29762e65bce325ef4acd6c675806366,CVE-2017-16913,group-row-6424,train,train
row-6426,CWE-415,gifsicle,118a46090c50829dc543179019e6140e1235f909,,group-row-6426,train,test
row-6443,CWE-119,exim,cf3cd306062a08969c41a1cdd32c6855f1abecf1,CVE-2018-6789,group-row-6443,train,train
row-6444,CWE-770,zziplib,0c0c9256b0903f664bca25dd8d924211f81e01d3,CVE-2018-6869,group-row-6444,validation,train
row-6445,CWE-770,zziplib,0c0c9256b0903f664bca25dd8d924211f81e01d3,CVE-2018-6869,group-row-6444,validation,train
row-6446,CWE-415,linux,251e22abde21833b3d29577e4d8c7aaccd650eee,,group-row-6446,train,train
row-6447,CWE-415,linux,251e22abde21833b3d29577e4d8c7aaccd650eee,,group-row-6446,train,train
row-6448,CWE-190,linux,fbe0e839d1e22d88810f3ee3e2f1479be4c0aa4a,,group-row-6448,train,train
row-6457,CWE-476,patch,f290f48a621867084884bfff87f8093c15195e6a,CVE-2018-6951,group-row-6457,test,train
row-6458,CWE-617,exiv2,1647908e00a4df7246d76678e59587e62c690dcd,CVE-2017-17722,group-row-6458,train,train
row-6459,CWE-125,exiv2,6e3855aed7ba8bb4731fc4087ca7f9078b2f3d97,CVE-2017-17723,group-row-6459,train,train
row-6460,CWE-125,exiv2,6e3855aed7ba8bb4731fc4087ca7f9078b2f3d97,CVE-2017-17723,group-row-6459,train,train
row-6461,CWE-125,exiv2,6e3855aed7ba8bb4731fc4087ca7f9078b2f3d97,CVE-2017-17723,group-row-6459,train,train
row-6462,CWE-125,exiv2,74cb5bab132ed76adf15df172c5e8b58cddaa96c,CVE-2017-17723,group-row-6459,train,train
row-6463,CWE-125,exiv2,74cb5bab132ed76adf15df172c5e8b58cddaa96c,CVE-2017-17723,group-row-6459,train,train
row-6464,CWE-125,qpdf,dea704f0ab7f625e1e7b3f9a1110b45b63157317,,group-row-6464,validation,train
row-6465,CWE-125,qpdf,dea704f0ab7f625e1e7b3f9a1110b45b63157317,,group-row-6464,validation,train
row-6466,CWE-125,qpdf,dea704f0ab7f625e1e7b3f9a1110b45b63157317,,group-row-6464,validation,train
row-6467,CWE-125,qpdf,dea704f0ab7f625e1e7b3f9a1110b45b63157317,,group-row-6464,validation,train
row-6468,CWE-125,qpdf,dea704f0ab7f625e1e7b3f9a1110b45b63157317,,group-row-6464,validation,train
row-6469,CWE-125,qpdf,6d46346eb93d5032c08cf1e39023b5d57260a766,CVE-2017-18185,group-row-6469,validation,test
row-6470,CWE-125,qpdf,6d46346eb93d5032c08cf1e39023b5d57260a766,CVE-2017-18185,group-row-6469,validation,test
row-6471,CWE-125,qpdf,1868a10f8b06631362618bfc85ca8646da4b4b71,CVE-2017-18185,group-row-6469,validation,test
row-6472,CWE-125,qpdf,1868a10f8b06631362618bfc85ca8646da4b4b71,CVE-2017-18185,group-row-6469,validation,test
row-6473,CWE-125,qpdf,1868a10f8b06631362618bfc85ca8646da4b4b71,CVE-2017-18185,group-row-6469,validation,test
row-6474,CWE-125,qpdf,1868a10f8b06631362618bfc85ca8646da4b4b71,CVE-2017-18185,group-row-6469,validation,test
row-6475,CWE-125,qpdf,1868a10f8b06631362618bfc85ca8646da4b4b71,CVE-2017-18185,group-row-6469,validation,test
row-6476,CWE-125,qpdf,1868a10f8b06631362618bfc85ca8646da4b4b71,CVE-2017-18185,group-row-6469,validation,test
row-6477,CWE-125,qpdf,1868a10f8b06631362618bfc85ca8646da4b4b71,CVE-2017-18185,group-row-6469,validation,test
row-6478,CWE-125,qpdf,1868a10f8b06631362618bfc85ca8646da4b4b71,CVE-2017-18185,group-row-6469,validation,test
row-6479,CWE-125,qpdf,1868a10f8b06631362618bfc85ca8646da4b4b71,CVE-2017-18185,group-row-6469,validation,test
row-6480,CWE-125,qpdf,1868a10f8b06631362618bfc85ca8646da4b4b71,CVE-2017-18185,group-row-6469,validation,test
row-6481,CWE-125,qpdf,1868a10f8b06631362618bfc85ca8646da4b4b71,CVE-2017-18185,group-row-6469,validation,test
row-6482,CWE-125,qpdf,1868a10f8b06631362618bfc85ca8646da4b4b71,CVE-2017-18185,group-row-6469,validation,test
row-6483,CWE-125,qpdf,1868a10f8b06631362618bfc85ca8646da4b4b71,CVE-2017-18185,group-row-6469,validation,test
row-6484,CWE-125,qpdf,1868a10f8b06631362618bfc85ca8646da4b4b71,CVE-2017-18185,group-row-6469,validation,test
row-6485,CWE-125,qpdf,1868a10f8b06631362618bfc85ca8646da4b4b71,CVE-2017-18185,group-row-6469,validation,test
row-6489,CWE-770,zziplib,8f48323c181e20b7e527b8be7229d6eb1148ec5f,CVE-2018-6869,group-row-6444,validation,train
row-6501,CWE-416,irssi,a6cae91cecba2e8cf11ed779c5da5a229472575c,CVE-2018-7054,group-row-6501,train,train
row-6502,CWE-416,irssi,a6cae91cecba2e8cf11ed779c5da5a229472575c,CVE-2018-7054,group-row-6501,train,train
row-6503,CWE-416,irssi,a6cae91cecba2e8cf11ed779c5da5a229472575c,CVE-2018-7054,group-row-6501,train,train
row-6504,CWE-416,irssi,38ba3ca2c40fc8ccccec8dc3f360c4087e7dd498,CVE-2018-7054,group-row-6501,train,train
row-6505,CWE-416,irssi,38ba3ca2c40fc8ccccec8dc3f360c4087e7dd498,CVE-2018-7054,group-row-6501,train,train
row-6506,CWE-416,irssi,b8d3301d34f383f039071214872570385de1bb59,CVE-2018-7053,group-row-6506,train,train
row-6507,CWE-416,irssi,b8d3301d34f383f039071214872570385de1bb59,CVE-2018-7053,group-row-6506,train,train
row-6508,CWE-416,irssi,b8d3301d34f383f039071214872570385de1bb59,CVE-2018-7053,group-row-6506,train,train
row-6509,CWE-416,irssi,b8d3301d34f383f039071214872570385de1bb59,CVE-2018-7053,group-row-6506,train,train
row-6510,CWE-416,irssi,b8d3301d34f383f039071214872570385de1bb59,CVE-2018-7053,group-row-6506,train,train
row-6511,CWE-416,irssi,b8d3301d34f383f039071214872570385de1bb59,CVE-2018-7053,group-row-6506,train,train
row-6512,CWE-416,irssi,36564717c9f701e3a339da362ab46d220d27e0c1,CVE-2018-7053,group-row-6506,train,train
row-6513,CWE-416,irssi,36564717c9f701e3a339da362ab46d220d27e0c1,CVE-2018-7053,group-row-6506,train,train
row-6514,CWE-416,irssi,36564717c9f701e3a339da362ab46d220d27e0c1,CVE-2018-7053,group-row-6506,train,train
row-6515,CWE-416,irssi,36564717c9f701e3a339da362ab46d220d27e0c1,CVE-2018-7053,group-row-6506,train,train
row-6516,CWE-416,irssi,36564717c9f701e3a339da362ab46d220d27e0c1,CVE-2018-7053,group-row-6506,train,train
row-6517,CWE-416,irssi,36564717c9f701e3a339da362ab46d220d27e0c1,CVE-2018-7053,group-row-6506,train,train
row-6518,CWE-416,irssi,36564717c9f701e3a339da362ab46d220d27e0c1,CVE-2018-7053,group-row-6506,train,train
row-6519,CWE-416,irssi,36564717c9f701e3a339da362ab46d220d27e0c1,CVE-2018-7053,group-row-6506,train,train
row-6520,CWE-416,irssi,36564717c9f701e3a339da362ab46d220d27e0c1,CVE-2018-7053,group-row-6506,train,train
row-6521,CWE-416,irssi,36564717c9f701e3a339da362ab46d220d27e0c1,CVE-2018-7053,group-row-6506,train,train
row-6522,CWE-416,irssi,36564717c9f701e3a339da362ab46d220d27e0c1,CVE-2018-7053,group-row-6506,train,train
row-6523,CWE-476,irssi,5b5bfef03596d95079c728f65f523570dd7b03aa,CVE-2018-7052,group-row-6523,train,train
row-6524,CWE-125,irssi,e0c66e31224894674356ddaf6d46016c1abc994f,CVE-2018-7051,group-row-6524,train,train
row-6525,CWE-125,irssi,e0c66e31224894674356ddaf6d46016c1abc994f,CVE-2018-7051,group-row-6524,train,train
row-6526,CWE-125,irssi,e32e9d63c67ab95ef0576154680a6c52334b97af,CVE-2018-7051,group-row-6524,train,train
row-6529,CWE-125,libwebm,8e88e04b07352f2ca449278b44a2d8ec7631bdcf,CVE-2018-6406,group-row-6529,train,test
row-6530,CWE-125,libwebm,8e88e04b07352f2ca449278b44a2d8ec7631bdcf,CVE-2018-6406,group-row-6529,train,test
row-6533,CWE-476,linux,57ebd808a97d7c5b1e1afb937c2db22beba3c1f8,,group-row-6533,train,train
row-6534,CWE-476,linux,57ebd808a97d7c5b1e1afb937c2db22beba3c1f8,,group-row-6533,train,train
row-6535,CWE-476,linux,57ebd808a97d7c5b1e1afb937c2db22beba3c1f8,,group-row-6533,train,train
row-6536,CWE-787,linux,a1dfb4c48cc1e64eeb7800a27c66a6f7e88d075a,CVE-2017-13166,group-row-6536,train,train
row-6537,CWE-787,linux,a1dfb4c48cc1e64eeb7800a27c66a6f7e88d075a,CVE-2017-13166,group-row-6536,train,train
row-6538,CWE-787,linux,a1dfb4c48cc1e64eeb7800a27c66a6f7e88d075a,CVE-2017-13166,group-row-6536,train,train
row-6539,CWE-787,linux,a1dfb4c48cc1e64eeb7800a27c66a6f7e88d075a,CVE-2017-13166,group-row-6536,train,train
row-6540,CWE-787,linux,a1dfb4c48cc1e64eeb7800a27c66a6f7e88d075a,CVE-2017-13166,group-row-6536,train,train
row-6541,CWE-787,linux,a1dfb4c48cc1e64eeb7800a27c66a6f7e88d075a,CVE-2017-13166,group-row-6536,train,train
row-6542,CWE-787,linux,a1dfb4c48cc1e64eeb7800a27c66a6f7e88d075a,CVE-2017-13166,group-row-6536,train,train
row-6543,CWE-787,linux,a1dfb4c48cc1e64eeb7800a27c66a6f7e88d075a,CVE-2017-13166,group-row-6536,train,train
row-6544,CWE-787,linux,a1dfb4c48cc1e64eeb7800a27c66a6f7e88d075a,CVE-2017-13166,group-row-6536,train,train
row-6545,CWE-787,linux,a1dfb4c48cc1e64eeb7800a27c66a6f7e88d075a,CVE-2017-13166,group-row-6536,train,train
row-6546,CWE-787,linux,a1dfb4c48cc1e64eeb7800a27c66a6f7e88d075a,CVE-2017-13166,group-row-6536,train,train
row-6547,CWE-787,linux,a1dfb4c48cc1e64eeb7800a27c66a6f7e88d075a,CVE-2017-13166,group-row-6536,train,train
row-6548,CWE-787,linux,a1dfb4c48cc1e64eeb7800a27c66a6f7e88d075a,CVE-2017-13166,group-row-6536,train,train
row-6549,CWE-787,linux,a1dfb4c48cc1e64eeb7800a27c66a6f7e88d075a,CVE-2017-13166,group-row-6536,train,train
row-6550,CWE-787,linux,a1dfb4c48cc1e64eeb7800a27c66a6f7e88d075a,CVE-2017-13166,group-row-6536,train,train
row-6551,CWE-787,linux,a1dfb4c48cc1e64eeb7800a27c66a6f7e88d075a,CVE-2017-13166,group-row-6536,train,train
row-6552,CWE-787,linux,a1dfb4c48cc1e64eeb7800a27c66a6f7e88d075a,CVE-2017-13166,group-row-6536,train,train
row-6553,CWE-787,linux,a1dfb4c48cc1e64eeb7800a27c66a6f7e88d075a,CVE-2017-13166,group-row-6536,train,train
row-6554,CWE-787,linux,a1dfb4c48cc1e64eeb7800a27c66a6f7e88d075a,CVE-2017-13166,group-row-6536,train,train
row-6555,CWE-787,linux,a1dfb4c48cc1e64eeb7800a27c66a6f7e88d075a,CVE-2017-13166,group-row-6536,train,train
row-6556,CWE-787,linux,a1dfb4c48cc1e64eeb7800a27c66a6f7e88d075a,CVE-2017-13166,group-row-6536,train,train
row-6557,CWE-787,linux,a1dfb4c48cc1e64eeb7800a27c66a6f7e88d075a,CVE-2017-13166,group-row-6536,train,train
row-6558,CWE-787,linux,a1dfb4c48cc1e64eeb7800a27c66a6f7e88d075a,CVE-2017-13166,group-row-6536,train,train
row-6559,CWE-787,linux,a1dfb4c48cc1e64eeb7800a27c66a6f7e88d075a,CVE-2017-13166,group-row-6536,train,train
row-6560,CWE-125,clamav-devel,d96a6b8bcc7439fa7e3876207aa0a8e79c8451b6,,group-row-6560,validation,train
row-6561,CWE-125,clamav-devel,d96a6b8bcc7439fa7e3876207aa0a8e79c8451b6,,group-row-6560,validation,train
row-6562,CWE-125,clamav-devel,d96a6b8bcc7439fa7e3876207aa0a8e79c8451b6,,group-row-6560,validation,train
row-6563,CWE-125,clamav-devel,d96a6b8bcc7439fa7e3876207aa0a8e79c8451b6,,group-row-6560,validation,train
row-6564,CWE-125,clamav-devel,d96a6b8bcc7439fa7e3876207aa0a8e79c8451b6,,group-row-6560,validation,train
row-6567,CWE-415,linux,9b54d816e00425c3a517514e0d677bb3cec49258,,group-row-6567,train,validation
row-6568,CWE-20,linux,638164a2718f337ea224b747cf5977ef143166a4,,group-row-6568,train,test
row-6569,CWE-20,linux,638164a2718f337ea224b747cf5977ef143166a4,,group-row-6568,train,test
row-6570,CWE-20,linux,638164a2718f337ea224b747cf5977ef143166a4,,group-row-6568,train,test
row-6571,CWE-416,linux,687cb0884a714ff484d038e9190edc874edcf146,,group-row-6571,train,train
row-6572,CWE-770,ImageMagick,5c0e1a31bc44829b1024ce599097f43285a05a42,CVE-2018-7443,group-row-6572,train,train
row-6573,CWE-415,libcdio,dec2f876c2d7162da213429bce1a7140cdbdd734,CVE-2017-18201,group-row-6573,train,train
row-6574,CWE-119,linux,d15d662e89fc667b90cd294b0eb45694e33144da,CVE-2018-7566,group-row-6574,train,train
row-6576,CWE-401,linux,28f5a8a7c033cbf3e32277f4cc9c6afd74f05300,,group-row-6576,train,train
row-6578,CWE-20,linux,07f2c7ab6f8d0a7e7c5764c4e6cc9c52951b9d9c,CVE-2018-5803,group-row-6578,train,validation
row-6583,CWE-416,linux,27463ad99f738ed93c7c8b3e2e5bc8c4853a2ff2,,group-row-6583,train,train
row-6584,CWE-416,linux,27463ad99f738ed93c7c8b3e2e5bc8c4853a2ff2,,group-row-6583,train,train
row-6589,CWE-787,linux,b71812168571fa55e44cdd0254471331b9c4c4c6,,group-row-6589,train,train
row-6590,CWE-787,linux,b71812168571fa55e44cdd0254471331b9c4c4c6,,group-row-6589,train,train
row-6591,CWE-476,ImageMagick,cca91aa1861818342e3d072bb0fad7dc4ffac24a,CVE-2017-18209,group-row-6591,train,train
row-6592,CWE-476,ImageMagick,cca91aa1861818342e3d072bb0fad7dc4ffac24a,CVE-2017-18209,group-row-6591,train,train
row-6593,CWE-476,ImageMagick,d2b87b403059af21db3002db95f4603f32b492ef,CVE-2017-18210,group-row-6593,train,train
row-6594,CWE-190,corosync,fc1d5418533c1faf21616b282c2559bed7d361c4,CVE-2018-1084,group-row-6594,train,train
row-6595,CWE-190,corosync,fc1d5418533c1faf21616b282c2559bed7d361c4,CVE-2018-1084,group-row-6594,train,train
row-6596,CWE-20,linux,70feee0e1ef331b22cc51f383d532a0d043fbdcc,,group-row-6596,train,train
row-6597,CWE-125,CImg,10af1e8c1ad2a58a0a3342a856bae63e8f257abb,CVE-2018-7641,group-row-6597,train,train
row-6606,CWE-476,linux,297a6961ffb8ff4dc66c9fbf53b924bd1dda05d5,,group-row-6606,train,train
row-6609,CWE-415,libgit2,58a6fe94cb851f71214dbefac3f9bffee437d6fe,CVE-2018-8099,group-row-6609,train,train
row-6610,CWE-415,libgit2,58a6fe94cb851f71214dbefac3f9bffee437d6fe,CVE-2018-8099,group-row-6609,train,train
row-6611,CWE-476,graphite,db132b4731a9b4c9534144ba3a18e65b390e9ff6,,group-row-6611,train,train
row-6612,CWE-476,graphite,db132b4731a9b4c9534144ba3a18e65b390e9ff6,,group-row-6611,train,train
row-6613,CWE-476,graphite,db132b4731a9b4c9534144ba3a18e65b390e9ff6,,group-row-6611,train,train
row-6614,CWE-476,graphite,db132b4731a9b4c9534144ba3a18e65b390e9ff6,,group-row-6611,train,train
row-6615,CWE-476,graphite,db132b4731a9b4c9534144ba3a18e65b390e9ff6,,group-row-6611,train,train
row-6617,CWE-119,zziplib,1ba660b3300d67b8ce9f6b96bbae0b36fa2d6b06,CVE-2018-7725,group-row-6617,validation,train
row-6618,CWE-119,zziplib,1ba660b3300d67b8ce9f6b96bbae0b36fa2d6b06,CVE-2018-7725,group-row-6617,validation,train
row-6619,CWE-119,zziplib,596d9dfce2624e849417d4301e8d67935608aa5e,CVE-2018-7725,group-row-6617,validation,train
row-6620,CWE-119,zziplib,596d9dfce2624e849417d4301e8d67935608aa5e,CVE-2018-7725,group-row-6617,validation,train
row-6621,CWE-119,zziplib,596d9dfce2624e849417d4301e8d67935608aa5e,CVE-2018-7725,group-row-6617,validation,train
row-6622,CWE-119,zziplib,596d9dfce2624e849417d4301e8d67935608aa5e,CVE-2018-7725,group-row-6617,validation,train
row-6623,CWE-119,zziplib,596d9dfce2624e849417d4301e8d67935608aa5e,CVE-2018-7725,group-row-6617,validation,train
row-6624,CWE-119,zziplib,596d9dfce2624e849417d4301e8d67935608aa5e,CVE-2018-7725,group-row-6617,validation,train
row-6625,CWE-119,zziplib,596d9dfce2624e849417d4301e8d67935608aa5e,CVE-2018-7725,group-row-6617,validation,train
row-6626,CWE-119,zziplib,596d9dfce2624e849417d4301e8d67935608aa5e,CVE-2018-7725,group-row-6617,validation,train
row-6627,CWE-119,zziplib,596d9dfce2624e849417d4301e8d67935608aa5e,CVE-2018-7725,group-row-6617,validation,train
row-6628,CWE-119,zziplib,596d9dfce2624e849417d4301e8d67935608aa5e,CVE-2018-7725,group-row-6617,validation,train
row-6629,CWE-119,zziplib,596d9dfce2624e849417d4301e8d67935608aa5e,CVE-2018-7725,group-row-6617,validation,train
row-6630,CWE-119,zziplib,596d9dfce2624e849417d4301e8d67935608aa5e,CVE-2018-7725,group-row-6617,validation,train
row-6631,CWE-119,zziplib,596d9dfce2624e849417d4301e8d67935608aa5e,CVE-2018-7725,group-row-6617,validation,train
row-6632,CWE-119,zziplib,596d9dfce2624e849417d4301e8d67935608aa5e,CVE-2018-7725,group-row-6617,validation,train
row-6633,CWE-119,zziplib,596d9dfce2624e849417d4301e8d67935608aa5e,CVE-2018-7725,group-row-6617,validation,train
row-6634,CWE-119,zziplib,596d9dfce2624e849417d4301e8d67935608aa5e,CVE-2018-7725,group-row-6617,validation,train
row-6635,CWE-119,zziplib,596d9dfce2624e849417d4301e8d67935608aa5e,CVE-2018-7725,group-row-6617,validation,train
row-6636,CWE-119,zziplib,596d9dfce2624e849417d4301e8d67935608aa5e,CVE-2018-7725,group-row-6617,validation,train
row-6637,CWE-119,zziplib,596d9dfce2624e849417d4301e8d67935608aa5e,CVE-2018-7725,group-row-6617,validation,train
row-6638,CWE-119,zziplib,19c9e4dc6c5cf92a38d0d23dbccac6993f9c41be,CVE-2018-7726,group-row-6638,validation,train
row-6639,CWE-119,zziplib,feae4da1a5c92100c44ebfcbaaa895959cc0829b,CVE-2018-7726,group-row-6638,validation,train
row-6644,CWE-787,vorbis,667ceb4aab60c1f74060143bb24e5f427b3cce5f,CVE-2018-5146,group-row-6644,train,train
row-6645,CWE-787,vorbis,667ceb4aab60c1f74060143bb24e5f427b3cce5f,CVE-2018-5146,group-row-6644,train,train
row-6646,CWE-787,vorbis,667ceb4aab60c1f74060143bb24e5f427b3cce5f,CVE-2018-5146,group-row-6644,train,train
row-6664,CWE-119,staging,4c41aa24baa4ed338241d05494f2c595c885af8f,CVE-2018-8822,group-row-6664,train,train
row-6667,CWE-787,libtiff,58a898cb4459055bb488ca815c23b880c242a27d,CVE-2018-8905,group-row-6667,train,train
row-6668,CWE-125,nasm,3144e84add8b152cc7a71e44617ce6f21daa4ba3,CVE-2018-8881,group-row-6668,train,train
row-6669,CWE-787,librelp,2cfe657672636aa5d7d2a14cfcb0a6ab9d1f00cf,CVE-2018-1000140,group-row-6669,train,train
row-6680,CWE-20,cups,49fa4983f25b64ec29d548ffa3b9782426007df3,,group-row-6680,train,train
row-6681,CWE-617,jasper,e6c8d5a838b49f94616be14753aa5c89d64605b5,CVE-2018-9055,group-row-6681,train,train
row-6682,CWE-617,jasper,e6c8d5a838b49f94616be14753aa5c89d64605b5,CVE-2018-9055,group-row-6681,train,train
row-6683,CWE-617,jasper,e6c8d5a838b49f94616be14753aa5c89d64605b5,CVE-2018-9055,group-row-6681,train,train
row-6684,CWE-617,jasper,e6c8d5a838b49f94616be14753aa5c89d64605b5,CVE-2018-9055,group-row-6681,train,train
row-6685,CWE-617,jasper,e6c8d5a838b49f94616be14753aa5c89d64605b5,CVE-2018-9055,group-row-6681,train,train
row-6686,CWE-617,jasper,e6c8d5a838b49f94616be14753aa5c89d64605b5,CVE-2018-9055,group-row-6681,train,train
row-6687,CWE-617,jasper,e6c8d5a838b49f94616be14753aa5c89d64605b5,CVE-2018-9055,group-row-6681,train,train
row-6688,CWE-476,ImageMagick,2f368e74a51ec7541b6595af712d17d6d1376534,CVE-2017-18250,group-row-6688,train,train
row-6690,CWE-617,ImageMagick,12f34b60564de1cbec08e23e2413dab5b64daeb7,CVE-2017-18252,group-row-6690,train,train
row-6691,CWE-476,ImageMagick,de5deab202c340162b65f65bafbbe17b1eda2c1a,CVE-2017-18253,group-row-6691,train,test
row-6693,CWE-20,ruby,8794dec6a5f11adc5cdd19a5ee91ea6b0816763f,CVE-2018-8779,group-row-6693,validation,validation
row-6694,CWE-20,ruby,b78fa27ae0b717c5569878c106a67d5047e5fb88,CVE-2018-8779,group-row-6693,validation,validation
row-6695,CWE-20,ruby,47165eed264d357e78e27371cfef20d5c2bde5d9,CVE-2018-8779,group-row-6693,validation,validation
row-6696,CWE-22,ruby,bd5661a3cbb38a8c3a3ea10cd76c88bbef7871b8,CVE-2018-8780,group-row-6696,validation,test
row-6697,CWE-22,ruby,bd5661a3cbb38a8c3a3ea10cd76c88bbef7871b8,CVE-2018-8780,group-row-6696,validation,test
row-6698,CWE-22,ruby,bd5661a3cbb38a8c3a3ea10cd76c88bbef7871b8,CVE-2018-8780,group-row-6696,validation,test
row-6699,CWE-22,ruby,bd5661a3cbb38a8c3a3ea10cd76c88bbef7871b8,CVE-2018-8780,group-row-6696,validation,test
row-6700,CWE-22,ruby,bd5661a3cbb38a8c3a3ea10cd76c88bbef7871b8,CVE-2018-8780,group-row-6696,validation,test
row-6701,CWE-22,ruby,143eb22f1877815dd802f7928959c5f93d4c7bb3,CVE-2018-8780,group-row-6696,validation,test
row-6702,CWE-22,ruby,143eb22f1877815dd802f7928959c5f93d4c7bb3,CVE-2018-8780,group-row-6696,validation,test
row-6703,CWE-22,ruby,143eb22f1877815dd802f7928959c5f93d4c7bb3,CVE-2018-8780,group-row-6696,validation,test
row-6704,CWE-190,linux,1572e45a924f254d9570093abde46430c3172e3d,,group-row-6704,train,train
row-6705,CWE-125,ImageMagick,361ed689cc8e56fd125f9d0d6508e9eb303bdca6,CVE-2018-9135,group-row-6705,train,train
row-6706,CWE-416,linux,362bca57f5d78220f8b5907b875961af9436e229,CVE-2017-0861,group-row-6706,train,train
row-6707,CWE-787,linux,9a59b62fd88196844cee5fff851bee2cfd7afb6e,CVE-2017-0750,group-row-6707,train,train
row-6708,CWE-20,patch,123eaff0d5d1aebe128295959435b9ca5909c26d,CVE-2018-1000156,group-row-6708,test,train
row-6709,CWE-200,yubico-pam,0f6ceabab0a8849b47f67d727aa526c2656089ba,CVE-2018-9275,group-row-6709,train,train
row-6713,CWE-835,libxml2,2240fbf5912054af025fb6e01e26375100275e74,CVE-2018-9251,group-row-6713,test,train
row-6714,CWE-617,jasper,6cd1e1d8aff56d0d86d4e7d1e7e3e4dd1c64b55d,CVE-2018-9252,group-row-6714,train,train
row-6715,CWE-617,jasper,6cd1e1d8aff56d0d86d4e7d1e7e3e4dd1c64b55d,CVE-2018-9252,group-row-6714,train,train
row-6716,CWE-617,jasper,6cd1e1d8aff56d0d86d4e7d1e7e3e4dd1c64b55d,CVE-2018-9252,group-row-6714,train,train
row-6717,CWE-190,linux,b86e33075ed1909d8002745b56ecf73b833db143,,group-row-6717,train,train
row-6727,CWE-770,libxml2,e2a9122b8dde53d320750451e9907a7dcb2ca8bb,CVE-2017-18258,group-row-6727,test,train
row-6729,CWE-476,linux,9903e41ae1f5d50c93f268ca3304d4d7c64b9311,,group-row-6729,train,validation
row-6730,CWE-20,linux,dd83c161fbcc5d8be637ab159c0de015cbff5ba4,,group-row-6730,train,train
row-6732,CWE-476,linux,27ae357fa82be5ab73b2ef8d39dcb8ca2563483a,CVE-2018-1000200,group-row-6732,train,train
row-6733,CWE-476,linux,27ae357fa82be5ab73b2ef8d39dcb8ca2563483a,CVE-2018-1000200,group-row-6732,train,train
row-6734,CWE-476,linux,27ae357fa82be5ab73b2ef8d39dcb8ca2563483a,CVE-2018-1000200,group-row-6732,train,train
row-6740,CWE-119,ghostpdl,39b1e54b2968620723bf32e96764c88797714879,CVE-2018-10194,group-row-6740,test,train
row-6741,CWE-119,haproxy,3f0e1ec70173593f4c2b3681b26c04a4ed5fc588,CVE-2018-10184,group-row-6741,test,test
row-6742,CWE-119,gegl,c83b05d565a1e3392c9606a4ecaa560eb9a4ee29,CVE-2018-10114,group-row-6742,validation,validation
row-6748,CWE-835,ImageMagick6,9eda4b36a8695e4a0cd27bea28b9c173c68a01ec,CVE-2018-10177,group-row-6748,train,train
row-6749,CWE-125,php-src,b4e4788c4461449b4587e19ef1f474ce938e4980,CVE-2018-10549,group-row-6749,validation,train
row-6750,CWE-835,php-src,06d309fd7a917575d65c7a6f4f57b0e6bb0f9711,CVE-2018-10546,group-row-6750,validation,train
row-6751,CWE-476,php-src,49782c54994ecca2ef2a061063bd5a7079c43527,CVE-2018-10548,group-row-6751,validation,train
row-6756,CWE-787,WavPack,6f8bb34c2993a48ab9afbe353e6d0cff7c8d821d,,group-row-6756,train,train
row-6757,CWE-787,WavPack,6f8bb34c2993a48ab9afbe353e6d0cff7c8d821d,,group-row-6756,train,train
row-6758,CWE-787,WavPack,6f8bb34c2993a48ab9afbe353e6d0cff7c8d821d,,group-row-6756,train,train
row-6759,CWE-416,linux,73223e4e2e3867ebf033a5a8eb2e5df0158ccc99,,group-row-6759,train,train
row-6760,CWE-119,linux,7f7ccc2ccc2e70c6054685f5e3522efa81556830,CVE-2018-1120,group-row-6760,train,test
row-6761,CWE-119,linux,7f7ccc2ccc2e70c6054685f5e3522efa81556830,CVE-2018-1120,group-row-6760,train,test
row-6762,CWE-119,linux,7f7ccc2ccc2e70c6054685f5e3522efa81556830,CVE-2018-1120,group-row-6760,train,test
row-6763,CWE-20,wget,1fc9c95ec144499e69dc8ec76dbe07799d7d82cd,CVE-2018-0494,group-row-6763,test,train
row-6790,CWE-125,libgxps,b458226e162fe1ffe7acb4230c114a52ada5131b,CVE-2018-10733,group-row-6790,train,train
row-6791,CWE-125,libgxps,b458226e162fe1ffe7acb4230c114a52ada5131b,CVE-2018-10733,group-row-6790,train,train
row-6792,CWE-125,libgxps,b458226e162fe1ffe7acb4230c114a52ada5131b,CVE-2018-10733,group-row-6790,train,train
row-6793,CWE-125,libgxps,133fe2a96e020d4ca65c6f64fb28a404050ebbfd,CVE-2018-10733,group-row-6790,train,train
row-6794,CWE-476,linux,67f93df79aeefc3add4e4b31a752600f834236e2,CVE-2018-1130,group-row-6794,train,train
row-6795,CWE-787,abcm2ps,dc0372993674d0b50fedfbf7b9fad1239b8efc5f,CVE-2018-10771,group-row-6795,train,train
row-6797,CWE-617,libtiff,de144fd228e4be8aa484c3caf3d814b6fa88c6d9,CVE-2018-10963,group-row-6797,train,train
row-6798,CWE-787,pdns,f9c57c98da1b1007a51680629b667d57d9b702b8,CVE-2018-1046,group-row-6798,train,train
row-6799,CWE-369,libjpeg-turbo,82923eb93a2eacf4a593e00e3e672bbb86a8a3a0,CVE-2018-11212,group-row-6799,test,train
row-6804,CWE-20,samba,0998f2f1bced019db4000ef4b55887abcb65f6d2,CVE-2018-1140,group-row-6804,train,train
row-6805,CWE-20,samba,3f95957d6de321c803a66f3ec67a8ff09befd16d,CVE-2018-1140,group-row-6804,train,train
row-6806,CWE-20,samba,3c1fbb18321f61df44d7b0f0c7452ae230960293,CVE-2018-1140,group-row-6804,train,train
row-6807,CWE-20,samba,3c1fbb18321f61df44d7b0f0c7452ae230960293,CVE-2018-1140,group-row-6804,train,train
row-6808,CWE-20,samba,3c1fbb18321f61df44d7b0f0c7452ae230960293,CVE-2018-1140,group-row-6804,train,train
row-6809,CWE-20,samba,3c1fbb18321f61df44d7b0f0c7452ae230960293,CVE-2018-1140,group-row-6804,train,train
row-6811,CWE-703,linux,237bbd29f7a049d310d907f4b2716a7feef9abf3,,group-row-6811,train,train
row-6812,CWE-703,linux,237bbd29f7a049d310d907f4b2716a7feef9abf3,,group-row-6811,train,train
row-6813,CWE-703,linux,237bbd29f7a049d310d907f4b2716a7feef9abf3,,group-row-6811,train,train
row-6814,CWE-415,upx,d9288213ec156dffc435566b9d393d23e87c6914,CVE-2018-11243,group-row-6814,train,validation
row-6815,CWE-415,upx,d9288213ec156dffc435566b9d393d23e87c6914,CVE-2018-11243,group-row-6814,train,validation
row-6816,CWE-415,upx,d9288213ec156dffc435566b9d393d23e87c6914,CVE-2018-11243,group-row-6814,train,validation
row-6817,CWE-415,upx,d9288213ec156dffc435566b9d393d23e87c6914,CVE-2018-11243,group-row-6814,train,validation
row-6818,CWE-415,upx,d9288213ec156dffc435566b9d393d23e87c6914,CVE-2018-11243,group-row-6814,train,validation
row-6819,CWE-415,upx,d9288213ec156dffc435566b9d393d23e87c6914,CVE-2018-11243,group-row-6814,train,validation
row-6820,CWE-125,ImageMagick,73fbc6a557b4f63af18b2debe83f817859ef7481,CVE-2018-11251,group-row-6820,train,train
row-6821,CWE-125,linux,794b4bc292f5d31739d89c0202c54e7dc9bc3add,CVE-2017-13305,group-row-6821,train,train
row-6822,CWE-787,linux,8a2b307c21d4b290e3cbe33f768f194286d07c23,CVE-2018-10840,group-row-6822,train,train
row-6823,CWE-416,linux,117166efb1ee8f13c38f9e96b258f16d4923f888,CVE-2018-11412,group-row-6823,train,train
row-6824,CWE-416,linux,eb9b5f01c33adebc31cbc236c02695f605b0e417,CVE-2018-11412,group-row-6823,train,train
row-6825,CWE-416,linux,eb9b5f01c33adebc31cbc236c02695f605b0e417,CVE-2018-11412,group-row-6823,train,train
row-6828,CWE-200,linux,0a0b98734479aa5b3c671d5190e86273372cab95,,group-row-6828,train,train
row-6829,CWE-125,git,11a9f4d807a0d71dc6eff51bb87baf4ca2cccf1d,CVE-2018-11233,group-row-6829,train,test
row-6830,CWE-416,ImageMagick6,172d82afe89d3499ef0cab06dc58d380cc1ab946,CVE-2018-11624,group-row-6830,train,train
row-6831,CWE-125,ImageMagick,5294966898532a6bd54699fbf04edf18902513ac,CVE-2018-11625,group-row-6831,train,validation
row-6832,CWE-20,slurm,033dc0d1d28b8d2ba1a5187f564a01c15187eb4e,CVE-2018-10995,group-row-6832,train,train
row-6833,CWE-20,slurm,033dc0d1d28b8d2ba1a5187f564a01c15187eb4e,CVE-2018-10995,group-row-6832,train,train
row-6834,CWE-20,slurm,033dc0d1d28b8d2ba1a5187f564a01c15187eb4e,CVE-2018-10995,group-row-6832,train,train
row-6835,CWE-20,slurm,033dc0d1d28b8d2ba1a5187f564a01c15187eb4e,CVE-2018-10995,group-row-6832,train,train
row-6836,CWE-20,slurm,033dc0d1d28b8d2ba1a5187f564a01c15187eb4e,CVE-2018-10995,group-row-6832,train,train
row-6837,CWE-20,slurm,033dc0d1d28b8d2ba1a5187f564a01c15187eb4e,CVE-2018-10995,group-row-6832,train,train
row-6838,CWE-20,slurm,df545955e4f119974c278bff0c47155257d5afc7,CVE-2018-10995,group-row-6832,train,train
row-6839,CWE-20,slurm,df545955e4f119974c278bff0c47155257d5afc7,CVE-2018-10995,group-row-6832,train,train
row-6840,CWE-20,slurm,df545955e4f119974c278bff0c47155257d5afc7,CVE-2018-10995,group-row-6832,train,train
row-6841,CWE-20,slurm,df545955e4f119974c278bff0c47155257d5afc7,CVE-2018-10995,group-row-6832,train,train
row-6842,CWE-20,slurm,df545955e4f119974c278bff0c47155257d5afc7,CVE-2018-10995,group-row-6832,train,train
row-6843,CWE-20,slurm,df545955e4f119974c278bff0c47155257d5afc7,CVE-2018-10995,group-row-6832,train,train
row-6844,CWE-20,slurm,df545955e4f119974c278bff0c47155257d5afc7,CVE-2018-10995,group-row-6832,train,train
row-6845,CWE-20,slurm,df545955e4f119974c278bff0c47155257d5afc7,CVE-2018-10995,group-row-6832,train,train
row-6846,CWE-200,ghostpdl,b60d50b7567369ad856cebe1efb6cd7dd2284219,CVE-2018-11645,group-row-6846,test,train
row-6847,CWE-200,ghostpdl,b60d50b7567369ad856cebe1efb6cd7dd2284219,CVE-2018-11645,group-row-6846,test,train
row-6859,CWE-787,liblouis,d4fc803687e38a5355fb686bf98cc082951f3043,CVE-2018-11683,group-row-6859,train,train
row-6860,CWE-787,liblouis,fb2bfce4ed49ac4656a8f7e5b5526e4838da1dde,CVE-2018-11684,group-row-6860,train,test
row-6861,CWE-787,liblouis,b5049cb17ae3d15b2b26890de0e24d0fecc080f5,CVE-2018-11685,group-row-6861,train,validation
row-6862,CWE-125,libsass,8f40dc03e5ab5a8b2ebeb72b31f8d1adbb2fd6ae,CVE-2018-11698,group-row-6862,train,train
row-6863,CWE-125,libsass,eb15533b07773c30dc03c9d742865604f47120ef,CVE-2018-11697,group-row-6863,train,train
row-6864,CWE-476,libsass,38f4c3699d06b64128bebc7cf1e8b3125be74dc4,CVE-2018-11696,group-row-6864,train,train
row-6865,CWE-476,libsass,38f4c3699d06b64128bebc7cf1e8b3125be74dc4,CVE-2018-11696,group-row-6864,train,train
row-6866,CWE-476,libsass,0bc35e3d26922229d5a3e3308860cf0fcee5d1cf,CVE-2018-11695,group-row-6866,train,test
row-6867,CWE-476,libsass,0bc35e3d26922229d5a3e3308860cf0fcee5d1cf,CVE-2018-11695,group-row-6866,train,test
row-6868,CWE-476,libsass,0bc35e3d26922229d5a3e3308860cf0fcee5d1cf,CVE-2018-11695,group-row-6866,train,test
row-6869,CWE-125,libsass,b3374e3fd1a0c3658644d2bad24e4a0ff2e0dcea,CVE-2018-11693,group-row-6869,train,train
row-6874,CWE-787,liblouis,dbfa58bb128cae86729578ac596056b3385817ef,CVE-2018-12085,group-row-6874,train,train
row-6875,CWE-125,file,a642587a9c9e2dd7feacdf513c3643ce26ad3c22,CVE-2018-10360,group-row-6875,validation,train
row-6890,CWE-415,linux,39675f7a7c7e7702f7d5341f1e0d01db746543a0,CVE-2018-10902,group-row-6890,train,train
row-6891,CWE-415,linux,39675f7a7c7e7702f7d5341f1e0d01db746543a0,CVE-2018-10902,group-row-6890,train,train
row-6892,CWE-119,linux,b5a8ffcae4103a9d823ea3aa3a761f65779fbe2a,CVE-2018-5848,group-row-6892,train,train
row-6901,CWE-369,libjpeg-turbo,43e84cff1bb2bd8293066f6ac4eb0df61ddddbc6,,group-row-6901,test,train
row-6902,CWE-190,qemu,141b197408ab398c4f474ac1a728ab316e921f2b,CVE-2018-12617,group-row-6902,train,train
row-6903,CWE-190,qemu,141b197408ab398c4f474ac1a728ab316e921f2b,CVE-2018-12617,group-row-6902,train,train
row-6906,CWE-787,ImageMagick6,081f518eb9cb38e683b8b9ccb9e4ab5c52f82c2f,CVE-2018-12599,group-row-6906,train,train
row-6907,CWE-787,ImageMagick6,081f518eb9cb38e683b8b9ccb9e4ab5c52f82c2f,CVE-2018-12599,group-row-6906,train,train
row-6908,CWE-787,ImageMagick,ae04fa4be910255e5d363edebd77adeee99a525d,CVE-2018-12599,group-row-6906,train,train
row-6909,CWE-787,ImageMagick,ae04fa4be910255e5d363edebd77adeee99a525d,CVE-2018-12599,group-row-6906,train,train
row-6910,CWE-787,ImageMagick6,ae71c12bbaa34d942e036824ff389c22b7dacade,CVE-2018-12600,group-row-6910,train,train
row-6911,CWE-787,ImageMagick6,ae71c12bbaa34d942e036824ff389c22b7dacade,CVE-2018-12600,group-row-6910,train,train
row-6912,CWE-787,ImageMagick,921f208c2ea3cc45847f380257f270ff424adfff,CVE-2018-12600,group-row-6910,train,train
row-6913,CWE-787,ImageMagick,921f208c2ea3cc45847f380257f270ff424adfff,CVE-2018-12600,group-row-6910,train,train
row-6919,CWE-416,php-src,3fdde65617e9f954e2c964768aac8831005497e5,CVE-2018-12882,group-row-6919,validation,train
row-6961,CWE-120,busybox,8e2174e9bd836e53c8b9c6e00d1bc6e2a718686e,CVE-2018-1000517,group-row-6961,train,test
row-6962,CWE-120,busybox,8e2174e9bd836e53c8b9c6e00d1bc6e2a718686e,CVE-2018-1000517,group-row-6961,train,test
row-6963,CWE-295,busybox,45fa3f18adf57ef9d743038743d9c90573aeeb91,CVE-2018-1000500,group-row-6963,train,validation
row-6965,CWE-787,linux,70303420b5721c38998cf987e6b7d30cc62d4ff1,CVE-2018-12714,group-row-6965,train,train
row-6966,CWE-476,libxml2,a436374994c47b12d5de1b8b1d191a098fa23594,CVE-2018-14404,group-row-6966,test,train
row-6967,CWE-20,spice-common,bb15d4815ab586b4c4a20f4a565970a44824c42c,CVE-2018-10873,group-row-6967,train,train
row-6968,CWE-416,linux,8844618d8aa7a9973e7b527d038a2a589665002c,CVE-2018-10876,group-row-6968,train,train
row-6969,CWE-416,linux,8844618d8aa7a9973e7b527d038a2a589665002c,CVE-2018-10876,group-row-6968,train,train
row-6970,CWE-416,linux,8844618d8aa7a9973e7b527d038a2a589665002c,CVE-2018-10876,group-row-6968,train,train
row-6971,CWE-416,linux,8844618d8aa7a9973e7b527d038a2a589665002c,CVE-2018-10876,group-row-6968,train,train
row-6972,CWE-416,linux,8844618d8aa7a9973e7b527d038a2a589665002c,CVE-2018-10876,group-row-6968,train,train
row-6973,CWE-416,linux,8844618d8aa7a9973e7b527d038a2a589665002c,CVE-2018-10876,group-row-6968,train,train
row-6974,CWE-125,linux,bc890a60247171294acc0bd67d211fa4b88d40ba,CVE-2018-10877,group-row-6974,train,train
row-6975,CWE-787,linux,819b23f1c501b17b9694325471789e6b5cc2d0d2,CVE-2018-10878,group-row-6975,train,test
row-6976,CWE-787,linux,77260807d1170a8cf35dbb06e07461a655f67eee,CVE-2018-10878,group-row-6975,train,test
row-6977,CWE-416,linux,5369a762c882c0b6e9599e4ebbb3a9ba9eee7e2d,CVE-2018-10879,group-row-6977,train,train
row-6978,CWE-416,linux,513f86d73855ce556ea9522b6bfd79f87356dc3a,CVE-2018-10879,group-row-6977,train,train
row-6979,CWE-787,linux,8cdb5240ec5928b20490a2bb34cb87e9a5f40226,CVE-2018-10880,group-row-6979,train,train
row-6980,CWE-119,linux,6e8ab72a812396996035a37e5ca4b3b99b5d214b,CVE-2018-10881,group-row-6980,train,train
row-6981,CWE-787,linux,c37e9e013469521d9adb932d17a1795c139b36db,CVE-2018-10882,group-row-6981,train,train
row-6982,CWE-787,linux,c37e9e013469521d9adb932d17a1795c139b36db,CVE-2018-10882,group-row-6981,train,train
row-6983,CWE-787,linux,c37e9e013469521d9adb932d17a1795c139b36db,CVE-2018-10882,group-row-6981,train,train
row-6984,CWE-787,linux,8bc1379b82b8e809eef77a9fedbb75c6c297be19,CVE-2018-10883,group-row-6984,train,train
row-6985,CWE-787,linux,8bc1379b82b8e809eef77a9fedbb75c6c297be19,CVE-2018-10883,group-row-6984,train,train
row-6986,CWE-787,linux,8bc1379b82b8e809eef77a9fedbb75c6c297be19,CVE-2018-10883,group-row-6984,train,train
row-6987,CWE-787,linux,e09463f220ca9a1a1ecfda84fcda658f99a1f12a,CVE-2018-10883,group-row-6984,train,train
row-6988,CWE-190,linux,5f936e19cc0ef97dbe3a56e9498922ad5ba1edef,CVE-2018-13053,group-row-6988,train,train
row-6989,CWE-190,linux,78c9c4dfbf8c04883941445a195276bb4bb92c76,,group-row-6989,train,train
row-6990,CWE-190,linux,78c9c4dfbf8c04883941445a195276bb4bb92c76,,group-row-6989,train,train
row-6991,CWE-190,linux,78c9c4dfbf8c04883941445a195276bb4bb92c76,,group-row-6989,train,train
row-6992,CWE-190,linux,78c9c4dfbf8c04883941445a195276bb4bb92c76,,group-row-6989,train,train
row-6993,CWE-190,linux,78c9c4dfbf8c04883941445a195276bb4bb92c76,,group-row-6989,train,train
row-6994,CWE-190,linux,78c9c4dfbf8c04883941445a195276bb4bb92c76,,group-row-6989,train,train
row-6995,CWE-190,linux,78c9c4dfbf8c04883941445a195276bb4bb92c76,,group-row-6989,train,train
row-6996,CWE-476,linux,afca6c5b2595fc44383919fba740c194b0b76aff,,group-row-6996,train,train
row-6997,CWE-476,linux,afca6c5b2595fc44383919fba740c194b0b76aff,,group-row-6996,train,train
row-6999,CWE-476,linux,bb3d48dcf86a97dc25fe9fc2c11938e19cb4399a,,group-row-6999,train,train
row-7001,CWE-125,linux,e34438c903b653daca2b2a7de95aed46226f8ed3,CVE-2018-13096,group-row-7001,train,validation
row-7002,CWE-125,linux,e34438c903b653daca2b2a7de95aed46226f8ed3,CVE-2018-13096,group-row-7001,train,validation
row-7003,CWE-125,libsoup,db2b0d5809d5f8226d47312b40992cadbcde439f,CVE-2018-12910,group-row-7003,train,train
row-7006,CWE-125,libgit2,9844d38bed10e9ff17174434b3421b227ae710f3,,group-row-7006,train,train
row-7010,CWE-190,linux,9f645bcc566a1e9f921bdae7528a01ced5bc3713,,group-row-7010,train,train
row-7012,CWE-369,libpng,2dca15686fadb1b8951cb29b02bad4cae73448da,CVE-2018-13785,group-row-7012,test,train
row-7013,CWE-369,libpng,2dca15686fadb1b8951cb29b02bad4cae73448da,CVE-2018-13785,group-row-7012,test,train
row-7015,CWE-617,soundtouch,107f2c5d201a4dfea1b7f15c5957ff2ac9e5f260,CVE-2018-14044,group-row-7015,train,train
row-7016,CWE-617,soundtouch,107f2c5d201a4dfea1b7f15c5957ff2ac9e5f260,CVE-2018-14044,group-row-7015,train,train
row-7017,CWE-617,soundtouch,107f2c5d201a4dfea1b7f15c5957ff2ac9e5f260,CVE-2018-14044,group-row-7015,train,train
row-7018,CWE-617,soundtouch,107f2c5d201a4dfea1b7f15c5957ff2ac9e5f260,CVE-2018-14044,group-row-7015,train,train
row-7025,CWE-119,mutt,6aed28b40a0410ec47d40c8c7296d8d10bae7576,CVE-2018-14362,group-row-7025,test,train
row-7026,CWE-119,mutt,6aed28b40a0410ec47d40c8c7296d8d10bae7576,CVE-2018-14362,group-row-7025,test,train
row-7027,CWE-119,mutt,6aed28b40a0410ec47d40c8c7296d8d10bae7576,CVE-2018-14362,group-row-7025,test,train
row-7028,CWE-119,mutt,6aed28b40a0410ec47d40c8c7296d8d10bae7576,CVE-2018-14362,group-row-7025,test,train
row-7029,CWE-22,mutt,31eef6c766f47df8281942d19f76e35f475c781d,CVE-2018-14355,group-row-7029,test,train
row-7049,CWE-787,mutt,3287534daa3beac68e2e83ca4b4fe8a3148ff870,CVE-2018-14350,group-row-7049,test,train
row-7050,CWE-20,mutt,9347b5c01dc52682cb6be11539d9b7ebceae4416,CVE-2018-14349,group-row-7050,test,test
row-7051,CWE-20,mutt,e57a8602b45f58edf7b3ffb61bb17525d75dfcb1,CVE-2018-14351,group-row-7051,test,validation
row-7058,CWE-120,mutt,3d9028fec8f4d08db2251096307c0bbbebce669a,CVE-2018-14359,group-row-7058,test,train
row-7059,CWE-120,mutt,3d9028fec8f4d08db2251096307c0bbbebce669a,CVE-2018-14359,group-row-7058,test,train
row-7060,CWE-120,mutt,3d9028fec8f4d08db2251096307c0bbbebce669a,CVE-2018-14359,group-row-7058,test,train
row-7061,CWE-416,linux,65d8fc777f6dcfee12785c057a6b57f679641c90,CVE-2018-9422,group-row-7061,train,train
row-7062,CWE-416,linux,48fb6f4db940e92cfb16cd878cddd59ea6120d06,CVE-2018-9422,group-row-7061,train,train
row-7063,CWE-400,mod_h2,83a2e3866918ce6567a683eb4c660688d047ee81,CVE-2018-1333,group-row-7063,train,train
row-7064,CWE-400,mod_h2,83a2e3866918ce6567a683eb4c660688d047ee81,CVE-2018-1333,group-row-7063,train,train
row-7065,CWE-476,mod_md,e71001955809247b3aa4d269e1e0741b4fe0fc3d,CVE-2018-8011,group-row-7065,train,validation
row-7066,CWE-476,mod_md,e71001955809247b3aa4d269e1e0741b4fe0fc3d,CVE-2018-8011,group-row-7065,train,validation
row-7067,CWE-476,mod_md,e71001955809247b3aa4d269e1e0741b4fe0fc3d,CVE-2018-8011,group-row-7065,train,validation
row-7068,CWE-476,mod_md,e71001955809247b3aa4d269e1e0741b4fe0fc3d,CVE-2018-8011,group-row-7065,train,validation
row-7077,CWE-119,soundtouch,9e02d9b04fda6c1f44336ff00bb5af1e2ffc039e,CVE-2018-1000223,group-row-7077,train,validation
row-7078,CWE-119,soundtouch,e0240689056e4182fffdc2a16aa6e3425a15e275,CVE-2018-1000223,group-row-7077,train,validation
row-7079,CWE-119,soundtouch,46531e5b92dd80dd9a7947463d6224fc7cb21967,CVE-2018-1000223,group-row-7077,train,validation
row-7080,CWE-125,php-src,1baeae42703f9b2ec21fff787146eeca08d45535,CVE-2018-14883,group-row-7080,validation,train
row-7081,CWE-125,php-src,3462efa386f26d343062094514af604c29e3edce,CVE-2018-14851,group-row-7081,validation,test
row-7090,CWE-190,LibRaw,4554e24ce24beaef5d0ef48372801cfd91039076,CVE-2018-5815,group-row-7090,train,train
row-7092,CWE-787,ImageMagick6,db7a4be592328af06d776ce3bab24b8c6de5be20,CVE-2018-14551,group-row-7092,train,train
row-7093,CWE-787,ImageMagick,389ecc365a7c61404ba078a72c3fa5a3cf1b4101,CVE-2018-14551,group-row-7092,train,train
row-7094,CWE-787,ImageMagick6,e806bc5559474b19114faf235266dbb8f6b206ee,CVE-2018-14551,group-row-7092,train,train
row-7098,CWE-125,linux,cef31d9af908243421258f1df35a4a644604efbe,,group-row-7098,train,test
row-7099,CWE-125,linux,cef31d9af908243421258f1df35a4a644604efbe,,group-row-7098,train,test
row-7100,CWE-125,linux,cef31d9af908243421258f1df35a4a644604efbe,,group-row-7098,train,test
row-7103,CWE-476,php-src,0e097f2c96ce31b16fa371981045f224e5a37160,CVE-2018-14884,group-row-7103,validation,train
row-7106,CWE-200,linux,ad67b74d2469d9b82aaa572d76474c95bc484d57,,group-row-7106,train,train
row-7107,CWE-200,linux,ad67b74d2469d9b82aaa572d76474c95bc484d57,,group-row-7106,train,train
row-7108,CWE-200,linux,ad67b74d2469d9b82aaa572d76474c95bc484d57,,group-row-7106,train,train
row-7124,CWE-200,linux,5800dc5c19f34e6e03b5adab1282535cb102fafd,,group-row-7124,train,train
row-7125,CWE-200,linux,5800dc5c19f34e6e03b5adab1282535cb102fafd,,group-row-7124,train,train
row-7128,CWE-415,libgd,ac16bdf2d41724b5a65255d4c28fb0ec46bc42f5,CVE-2018-1000222,group-row-7128,validation,train
row-7129,CWE-415,libgd,ac16bdf2d41724b5a65255d4c28fb0ec46bc42f5,CVE-2018-1000222,group-row-7128,validation,train
row-7130,CWE-20,linux,b32a7dc8aef1882fbf983eb354837488cc9d54dc,CVE-2018-14619,group-row-7130,train,train
row-7131,CWE-20,linux,b32a7dc8aef1882fbf983eb354837488cc9d54dc,CVE-2018-14619,group-row-7130,train,train
row-7132,CWE-835,linux,40413955ee265a5e42f710940ec78f5450d49149,CVE-2018-10938,group-row-7132,train,train
row-7133,CWE-190,curl,57d299a499155d4b327e341c6024e293b0418243,CVE-2018-14618,group-row-7133,train,train
row-7134,CWE-400,ImageMagick,23acdce3651447328c6ef71ede20ee60637ba39d,CVE-2018-15607,group-row-7134,train,test
row-7135,CWE-400,ImageMagick6,d5e7c2b5ba384e7d0d8ddac6c9ae2319cb74b9c5,CVE-2018-15607,group-row-7134,train,test
row-7147,CWE-476,libxkbcommon,917636b1d0d70205a13f89062b95e3a0fc31d4ff,,group-row-7147,train,train
row-7148,CWE-835,libxkbcommon,842e4351c2c97de6051cab6ce36b4a81e709a0e1,CVE-2018-15856,group-row-7148,train,train
row-7150,CWE-476,libxkbcommon,badb428e63387140720f22486b3acbd3d738859f,,group-row-7150,train,train
row-7151,CWE-476,libxkbcommon,bb4909d2d8fa6b08155e449986a478101e2b2634,,group-row-7151,train,train
row-7152,CWE-476,libxkbcommon,38e1766bc6e20108948aec8a0b222a4bad0254e9,,group-row-7152,train,test
row-7153,CWE-476,libxkbcommon,4e2ee9c3f6050d773f8bbe05bc0edb17f1ff8371,,group-row-7153,train,validation
row-7154,CWE-476,libxkbcommon,96df3106d49438e442510c59acad306e94f3db4d,,group-row-7154,train,train
row-7155,CWE-787,linux,7992c18810e568b95c869b227137a2215702a805,CVE-2018-9363,group-row-7155,train,train
row-7157,CWE-476,ImageMagick,107ce8577e818cf4801e5a59641cb769d645cc95,CVE-2018-16328,group-row-7157,train,train
row-7158,CWE-476,ImageMagick,2c75f301d9ac84f91071393b02d8c88c8341c91c,CVE-2018-16329,group-row-7158,train,train
row-7159,CWE-476,ImageMagick,2c75f301d9ac84f91071393b02d8c88c8341c91c,CVE-2018-16329,group-row-7158,train,train
row-7160,CWE-476,ImageMagick,2c75f301d9ac84f91071393b02d8c88c8341c91c,CVE-2018-16329,group-row-7158,train,train
row-7161,CWE-476,ImageMagick6,5bf7ff59c8ada957d6a681a0a2cc29f3813ad4bc,CVE-2018-16329,group-row-7158,train,train
row-7163,CWE-125,exiv2,35b3e596edacd2437c2c5d3dd2b5c9502626163d,CVE-2018-16336,group-row-7163,train,validation
row-7164,CWE-125,ImageMagick6,4745eb1047617330141e9abfd5ae01236a71ae12,CVE-2018-16412,group-row-7164,train,train
row-7165,CWE-125,ImageMagick,17a1a6f97fd088a71931bdc422f4e96bb6ffc549,CVE-2018-16412,group-row-7164,train,train
row-7180,CWE-787,openjpeg,c22cbd8bdf8ff2ae372f94391a4be2d322b36b41,CVE-2018-16375,group-row-7180,validation,validation
row-7181,CWE-787,openjpeg,c22cbd8bdf8ff2ae372f94391a4be2d322b36b41,CVE-2018-16375,group-row-7180,validation,validation
row-7182,CWE-476,glib,fccef3cc822af74699cca84cd202719ae61ca3b9,CVE-2018-16428,group-row-7182,train,train
row-7183,CWE-125,glib,cec71705406f0b2790422f0c1aa0ff3b4b464b1b,CVE-2018-16429,group-row-7183,train,train
row-7190,CWE-787,ImageMagick,cc4ac341f29fa368da6ef01c207deaf8c61f6a2e,,group-row-7190,train,train
row-7202,CWE-200,linux,8f3fafc9c2f0ece10832c25f7ffcb07c97a32ad4,,group-row-7202,train,train
row-7208,CWE-125,mongo-c-driver,0d9a4d98bfdf4acd2c0138d4aaeb4e2e0934bd84,CVE-2018-16790,group-row-7208,train,train
row-7209,CWE-125,mongo-c-driver,0d9a4d98bfdf4acd2c0138d4aaeb4e2e0934bd84,CVE-2018-16790,group-row-7208,train,train
row-7230,CWE-415,linux,6a7228d90d42bcacfe38786756ba62762b91c20a,CVE-2018-9415,group-row-7230,train,train
row-7231,CWE-415,linux,6a7228d90d42bcacfe38786756ba62762b91c20a,CVE-2018-9415,group-row-7230,train,train
row-7233,CWE-20,linux,5d407b071dc369c26a38398326ee2be53651cfe4,CVE-2018-14641,group-row-7233,train,train
row-7234,CWE-20,linux,5d407b071dc369c26a38398326ee2be53651cfe4,CVE-2018-14641,group-row-7233,train,train
row-7235,CWE-20,linux,342db04ae71273322f0011384a9ed414df8bdae4,CVE-2018-14656,group-row-7235,train,train
row-7236,CWE-20,linux,342db04ae71273322f0011384a9ed414df8bdae4,CVE-2018-14656,group-row-7235,train,train
row-7237,CWE-20,linux,342db04ae71273322f0011384a9ed414df8bdae4,CVE-2018-14656,group-row-7235,train,train
row-7238,CWE-20,bro,c2b18849f8bb833253538f5dfedb4ed1dc176a30,,group-row-7238,train,train
row-7239,CWE-476,linux,f428fe4a04cc339166c8bbd489789760de3a0cee,CVE-2018-14646,group-row-7239,train,validation
row-7240,CWE-476,linux,f428fe4a04cc339166c8bbd489789760de3a0cee,CVE-2018-14646,group-row-7239,train,validation
row-7241,CWE-476,linux,f428fe4a04cc339166c8bbd489789760de3a0cee,CVE-2018-14646,group-row-7239,train,validation
row-7242,CWE-787,linux,fe9c842695e26d8116b61b80bfb905356f07834b,CVE-2018-9518,group-row-7242,train,train
row-7244,CWE-416,linux,f026bc29a8e093edfbb2a77700454b285c97e8ad,CVE-2018-9517,group-row-7244,train,test
row-7245,CWE-416,linux,f026bc29a8e093edfbb2a77700454b285c97e8ad,CVE-2018-9517,group-row-7244,train,test
row-7246,CWE-416,linux,f026bc29a8e093edfbb2a77700454b285c97e8ad,CVE-2018-9517,group-row-7244,train,test
row-7247,CWE-415,soundtouch,7f594f8b7d10bbc16a4a31de8ec5a279af9c7378,CVE-2018-17097,group-row-7247,train,train
row-7248,CWE-415,soundtouch,7f594f8b7d10bbc16a4a31de8ec5a279af9c7378,CVE-2018-17097,group-row-7247,train,train
row-7249,CWE-415,soundtouch,7f594f8b7d10bbc16a4a31de8ec5a279af9c7378,CVE-2018-17097,group-row-7247,train,train
row-7250,CWE-415,soundtouch,09e04252dde9ef02a7d254315b13089996afe302,CVE-2018-17097,group-row-7247,train,train
row-7251,CWE-415,soundtouch,09e04252dde9ef02a7d254315b13089996afe302,CVE-2018-17097,group-row-7247,train,train
row-7252,CWE-415,soundtouch,09e04252dde9ef02a7d254315b13089996afe302,CVE-2018-17097,group-row-7247,train,train
row-7253,CWE-617,soundtouch,a1c400eb2cff849c0e5f9d6916d69ffea3ad2c85,CVE-2018-17096,group-row-7253,train,test
row-7254,CWE-416,linux,7a9cdebdcc17e426fb5287e4a82db1dfe86339b2,,group-row-7254,train,validation
row-7255,CWE-416,linux,7a9cdebdcc17e426fb5287e4a82db1dfe86339b2,,group-row-7254,train,validation
row-7256,CWE-416,linux,7a9cdebdcc17e426fb5287e4a82db1dfe86339b2,,group-row-7254,train,validation
row-7260,CWE-787,exiv2,afb98cbc6e288dc8ea75f3394a347fb9b37abc55,CVE-2018-17229,group-row-7260,train,test
row-7261,CWE-476,exiv2,670fb73dd5ee8acab90971c4878de29f9fc43a02,CVE-2018-17282,group-row-7261,train,train
row-7263,CWE-125,ovs,9237a63c47bd314b807cda0bd2216264e82edbe8,,group-row-7263,train,train
row-7264,CWE-119,texlive-source,6ed0077520e2b0da1fd060c7f88db7b2e6068e4c,CVE-2018-17407,group-row-7264,train,train
row-7265,CWE-119,texlive-source,6ed0077520e2b0da1fd060c7f88db7b2e6068e4c,CVE-2018-17407,group-row-7264,train,train
row-7266,CWE-200,mesos,2c282f19755ea7518caf6f43e729524b1c6bdb23,CVE-2018-8023,group-row-7266,train,train
row-7268,CWE-125,liblouis,5e4089659bb49b3095fa541fa6387b4c40d7396e,CVE-2018-17294,group-row-7268,train,train
row-7279,CWE-400,exiv2,b3d077dcaefb6747fff8204490f33eba5a144edb,CVE-2018-17581,group-row-7279,train,train
row-7280,CWE-20,linux,d26c25a9d19b5976b319af528886f89cf455692d,,group-row-7280,train,train
row-7281,CWE-20,linux,d26c25a9d19b5976b319af528886f89cf455692d,,group-row-7280,train,train
row-7282,CWE-20,linux,2a3f93459d689d990b3ecfbe782fec89b97d3279,,group-row-7282,train,train
row-7293,CWE-190,qemu,25c01bd19d0e4b66f357618aeefda1ef7a41e21a,CVE-2018-17963,group-row-7293,train,train
row-7294,CWE-190,qemu,25c01bd19d0e4b66f357618aeefda1ef7a41e21a,CVE-2018-17963,group-row-7293,train,train
row-7295,CWE-125,ImageMagick6,a5db4873626f702d2ddd8bc293573493e0a412c0,CVE-2018-18023,group-row-7295,train,train
row-7296,CWE-835,ImageMagick,948f1c86d649a29df08a38d2ff8b91cdf3e92b82,CVE-2018-18024,group-row-7296,train,train
row-7297,CWE-835,ImageMagick6,b268ce7a59440972f4476b9fd98104b6a836d971,CVE-2018-18024,group-row-7296,train,train
row-7303,CWE-120,systemd,4dac5eaba4e419b29c97da38a8b1f82336c2c892,CVE-2018-15688,group-row-7303,train,test
row-7304,CWE-120,systemd,f5a8c43f39937d97c9ed75e3fe8621945b42b0db,CVE-2018-15688,group-row-7303,train,test
row-7305,CWE-120,systemd,f5a8c43f39937d97c9ed75e3fe8621945b42b0db,CVE-2018-15688,group-row-7303,train,test
row-7306,CWE-120,systemd,f5a8c43f39937d97c9ed75e3fe8621945b42b0db,CVE-2018-15688,group-row-7303,train,test
row-7307,CWE-120,systemd,f5a8c43f39937d97c9ed75e3fe8621945b42b0db,CVE-2018-15688,group-row-7303,train,test
row-7308,CWE-120,systemd,f5a8c43f39937d97c9ed75e3fe8621945b42b0db,CVE-2018-15688,group-row-7303,train,test
row-7309,CWE-120,systemd,f5a8c43f39937d97c9ed75e3fe8621945b42b0db,CVE-2018-15688,group-row-7303,train,test
row-7310,CWE-125,linux,b799207e1e1816b09e7a5920fbb2d5fcf6edd681,,group-row-7310,train,train
row-7315,CWE-416,curl,81d135d67155c5295b1033679c606165d4e28f3f,,group-row-7315,train,train
row-7317,CWE-200,ghostpdl,34cc326eb2c5695833361887fe0b32e8d987741c,CVE-2018-18073,group-row-7317,test,train
row-7318,CWE-200,ghostpdl,34cc326eb2c5695833361887fe0b32e8d987741c,CVE-2018-18073,group-row-7317,test,train
row-7319,CWE-200,ghostpdl,34cc326eb2c5695833361887fe0b32e8d987741c,CVE-2018-18073,group-row-7317,test,train
row-7320,CWE-200,ghostpdl,34cc326eb2c5695833361887fe0b32e8d987741c,CVE-2018-18073,group-row-7317,test,train
row-7328,CWE-125,curl,5d0ba70e17bde74d9a9108c38558f6491d2b5c4d,CVE-2018-16842,group-row-7328,train,train
row-7329,CWE-125,curl,481e0de00a9003b9c5220b120e3fc302d9b0932d,CVE-2018-16842,group-row-7328,train,train
row-7330,CWE-125,curl,481e0de00a9003b9c5220b120e3fc302d9b0932d,CVE-2018-16842,group-row-7328,train,train
row-7331,CWE-125,curl,70b1900dd13d16f2e83f571407a614541d5ac9ba,CVE-2018-16842,group-row-7328,train,train
row-7332,CWE-476,libmspack,8759da8db6ec9e866cb8eb143313f397f925bb4f,,group-row-7332,train,train
row-7333,CWE-22,libmspack,7cadd489698be117c47efcadd742651594429e6d,CVE-2018-18586,group-row-7333,train,train
row-7334,CWE-22,libmspack,7cadd489698be117c47efcadd742651594429e6d,CVE-2018-18586,group-row-7333,train,train
row-7335,CWE-476,libtiff,99b10edde9a0fc28cc0e7b7757aa18ac4c8c225f,CVE-2018-18661,group-row-7335,train,train
row-7336,CWE-770,ceph,ab29bed2fc9f961fe895de1086a8208e21ddaddc,CVE-2018-16846,group-row-7336,validation,test
row-7337,CWE-770,ceph,ab29bed2fc9f961fe895de1086a8208e21ddaddc,CVE-2018-16846,group-row-7336,validation,test
row-7338,CWE-770,ceph,ab29bed2fc9f961fe895de1086a8208e21ddaddc,CVE-2018-16846,group-row-7336,validation,test
row-7339,CWE-770,ceph,ab29bed2fc9f961fe895de1086a8208e21ddaddc,CVE-2018-16846,group-row-7336,validation,test
row-7340,CWE-770,ceph,ab29bed2fc9f961fe895de1086a8208e21ddaddc,CVE-2018-16846,group-row-7336,validation,test
row-7344,CWE-200,linux,e4f3aa2e1e67bb48dfbaaf1cad59013d5a5bc276,,group-row-7344,train,train
row-7347,CWE-835,exiv2,ae49250942f4395639961abeed3c15920fcd7241,CVE-2018-18915,group-row-7347,train,test
row-7348,CWE-476,jasper,12db8078ba17a8ffc5cc2429fb506988f0f11b44,CVE-2018-18873,group-row-7348,train,train
row-7349,CWE-190,icu,53d8c8f3d181d87a6aa925b449b51c4a2c922a51,,group-row-7349,train,train
row-7350,CWE-190,icu,53d8c8f3d181d87a6aa925b449b51c4a2c922a51,,group-row-7349,train,train
row-7351,CWE-190,icu,53d8c8f3d181d87a6aa925b449b51c4a2c922a51,,group-row-7349,train,train
row-7352,CWE-119,icecast-server,b21a7283bd1598c5af0bbb250a041ba8198f98f2,CVE-2018-18820,group-row-7352,train,train
row-7353,CWE-119,icecast-server,b21a7283bd1598c5af0bbb250a041ba8198f98f2,CVE-2018-18820,group-row-7352,train,train
row-7354,CWE-119,icecast-server,b21a7283bd1598c5af0bbb250a041ba8198f98f2,CVE-2018-18820,group-row-7352,train,train
row-7355,CWE-119,icecast-server,b21a7283bd1598c5af0bbb250a041ba8198f98f2,CVE-2018-18820,group-row-7352,train,train
row-7356,CWE-119,icecast-server,b21a7283bd1598c5af0bbb250a041ba8198f98f2,CVE-2018-18820,group-row-7352,train,train
row-7357,CWE-119,icecast-server,03ea74c04a5966114c2fe66e4e6892d11a68181e,CVE-2018-18820,group-row-7352,train,train
row-7360,CWE-125,perl5,43b2f4ef399e2fd7240b4eeb0658686ad95f8e62,,group-row-7360,train,train
row-7372,CWE-264,amanda,4bf5b9b356848da98560ffbb3a07a9cb5c4ea6d7,CVE-2016-10730,group-row-7372,train,train
row-7373,CWE-264,amanda,4bf5b9b356848da98560ffbb3a07a9cb5c4ea6d7,CVE-2016-10730,group-row-7372,train,train
row-7374,CWE-264,amanda,4bf5b9b356848da98560ffbb3a07a9cb5c4ea6d7,CVE-2016-10730,group-row-7372,train,train
row-7375,CWE-264,amanda,4bf5b9b356848da98560ffbb3a07a9cb5c4ea6d7,CVE-2016-10730,group-row-7372,train,train
row-7376,CWE-264,amanda,4bf5b9b356848da98560ffbb3a07a9cb5c4ea6d7,CVE-2016-10730,group-row-7372,train,train
row-7377,CWE-264,amanda,4bf5b9b356848da98560ffbb3a07a9cb5c4ea6d7,CVE-2016-10730,group-row-7372,train,train
row-7378,CWE-264,amanda,4bf5b9b356848da98560ffbb3a07a9cb5c4ea6d7,CVE-2016-10730,group-row-7372,train,train
row-7379,CWE-264,amanda,4bf5b9b356848da98560ffbb3a07a9cb5c4ea6d7,CVE-2016-10730,group-row-7372,train,train
row-7380,CWE-264,amanda,4bf5b9b356848da98560ffbb3a07a9cb5c4ea6d7,CVE-2016-10730,group-row-7372,train,train
row-7381,CWE-264,amanda,4bf5b9b356848da98560ffbb3a07a9cb5c4ea6d7,CVE-2016-10730,group-row-7372,train,train
row-7382,CWE-264,amanda,4bf5b9b356848da98560ffbb3a07a9cb5c4ea6d7,CVE-2016-10730,group-row-7372,train,train
row-7383,CWE-264,amanda,4bf5b9b356848da98560ffbb3a07a9cb5c4ea6d7,CVE-2016-10730,group-row-7372,train,train
row-7384,CWE-264,amanda,4bf5b9b356848da98560ffbb3a07a9cb5c4ea6d7,CVE-2016-10730,group-row-7372,train,train
row-7385,CWE-264,amanda,4bf5b9b356848da98560ffbb3a07a9cb5c4ea6d7,CVE-2016-10730,group-row-7372,train,train
row-7386,CWE-264,amanda,4bf5b9b356848da98560ffbb3a07a9cb5c4ea6d7,CVE-2016-10730,group-row-7372,train,train
row-7387,CWE-264,amanda,4bf5b9b356848da98560ffbb3a07a9cb5c4ea6d7,CVE-2016-10730,group-row-7372,train,train
row-7388,CWE-264,amanda,4bf5b9b356848da98560ffbb3a07a9cb5c4ea6d7,CVE-2016-10730,group-row-7372,train,train
row-7389,CWE-264,amanda,4bf5b9b356848da98560ffbb3a07a9cb5c4ea6d7,CVE-2016-10730,group-row-7372,train,train
row-7390,CWE-264,amanda,4bf5b9b356848da98560ffbb3a07a9cb5c4ea6d7,CVE-2016-10730,group-row-7372,train,train
row-7391,CWE-787,linux,d2ffed5185df9d8d9ccd150e4340e3b6f96a8381,CVE-2018-9385,group-row-7391,train,validation
row-7392,CWE-22,lighttpd1.4,2105dae0f9d7a964375ce681e53cb165375f84c1,,group-row-7392,train,train
row-7393,CWE-125,exiv2,68966932510213b5656fcf433ab6d7e26f48e23b,CVE-2018-19107,group-row-7393,train,train
row-7394,CWE-125,exiv2,b7c71f3ad0386cd7af3b73443c0615ada073f0d5,CVE-2018-19107,group-row-7393,train,train
row-7397,CWE-476,poppler,d2f5d424ba8752f9a9e9dad410546ec1b46caa0a,CVE-2018-19060,group-row-7397,validation,train
row-7398,CWE-476,poppler,f162ecdea0dda5dbbdb45503c1d55d9afaa41d44,CVE-2018-19149,group-row-7398,validation,train
row-7399,CWE-476,poppler,f162ecdea0dda5dbbdb45503c1d55d9afaa41d44,CVE-2018-19149,group-row-7398,validation,train
row-7417,CWE-200,keepalived,5241e4d7b177d0b6f073cfc9ed5444bf51ec89d6,,group-row-7417,train,train
row-7418,CWE-200,keepalived,c6247a9ef2c7b33244ab1d3aa5d629ec49f0a067,,group-row-7418,train,train
row-7419,CWE-200,keepalived,c6247a9ef2c7b33244ab1d3aa5d629ec49f0a067,,group-row-7418,train,train
row-7420,CWE-200,keepalived,c6247a9ef2c7b33244ab1d3aa5d629ec49f0a067,,group-row-7418,train,train
row-7421,CWE-200,keepalived,c6247a9ef2c7b33244ab1d3aa5d629ec49f0a067,,group-row-7418,train,train
row-7422,CWE-200,keepalived,c6247a9ef2c7b33244ab1d3aa5d629ec49f0a067,,group-row-7418,train,train
row-7423,CWE-200,keepalived,ac8e2ef053de273ce7a0cf0cb611e599dca4b298,CVE-2018-19046,group-row-7423,train,train
row-7424,CWE-200,keepalived,ac8e2ef053de273ce7a0cf0cb611e599dca4b298,CVE-2018-19046,group-row-7423,train,train
row-7425,CWE-200,keepalived,26c8d6374db33bcfcdcd758b1282f12ceef4b94f,CVE-2018-19046,group-row-7423,train,train
row-7426,CWE-200,keepalived,26c8d6374db33bcfcdcd758b1282f12ceef4b94f,CVE-2018-19046,group-row-7423,train,train
row-7427,CWE-200,keepalived,26c8d6374db33bcfcdcd758b1282f12ceef4b94f,CVE-2018-19046,group-row-7423,train,train
row-7428,CWE-200,keepalived,26c8d6374db33bcfcdcd758b1282f12ceef4b94f,CVE-2018-19046,group-row-7423,train,train
row-7429,CWE-200,keepalived,26c8d6374db33bcfcdcd758b1282f12ceef4b94f,CVE-2018-19046,group-row-7423,train,train
row-7430,CWE-200,keepalived,26c8d6374db33bcfcdcd758b1282f12ceef4b94f,CVE-2018-19046,group-row-7423,train,train
row-7431,CWE-200,keepalived,26c8d6374db33bcfcdcd758b1282f12ceef4b94f,CVE-2018-19046,group-row-7423,train,train
row-7432,CWE-200,keepalived,26c8d6374db33bcfcdcd758b1282f12ceef4b94f,CVE-2018-19046,group-row-7423,train,train
row-7433,CWE-200,keepalived,26c8d6374db33bcfcdcd758b1282f12ceef4b94f,CVE-2018-19046,group-row-7423,train,train
row-7434,CWE-200,keepalived,26c8d6374db33bcfcdcd758b1282f12ceef4b94f,CVE-2018-19046,group-row-7423,train,train
row-7435,CWE-200,keepalived,26c8d6374db33bcfcdcd758b1282f12ceef4b94f,CVE-2018-19046,group-row-7423,train,train
row-7436,CWE-200,keepalived,26c8d6374db33bcfcdcd758b1282f12ceef4b94f,CVE-2018-19046,group-row-7423,train,train
row-7437,CWE-200,keepalived,26c8d6374db33bcfcdcd758b1282f12ceef4b94f,CVE-2018-19046,group-row-7423,train,train
row-7438,CWE-200,keepalived,26c8d6374db33bcfcdcd758b1282f12ceef4b94f,CVE-2018-19046,group-row-7423,train,train
row-7439,CWE-200,keepalived,26c8d6374db33bcfcdcd758b1282f12ceef4b94f,CVE-2018-19046,group-row-7423,train,train
row-7440,CWE-200,keepalived,26c8d6374db33bcfcdcd758b1282f12ceef4b94f,CVE-2018-19046,group-row-7423,train,train
row-7441,CWE-200,keepalived,17f944144b3d9c5131569b1cc988cc90fd676671,CVE-2018-19046,group-row-7423,train,train
row-7442,CWE-787,uriparser,864f5d4c127def386dd5cc926ad96934b297f04e,,group-row-7442,train,train
row-7443,CWE-787,uriparser,864f5d4c127def386dd5cc926ad96934b297f04e,,group-row-7442,train,train
row-7445,CWE-476,uriparser,f58c25069cf4a986fe17a80c5b38687e31feb539,,group-row-7445,train,test
row-7455,CWE-476,libsndfile,6f3266277bed16525f0ac2f0f03ff4626f1923e5,CVE-2018-19432,group-row-7455,validation,train
row-7456,CWE-476,libsndfile,6f3266277bed16525f0ac2f0f03ff4626f1923e5,CVE-2018-19432,group-row-7455,validation,train
row-7457,CWE-476,libsndfile,6f3266277bed16525f0ac2f0f03ff4626f1923e5,CVE-2018-19432,group-row-7455,validation,train
row-7458,CWE-476,libsndfile,6f3266277bed16525f0ac2f0f03ff4626f1923e5,CVE-2018-19432,group-row-7455,validation,train
row-7459,CWE-476,libsndfile,6f3266277bed16525f0ac2f0f03ff4626f1923e5,CVE-2018-19432,group-row-7455,validation,train
row-7460,CWE-476,libsndfile,aaea680337267bfb6d2544da878890ee7f1c5077,CVE-2018-19432,group-row-7455,validation,train
row-7464,CWE-476,linux,e97f852fd4561e77721bb9a4e0ea9d98305b1e93,CVE-2018-19407,group-row-7464,train,validation
row-7467,CWE-125,sysstat,fbc691eaaa10d0bcea6741d5a223dc3906106548,CVE-2018-19416,group-row-7467,train,validation
row-7468,CWE-125,sysstat,fbc691eaaa10d0bcea6741d5a223dc3906106548,CVE-2018-19416,group-row-7467,train,validation
row-7469,CWE-125,sysstat,fbc691eaaa10d0bcea6741d5a223dc3906106548,CVE-2018-19416,group-row-7467,train,validation
row-7470,CWE-125,sysstat,fbc691eaaa10d0bcea6741d5a223dc3906106548,CVE-2018-19416,group-row-7467,train,validation
row-7471,CWE-125,sysstat,fbc691eaaa10d0bcea6741d5a223dc3906106548,CVE-2018-19416,group-row-7467,train,validation
row-7472,CWE-125,sysstat,fbc691eaaa10d0bcea6741d5a223dc3906106548,CVE-2018-19416,group-row-7467,train,validation
row-7473,CWE-125,sysstat,fbc691eaaa10d0bcea6741d5a223dc3906106548,CVE-2018-19416,group-row-7467,train,validation
row-7476,CWE-770,systemd,084eeb865ca63887098e0945fb4e93c852b91b0f,CVE-2018-16864,group-row-7476,train,train
row-7477,CWE-770,systemd,084eeb865ca63887098e0945fb4e93c852b91b0f,CVE-2018-16864,group-row-7476,train,train
row-7478,CWE-770,systemd,084eeb865ca63887098e0945fb4e93c852b91b0f,CVE-2018-16864,group-row-7476,train,train
row-7479,CWE-770,systemd,084eeb865ca63887098e0945fb4e93c852b91b0f,CVE-2018-16864,group-row-7476,train,train
row-7480,CWE-770,systemd,052c57f132f04a3cf4148f87561618da1a6908b4,CVE-2018-16865,group-row-7480,train,validation
row-7481,CWE-770,systemd,ef4d6abe7c7fab6cbff975b32e76b09feee56074,CVE-2018-16865,group-row-7480,train,validation
row-7482,CWE-770,systemd,ef4d6abe7c7fab6cbff975b32e76b09feee56074,CVE-2018-16865,group-row-7480,train,validation
row-7483,CWE-770,systemd,ef4d6abe7c7fab6cbff975b32e76b09feee56074,CVE-2018-16865,group-row-7480,train,validation
row-7484,CWE-770,systemd,ef4d6abe7c7fab6cbff975b32e76b09feee56074,CVE-2018-16865,group-row-7480,train,validation
row-7485,CWE-125,systemd,a6aadf4ae0bae185dc4c414d492a4a781c80ffe5,CVE-2018-16866,group-row-7485,train,train
row-7486,CWE-125,systemd,a6aadf4ae0bae185dc4c414d492a4a781c80ffe5,CVE-2018-16866,group-row-7485,train,train
row-7487,CWE-125,systemd,a6aadf4ae0bae185dc4c414d492a4a781c80ffe5,CVE-2018-16866,group-row-7485,train,train
row-7488,CWE-125,systemd,8595102d3ddde6d25c282f965573a6de34ab4421,CVE-2018-16866,group-row-7485,train,train
row-7489,CWE-125,systemd,8595102d3ddde6d25c282f965573a6de34ab4421,CVE-2018-16866,group-row-7485,train,train
row-7490,CWE-125,systemd,8595102d3ddde6d25c282f965573a6de34ab4421,CVE-2018-16866,group-row-7485,train,train
row-7513,CWE-476,linux,01310bb7c9c98752cc763b36532fab028e0f8f81,CVE-2018-16871,group-row-7513,train,train
row-7518,CWE-416,sound,5f8cf712582617d523120df67d392059eaf2fc4b,CVE-2018-19824,group-row-7518,train,test
row-7520,CWE-476,exiv2,6e42c1b55e0fc4f360cc56010b0ffe19aa6062d9,CVE-2018-19607,group-row-7520,train,train
row-7521,CWE-787,linux,e2b3b35eb9896f26c98b9a2c047d9111638059a2,CVE-2018-16880,group-row-7521,train,train
row-7522,CWE-787,linux,f5a4941aa6d190e676065e8f4ed35999f52a01c3,CVE-2018-16880,group-row-7521,train,train
row-7523,CWE-787,linux,f5a4941aa6d190e676065e8f4ed35999f52a01c3,CVE-2018-16880,group-row-7521,train,train
row-7524,CWE-200,linux,f43f39958beb206b53292801e216d9b8a660f087,,group-row-7524,train,train
row-7525,CWE-200,linux,f43f39958beb206b53292801e216d9b8a660f087,,group-row-7524,train,train
row-7526,CWE-200,linux,f43f39958beb206b53292801e216d9b8a660f087,,group-row-7524,train,train
row-7527,CWE-200,linux,f43f39958beb206b53292801e216d9b8a660f087,,group-row-7524,train,train
row-7528,CWE-200,linux,f43f39958beb206b53292801e216d9b8a660f087,,group-row-7524,train,train
row-7529,CWE-200,linux,f43f39958beb206b53292801e216d9b8a660f087,,group-row-7524,train,train
row-7530,CWE-190,rsyslog,0381a0de64a5a048c3d48b79055bd9848d0c7fc2,CVE-2018-16881,group-row-7530,train,train
row-7531,CWE-617,jasper,243749e5a6384acdb9f0a59515c0b85dfd62bd5b,CVE-2018-19539,group-row-7531,train,validation
row-7532,CWE-125,haproxy,efbbdf72992cd20458259962346044cafd9331c0,,group-row-7532,test,train
row-7533,CWE-835,haproxy,58df5aea0a0c926b2238f65908f5e9f83d1cca25,,group-row-7533,test,train
row-7534,CWE-835,haproxy,58df5aea0a0c926b2238f65908f5e9f83d1cca25,,group-row-7533,test,train
row-7538,CWE-125,libsndfile,42132c543358cee9f7c3e9e9b15bb6c1063a608e,CVE-2018-19758,group-row-7538,validation,train
row-7539,CWE-125,libsndfile,42132c543358cee9f7c3e9e9b15bb6c1063a608e,CVE-2018-19758,group-row-7538,validation,train
row-7544,CWE-476,php-src,7edc639b9ff1c3576773d79d016abbeed1f93846,CVE-2018-19935,group-row-7544,validation,train
row-7545,CWE-787,libvncserver,502821828ed00b4a2c4bef90683d0fd88ce495de,CVE-2018-15127,group-row-7545,test,train
row-7546,CWE-416,libvncserver,73cb96fec028a576a5a24417b57723b55854ad7b,CVE-2018-15126,group-row-7546,test,train
row-7547,CWE-416,libvncserver,73cb96fec028a576a5a24417b57723b55854ad7b,CVE-2018-15126,group-row-7546,test,train
row-7548,CWE-787,libvncserver,a83439b9fbe0f03c48eb94ed05729cb016f8b72f,CVE-2018-20019,group-row-7548,test,train
row-7549,CWE-787,libvncserver,a83439b9fbe0f03c48eb94ed05729cb016f8b72f,CVE-2018-20019,group-row-7548,test,train
row-7550,CWE-787,libvncserver,a83439b9fbe0f03c48eb94ed05729cb016f8b72f,CVE-2018-20019,group-row-7548,test,train
row-7551,CWE-787,libvncserver,7b1ef0ffc4815cab9a96c7278394152bdc89dc4d,CVE-2018-20020,group-row-7551,test,train
row-7552,CWE-835,libvncserver,c3115350eb8bb635d0fdb4dbbb0d0541f38ed19c,CVE-2018-20021,group-row-7552,test,test
row-7553,CWE-835,libvncserver,79d938c16bf7a14b6d6ee290bcfef3c01f9c4f02,CVE-2018-20021,group-row-7552,test,test
row-7558,CWE-476,libvncserver,4a21bbd097ef7c44bb000c3bd0907f96a10e4ce7,CVE-2018-20024,group-row-7558,test,test
row-7559,CWE-476,libvncserver,4a21bbd097ef7c44bb000c3bd0907f96a10e4ce7,CVE-2018-20024,group-row-7558,test,test
row-7560,CWE-416,libvncserver,ca2a5ac02fbbadd0a21fabba779c1ea69173d10b,CVE-2018-6307,group-row-7560,test,validation
row-7562,CWE-125,WavPack,bba5389dc598a92bdf2b297c3ea34620b6679b5b,,group-row-7562,train,train
row-7569,CWE-787,LibRaw,fbf60377c006eaea8d3eca3f5e4c654909dcdfd2,CVE-2018-20337,group-row-7569,train,train
row-7570,CWE-400,LibRaw,e67a9862d10ebaa97712f532eca1eb5e2e410a22,CVE-2018-5819,group-row-7570,train,train
row-7571,CWE-400,LibRaw,e67a9862d10ebaa97712f532eca1eb5e2e410a22,CVE-2018-5819,group-row-7570,train,train
row-7577,CWE-200,wget,c125d24762962d91050d925fbbd9e6f30b2302f8,CVE-2018-20483,group-row-7577,test,train
row-7578,CWE-200,wget,c125d24762962d91050d925fbbd9e6f30b2302f8,CVE-2018-20483,group-row-7577,test,train
row-7579,CWE-200,wget,3cdfb594cf75f11cdbb9702ac5e856c332ccacfa,CVE-2018-20483,group-row-7577,test,train
row-7580,CWE-200,wget,3cdfb594cf75f11cdbb9702ac5e856c332ccacfa,CVE-2018-20483,group-row-7577,test,train
row-7581,CWE-200,wget,3cdfb594cf75f11cdbb9702ac5e856c332ccacfa,CVE-2018-20483,group-row-7577,test,train
row-7582,CWE-200,wget,a933bdd31eee9c956a3b5cc142f004ef1fa94cb3,CVE-2018-20483,group-row-7577,test,train
row-7583,CWE-200,wget,a933bdd31eee9c956a3b5cc142f004ef1fa94cb3,CVE-2018-20483,group-row-7577,test,train
row-7584,CWE-200,wget,a933bdd31eee9c956a3b5cc142f004ef1fa94cb3,CVE-2018-20483,group-row-7577,test,train
row-7585,CWE-200,wget,a933bdd31eee9c956a3b5cc142f004ef1fa94cb3,CVE-2018-20483,group-row-7577,test,train
row-7586,CWE-200,wget,a933bdd31eee9c956a3b5cc142f004ef1fa94cb3,CVE-2018-20483,group-row-7577,test,train
row-7587,CWE-125,haproxy,a01f45e3ced23c799f6e78b5efdbd32198a75354,CVE-2018-20615,group-row-7587,test,test
row-7588,CWE-200,linux,9824dfae5741275473a23a7ed5756c7b6efacc9d,,group-row-7588,train,test
row-7589,CWE-125,linux,7c9cbd0b5e38a1672fcd137894ace3b042dfbf69,CVE-2019-3459,group-row-7589,train,validation
row-7590,CWE-125,linux,7c9cbd0b5e38a1672fcd137894ace3b042dfbf69,CVE-2019-3459,group-row-7589,train,validation
row-7591,CWE-125,linux,7c9cbd0b5e38a1672fcd137894ace3b042dfbf69,CVE-2019-3459,group-row-7589,train,validation
row-7592,CWE-787,linux,0aaa81377c5a01f686bcdb8c7a6929a7bf330c68,CVE-2019-3701,group-row-7592,train,train
row-7594,CWE-416,libarchive,bfcfe6f04ed20db2504db8a254d1f40a1d84eb28,,group-row-7594,train,train
row-7595,CWE-416,libarchive,bfcfe6f04ed20db2504db8a254d1f40a1d84eb28,,group-row-7594,train,train
row-7617,CWE-835,ImageMagick6,4dd53a3f790147aaf18b2dd4d15f2a19f9432d3f,CVE-2018-20467,group-row-7617,train,validation
row-7619,CWE-125,jasper,03db7c81f6a8a92d896249bc673877749987fd7a,CVE-2018-20570,group-row-7619,train,validation
row-7621,CWE-476,nagioscore,b1a92a3b52d292ccb601e77a0b29cb1e67ac9d76,CVE-2018-13441,group-row-7621,train,train
row-7622,CWE-476,nagioscore,b1a92a3b52d292ccb601e77a0b29cb1e67ac9d76,CVE-2018-13441,group-row-7621,train,train
row-7623,CWE-476,nagioscore,b1a92a3b52d292ccb601e77a0b29cb1e67ac9d76,CVE-2018-13441,group-row-7621,train,train
row-7624,CWE-787,libjpeg-turbo,3d9c64e9f8aa1ee954d1d0bb3390fc894bb84da3,CVE-2018-20330,group-row-7624,test,train
row-7625,CWE-20,poppler,de0c0b8324e776f0b851485e0fc9622fc35695b7,CVE-2018-20650,group-row-7625,validation,train
row-7626,CWE-20,poppler,9fd5ec0e6e5f763b190f2a55ceb5427cfe851d5f,CVE-2018-20662,group-row-7626,validation,train
row-7627,CWE-20,poppler,1e99a1eeb3a144facf45165df9f457796c045daa,CVE-2018-20662,group-row-7626,validation,train
row-7628,CWE-617,krb5,94e5eda5bb94d1d44733a49c3d9b6d1e42c74def,CVE-2018-20217,group-row-7628,test,train
row-7636,CWE-125,qemu,b05b267840515730dbf6753495d5b7bd8b04ad1c,CVE-2019-3812,group-row-7636,train,train
row-7637,CWE-125,uriparser,cef25028de5ff872c2e1f0a6c562eb3ea9ecbce4,,group-row-7637,train,train
row-7638,CWE-125,linux,5146f95df782b0ac61abde36567e718692725c89,CVE-2018-19985,group-row-7638,train,train
row-7639,CWE-125,linux,5146f95df782b0ac61abde36567e718692725c89,CVE-2018-19985,group-row-7638,train,train
row-7642,CWE-125,busybox,6d3b4bb24da9a07c263f3c1acf8df85382ff562c,CVE-2018-20679,group-row-7642,train,train
row-7643,CWE-125,busybox,6d3b4bb24da9a07c263f3c1acf8df85382ff562c,CVE-2018-20679,group-row-7642,train,train
row-7644,CWE-125,busybox,6d3b4bb24da9a07c263f3c1acf8df85382ff562c,CVE-2018-20679,group-row-7642,train,train
row-7645,CWE-125,busybox,6d3b4bb24da9a07c263f3c1acf8df85382ff562c,CVE-2018-20679,group-row-7642,train,train
row-7646,CWE-787,systemd,6d586a13717ae057aa1b4127400c3de61cd5b9e7,CVE-2019-6454,group-row-7646,train,train
row-7647,CWE-125,busybox,74d9f1ba37010face4bd1449df4d60dd84450b06,CVE-2019-5747,group-row-7647,train,train
row-7648,CWE-125,busybox,74d9f1ba37010face4bd1449df4d60dd84450b06,CVE-2019-5747,group-row-7647,train,train
row-7654,CWE-20,linux,594cc251fdd0d231d342d88b2fdff4bc42fb0690,CVE-2018-20669,group-row-7654,train,train
row-7655,CWE-20,linux,594cc251fdd0d231d342d88b2fdff4bc42fb0690,CVE-2018-20669,group-row-7654,train,train
row-7656,CWE-20,linux,594cc251fdd0d231d342d88b2fdff4bc42fb0690,CVE-2018-20669,group-row-7654,train,train
row-7657,CWE-20,linux,594cc251fdd0d231d342d88b2fdff4bc42fb0690,CVE-2018-20669,group-row-7654,train,train
row-7658,CWE-20,linux,594cc251fdd0d231d342d88b2fdff4bc42fb0690,CVE-2018-20669,group-row-7654,train,train
row-7659,CWE-20,linux,594cc251fdd0d231d342d88b2fdff4bc42fb0690,CVE-2018-20669,group-row-7654,train,train
row-7660,CWE-20,linux,594cc251fdd0d231d342d88b2fdff4bc42fb0690,CVE-2018-20669,group-row-7654,train,train
row-7661,CWE-20,linux,594cc251fdd0d231d342d88b2fdff4bc42fb0690,CVE-2018-20669,group-row-7654,train,train
row-7662,CWE-835,linux,13054abbaa4f1fd4e6f3b4b63439ec033b4c8035,CVE-2019-3819,group-row-7662,train,test
row-7663,CWE-835,linux,13054abbaa4f1fd4e6f3b4b63439ec033b4c8035,CVE-2019-3819,group-row-7662,train,test
row-7664,CWE-835,linux,13054abbaa4f1fd4e6f3b4b63439ec033b4c8035,CVE-2019-3819,group-row-7662,train,test
row-7665,CWE-835,linux,13054abbaa4f1fd4e6f3b4b63439ec033b4c8035,CVE-2019-3819,group-row-7662,train,test
row-7666,CWE-835,linux,13054abbaa4f1fd4e6f3b4b63439ec033b4c8035,CVE-2019-3819,group-row-7662,train,test
row-7667,CWE-835,linux,13054abbaa4f1fd4e6f3b4b63439ec033b4c8035,CVE-2019-3819,group-row-7662,train,test
row-7669,CWE-787,rdesktop,766ebcf6f23ccfe8323ac10242ae6e127d4505d2,CVE-2018-8794,group-row-7669,train,train
row-7670,CWE-787,rdesktop,766ebcf6f23ccfe8323ac10242ae6e127d4505d2,CVE-2018-8794,group-row-7669,train,train
row-7671,CWE-787,rdesktop,766ebcf6f23ccfe8323ac10242ae6e127d4505d2,CVE-2018-8794,group-row-7669,train,train
row-7672,CWE-787,rdesktop,766ebcf6f23ccfe8323ac10242ae6e127d4505d2,CVE-2018-8794,group-row-7669,train,train
row-7673,CWE-787,rdesktop,766ebcf6f23ccfe8323ac10242ae6e127d4505d2,CVE-2018-8794,group-row-7669,train,train
row-7674,CWE-787,rdesktop,766ebcf6f23ccfe8323ac10242ae6e127d4505d2,CVE-2018-8794,group-row-7669,train,train
row-7675,CWE-787,rdesktop,766ebcf6f23ccfe8323ac10242ae6e127d4505d2,CVE-2018-8794,group-row-7669,train,train
row-7676,CWE-787,rdesktop,766ebcf6f23ccfe8323ac10242ae6e127d4505d2,CVE-2018-8794,group-row-7669,train,train
row-7677,CWE-787,rdesktop,766ebcf6f23ccfe8323ac10242ae6e127d4505d2,CVE-2018-8794,group-row-7669,train,train
row-7678,CWE-787,rdesktop,766ebcf6f23ccfe8323ac10242ae6e127d4505d2,CVE-2018-8794,group-row-7669,train,train
row-7679,CWE-787,rdesktop,766ebcf6f23ccfe8323ac10242ae6e127d4505d2,CVE-2018-8794,group-row-7669,train,train
row-7680,CWE-787,rdesktop,766ebcf6f23ccfe8323ac10242ae6e127d4505d2,CVE-2018-8794,group-row-7669,train,train
row-7681,CWE-787,rdesktop,766ebcf6f23ccfe8323ac10242ae6e127d4505d2,CVE-2018-8794,group-row-7669,train,train
row-7682,CWE-787,rdesktop,766ebcf6f23ccfe8323ac10242ae6e127d4505d2,CVE-2018-8794,group-row-7669,train,train
row-7683,CWE-787,rdesktop,766ebcf6f23ccfe8323ac10242ae6e127d4505d2,CVE-2018-8794,group-row-7669,train,train
row-7684,CWE-787,rdesktop,766ebcf6f23ccfe8323ac10242ae6e127d4505d2,CVE-2018-8794,group-row-7669,train,train
row-7685,CWE-787,rdesktop,766ebcf6f23ccfe8323ac10242ae6e127d4505d2,CVE-2018-8794,group-row-7669,train,train
row-7686,CWE-787,rdesktop,766ebcf6f23ccfe8323ac10242ae6e127d4505d2,CVE-2018-8794,group-row-7669,train,train
row-7687,CWE-787,rdesktop,766ebcf6f23ccfe8323ac10242ae6e127d4505d2,CVE-2018-8794,group-row-7669,train,train
row-7688,CWE-369,linux,6aeb75e6adfaed16e58780309613a578fe1ee90b,,group-row-7688,train,train
row-7716,CWE-415,libgd,553702980ae89c83f2d6e254d62cf82e204956d0,,group-row-7716,validation,train
row-7717,CWE-415,libgd,553702980ae89c83f2d6e254d62cf82e204956d0,,group-row-7716,validation,train
row-7718,CWE-415,libgd,553702980ae89c83f2d6e254d62cf82e204956d0,,group-row-7716,validation,train
row-7719,CWE-415,libgd,553702980ae89c83f2d6e254d62cf82e204956d0,,group-row-7716,validation,train
row-7720,CWE-415,libgd,553702980ae89c83f2d6e254d62cf82e204956d0,,group-row-7716,validation,train
row-7721,CWE-415,libgd,553702980ae89c83f2d6e254d62cf82e204956d0,,group-row-7716,validation,train
row-7722,CWE-415,php-src,089f7c0bc28d399b0420aa6ef058e4c1c120b2ae,,group-row-7722,validation,train
row-7723,CWE-415,php-src,089f7c0bc28d399b0420aa6ef058e4c1c120b2ae,,group-row-7722,validation,train
row-7724,CWE-415,php-src,089f7c0bc28d399b0420aa6ef058e4c1c120b2ae,,group-row-7722,validation,train
row-7725,CWE-415,php-src,089f7c0bc28d399b0420aa6ef058e4c1c120b2ae,,group-row-7722,validation,train
row-7726,CWE-415,php-src,089f7c0bc28d399b0420aa6ef058e4c1c120b2ae,,group-row-7722,validation,train
row-7727,CWE-415,php-src,089f7c0bc28d399b0420aa6ef058e4c1c120b2ae,,group-row-7722,validation,train
row-7728,CWE-787,libvncserver,15bb719c03cc70f14c36a843dcb16ed69b405707,CVE-2018-20749,group-row-7728,test,train
row-7730,CWE-787,libvncserver,a64c3b37af9a6c8f8009d7516874b8d266b42bae,CVE-2018-20748,group-row-7730,test,train
row-7731,CWE-787,libvncserver,c2c4b81e6cb3b485fb1ec7ba9e7defeb889f6ba7,CVE-2018-20748,group-row-7730,test,train
row-7732,CWE-787,libvncserver,c5ba3fee85a7ecbbca1df5ffd46d32b92757bc2a,CVE-2018-20748,group-row-7730,test,train
row-7733,CWE-787,libvncserver,e34bcbb759ca5bef85809967a268fdf214c1ad2c,CVE-2018-20748,group-row-7730,test,train
row-7734,CWE-787,libvncserver,e34bcbb759ca5bef85809967a268fdf214c1ad2c,CVE-2018-20748,group-row-7730,test,train
row-7735,CWE-125,samba,42f0f57eb819ce6b68a8c5b3b53123b83ec917e3,CVE-2019-3824,group-row-7735,train,train
row-7736,CWE-125,samba,34383981a0c40860f71a4451ff8fd752e1b67666,CVE-2019-3824,group-row-7735,train,train
row-7737,CWE-125,samba,8d34d172092f71baad0d777567e49aebfa07313d,CVE-2019-3824,group-row-7735,train,train
row-7738,CWE-125,samba,9427806f7298d71bd7edfbdda7506ec63f15dda1,CVE-2019-3824,group-row-7735,train,train
row-7739,CWE-125,samba,745b99fc6b75db33cdb0a58df1a3f2a5063bc76e,CVE-2019-3824,group-row-7735,train,train
row-7740,CWE-125,samba,3674b0891afb016c83763520b87e9f190dcfe884,CVE-2019-3824,group-row-7735,train,train
row-7751,CWE-189,linux,9d5564ddcf2a0f5ba3fa1c3a1f8a1b59ad309553,CVE-2019-7308,group-row-7751,train,validation
row-7752,CWE-401,ImageMagick,9cf2f738f714eba6d47be1127ed255acd2b51750,CVE-2019-7398,group-row-7752,train,train
row-7753,CWE-401,ImageMagick6,dfa1e752bce7b6994765897fb6606d6069345442,CVE-2019-7398,group-row-7752,train,train
row-7755,CWE-401,ImageMagick6,3b28c8d93aa469f6d90c8b3c05fe3d88c2584e32,CVE-2019-7397,group-row-7755,train,train
row-7765,CWE-125,libsndfile,6d7ce94c020cc720a6b28719d1a7879181790008,CVE-2019-3832,group-row-7765,validation,train
row-7780,CWE-295,evolution-ews,915226eca9454b8b3e5adb6f2fff9698451778de,CVE-2019-3890,group-row-7780,train,train
row-7781,CWE-295,evolution-ews,915226eca9454b8b3e5adb6f2fff9698451778de,CVE-2019-3890,group-row-7780,train,train
row-7782,CWE-295,evolution-ews,915226eca9454b8b3e5adb6f2fff9698451778de,CVE-2019-3890,group-row-7780,train,train
row-7783,CWE-295,evolution-ews,915226eca9454b8b3e5adb6f2fff9698451778de,CVE-2019-3890,group-row-7780,train,train
row-7784,CWE-295,evolution-ews,915226eca9454b8b3e5adb6f2fff9698451778de,CVE-2019-3890,group-row-7780,train,train
row-7785,CWE-295,evolution-ews,915226eca9454b8b3e5adb6f2fff9698451778de,CVE-2019-3890,group-row-7780,train,train
row-7786,CWE-295,evolution-ews,915226eca9454b8b3e5adb6f2fff9698451778de,CVE-2019-3890,group-row-7780,train,train
row-7787,CWE-295,evolution-ews,915226eca9454b8b3e5adb6f2fff9698451778de,CVE-2019-3890,group-row-7780,train,train
row-7788,CWE-295,evolution-ews,915226eca9454b8b3e5adb6f2fff9698451778de,CVE-2019-3890,group-row-7780,train,train
row-7789,CWE-295,evolution-ews,915226eca9454b8b3e5adb6f2fff9698451778de,CVE-2019-3890,group-row-7780,train,train
row-7790,CWE-295,evolution-ews,915226eca9454b8b3e5adb6f2fff9698451778de,CVE-2019-3890,group-row-7780,train,train
row-7791,CWE-295,evolution-ews,915226eca9454b8b3e5adb6f2fff9698451778de,CVE-2019-3890,group-row-7780,train,train
row-7792,CWE-295,evolution-ews,915226eca9454b8b3e5adb6f2fff9698451778de,CVE-2019-3890,group-row-7780,train,train
row-7793,CWE-295,evolution-ews,915226eca9454b8b3e5adb6f2fff9698451778de,CVE-2019-3890,group-row-7780,train,train
row-7794,CWE-295,evolution-ews,915226eca9454b8b3e5adb6f2fff9698451778de,CVE-2019-3890,group-row-7780,train,train
row-7795,CWE-295,evolution-ews,915226eca9454b8b3e5adb6f2fff9698451778de,CVE-2019-3890,group-row-7780,train,train
row-7796,CWE-295,evolution-ews,915226eca9454b8b3e5adb6f2fff9698451778de,CVE-2019-3890,group-row-7780,train,train
row-7797,CWE-295,evolution-ews,915226eca9454b8b3e5adb6f2fff9698451778de,CVE-2019-3890,group-row-7780,train,train
row-7798,CWE-295,evolution-ews,915226eca9454b8b3e5adb6f2fff9698451778de,CVE-2019-3890,group-row-7780,train,train
row-7799,CWE-295,evolution-ews,915226eca9454b8b3e5adb6f2fff9698451778de,CVE-2019-3890,group-row-7780,train,train
row-7800,CWE-295,evolution-ews,915226eca9454b8b3e5adb6f2fff9698451778de,CVE-2019-3890,group-row-7780,train,train
row-7801,CWE-295,evolution-ews,915226eca9454b8b3e5adb6f2fff9698451778de,CVE-2019-3890,group-row-7780,train,train
row-7802,CWE-295,evolution-ews,915226eca9454b8b3e5adb6f2fff9698451778de,CVE-2019-3890,group-row-7780,train,train
row-7803,CWE-295,evolution-ews,915226eca9454b8b3e5adb6f2fff9698451778de,CVE-2019-3890,group-row-7780,train,train
row-7804,CWE-295,evolution-ews,915226eca9454b8b3e5adb6f2fff9698451778de,CVE-2019-3890,group-row-7780,train,train
row-7805,CWE-295,evolution-ews,915226eca9454b8b3e5adb6f2fff9698451778de,CVE-2019-3890,group-row-7780,train,train
row-7806,CWE-295,evolution-ews,915226eca9454b8b3e5adb6f2fff9698451778de,CVE-2019-3890,group-row-7780,train,train
row-7807,CWE-295,evolution-ews,915226eca9454b8b3e5adb6f2fff9698451778de,CVE-2019-3890,group-row-7780,train,train
row-7808,CWE-295,evolution-ews,915226eca9454b8b3e5adb6f2fff9698451778de,CVE-2019-3890,group-row-7780,train,train
row-7809,CWE-295,evolution-ews,915226eca9454b8b3e5adb6f2fff9698451778de,CVE-2019-3890,group-row-7780,train,train
row-7810,CWE-295,evolution-ews,915226eca9454b8b3e5adb6f2fff9698451778de,CVE-2019-3890,group-row-7780,train,train
row-7811,CWE-295,evolution-ews,915226eca9454b8b3e5adb6f2fff9698451778de,CVE-2019-3890,group-row-7780,train,train
row-7812,CWE-295,evolution-data-server,6672b8236139bd6ef41ecb915f4c72e2a052dba5,CVE-2019-3890,group-row-7780,train,train
row-7849,CWE-416,linux,9060cb719e61b685ec0102574e10337fa5f445ea,CVE-2019-8912,group-row-7849,train,train
row-7850,CWE-787,file,d65781527c8134a1202b2649695d48d5701ac60b,CVE-2019-8907,group-row-7850,validation,train
row-7851,CWE-787,file,d65781527c8134a1202b2649695d48d5701ac60b,CVE-2019-8907,group-row-7850,validation,train
row-7852,CWE-787,file,d65781527c8134a1202b2649695d48d5701ac60b,CVE-2019-8907,group-row-7850,validation,train
row-7853,CWE-787,file,d65781527c8134a1202b2649695d48d5701ac60b,CVE-2019-8907,group-row-7850,validation,train
row-7854,CWE-125,file,2858eaf99f6cc5aae129bcbf1e24ad160240185f,CVE-2019-8906,group-row-7854,validation,train
row-7855,CWE-125,file,94b7501f48e134e77716e7ebefc73d6bbe72ba55,CVE-2019-8904,group-row-7855,validation,train
row-7863,CWE-401,linux,f612acfae86af7ecad754ae6a46019be9da05b8e,CVE-2019-8980,group-row-7863,train,train
row-7868,CWE-476,vim,cd929f7ba8cc5b6d6dcf35c8b34124e969fed6b8,CVE-2018-20786,group-row-7868,train,train
row-7869,CWE-476,vim,cd929f7ba8cc5b6d6dcf35c8b34124e969fed6b8,CVE-2018-20786,group-row-7868,train,train
row-7870,CWE-476,vim,cd929f7ba8cc5b6d6dcf35c8b34124e969fed6b8,CVE-2018-20786,group-row-7868,train,train
row-7871,CWE-476,vim,cd929f7ba8cc5b6d6dcf35c8b34124e969fed6b8,CVE-2018-20786,group-row-7868,train,train
row-7872,CWE-476,vim,cd929f7ba8cc5b6d6dcf35c8b34124e969fed6b8,CVE-2018-20786,group-row-7868,train,train
row-7873,CWE-476,vim,cd929f7ba8cc5b6d6dcf35c8b34124e969fed6b8,CVE-2018-20786,group-row-7868,train,train
row-7874,CWE-476,vim,cd929f7ba8cc5b6d6dcf35c8b34124e969fed6b8,CVE-2018-20786,group-row-7868,train,train
row-7875,CWE-476,vim,cd929f7ba8cc5b6d6dcf35c8b34124e969fed6b8,CVE-2018-20786,group-row-7868,train,train
row-7876,CWE-476,vim,cd929f7ba8cc5b6d6dcf35c8b34124e969fed6b8,CVE-2018-20786,group-row-7868,train,train
row-7877,CWE-476,vim,cd929f7ba8cc5b6d6dcf35c8b34124e969fed6b8,CVE-2018-20786,group-row-7868,train,train
row-7878,CWE-476,vim,cd929f7ba8cc5b6d6dcf35c8b34124e969fed6b8,CVE-2018-20786,group-row-7868,train,train
row-7879,CWE-476,vim,cd929f7ba8cc5b6d6dcf35c8b34124e969fed6b8,CVE-2018-20786,group-row-7868,train,train
row-7880,CWE-476,vim,cd929f7ba8cc5b6d6dcf35c8b34124e969fed6b8,CVE-2018-20786,group-row-7868,train,train
row-7881,CWE-476,vim,cd929f7ba8cc5b6d6dcf35c8b34124e969fed6b8,CVE-2018-20786,group-row-7868,train,train
row-7896,CWE-125,advancecomp,7894a6e684ce68ddff9f4f4919ab8e3911ac8040,CVE-2019-9210,group-row-7896,train,train
row-7904,CWE-125,php-src,780ff63c377dc79de2c04d6b341913ab0102135b,CVE-2019-9020,group-row-7904,validation,train
row-7905,CWE-125,php-src,780ff63c377dc79de2c04d6b341913ab0102135b,CVE-2019-9020,group-row-7904,validation,train
row-7906,CWE-125,php-src,780ff63c377dc79de2c04d6b341913ab0102135b,CVE-2019-9020,group-row-7904,validation,train
row-7907,CWE-125,php-src,780ff63c377dc79de2c04d6b341913ab0102135b,CVE-2019-9020,group-row-7904,validation,train
row-7908,CWE-125,php-src,c6e34d91b88638966662caac62c4d0e90538e317,CVE-2019-9023,group-row-7908,validation,train
row-7909,CWE-125,php-src,9d6c59eeea88a3e9d7039cb4fed5126ef704593a,CVE-2019-9023,group-row-7908,validation,train
row-7910,CWE-125,php-src,9d6c59eeea88a3e9d7039cb4fed5126ef704593a,CVE-2019-9023,group-row-7908,validation,train
row-7911,CWE-125,php-src,9d6c59eeea88a3e9d7039cb4fed5126ef704593a,CVE-2019-9023,group-row-7908,validation,train
row-7912,CWE-125,php-src,9d6c59eeea88a3e9d7039cb4fed5126ef704593a,CVE-2019-9023,group-row-7908,validation,train
row-7913,CWE-125,php-src,1cc2182bcc81e185c14837e659d12b268cb99d63,CVE-2019-9024,group-row-7913,validation,train
row-7914,CWE-125,php-src,1cc2182bcc81e185c14837e659d12b268cb99d63,CVE-2019-9024,group-row-7913,validation,train
row-7915,CWE-125,php-src,027f68ff10a439c5c331bcbfdd6eb2a5fca0948a,CVE-2019-9024,group-row-7913,validation,train
row-7916,CWE-125,php-src,e617f03066ce81d26f56c06d6bd7787c7de08703,CVE-2019-9025,group-row-7916,validation,train
row-7917,CWE-125,php-src,8d3dfabef459fe7815e8ea2fd68753fd17859d7b,CVE-2019-9022,group-row-7917,validation,train
row-7918,CWE-119,openj9,0971f22d88f42cf7332364ad7430e9bd8681c970,CVE-2018-12547,group-row-7918,train,train
row-7919,CWE-119,openj9,0971f22d88f42cf7332364ad7430e9bd8681c970,CVE-2018-12547,group-row-7918,train,train
row-7921,CWE-476,linux,0a1d52994d440e21def1c2174932410b4f2a98a1,,group-row-7921,train,train
row-7922,CWE-787,edk2,ffe5f7a6b4e978dffbe1df228963adc914451106,CVE-2018-12181,group-row-7922,train,validation
row-7923,CWE-787,edk2,ffe5f7a6b4e978dffbe1df228963adc914451106,CVE-2018-12181,group-row-7922,train,validation
row-7924,CWE-787,edk2,ffe5f7a6b4e978dffbe1df228963adc914451106,CVE-2018-12181,group-row-7922,train,validation
row-7925,CWE-787,edk2,ffe5f7a6b4e978dffbe1df228963adc914451106,CVE-2018-12181,group-row-7922,train,validation
row-7926,CWE-787,edk2,89910a39dcfd788057caa5d88b7e76e112d187b5,CVE-2018-12181,group-row-7922,train,validation
row-7927,CWE-787,edk2,89910a39dcfd788057caa5d88b7e76e112d187b5,CVE-2018-12181,group-row-7922,train,validation
row-7928,CWE-119,gdk-pixbuf,b7bf6fbfb310fceba2d35d4de143b8d5ffdad990,CVE-2017-12447,group-row-7928,test,test
row-7929,CWE-787,libssh2,dc109a7f518757741590bb993c0c8412928ccec2,CVE-2019-3855,group-row-7929,train,validation
row-7930,CWE-787,libssh2,dc109a7f518757741590bb993c0c8412928ccec2,CVE-2019-3855,group-row-7929,train,validation
row-7931,CWE-787,libssh2,dc109a7f518757741590bb993c0c8412928ccec2,CVE-2019-3855,group-row-7929,train,validation
row-7932,CWE-787,libssh2,dc109a7f518757741590bb993c0c8412928ccec2,CVE-2019-3855,group-row-7929,train,validation
row-7933,CWE-787,libssh2,dc109a7f518757741590bb993c0c8412928ccec2,CVE-2019-3855,group-row-7929,train,validation
row-7934,CWE-787,libssh2,dc109a7f518757741590bb993c0c8412928ccec2,CVE-2019-3855,group-row-7929,train,validation
row-7935,CWE-787,libssh2,dc109a7f518757741590bb993c0c8412928ccec2,CVE-2019-3855,group-row-7929,train,validation
row-7936,CWE-787,libssh2,dc109a7f518757741590bb993c0c8412928ccec2,CVE-2019-3855,group-row-7929,train,validation
row-7937,CWE-787,libssh2,dc109a7f518757741590bb993c0c8412928ccec2,CVE-2019-3855,group-row-7929,train,validation
row-7938,CWE-787,libssh2,dc109a7f518757741590bb993c0c8412928ccec2,CVE-2019-3855,group-row-7929,train,validation
row-7939,CWE-787,libssh2,dc109a7f518757741590bb993c0c8412928ccec2,CVE-2019-3855,group-row-7929,train,validation
row-7940,CWE-787,libssh2,dc109a7f518757741590bb993c0c8412928ccec2,CVE-2019-3855,group-row-7929,train,validation
row-7941,CWE-787,libssh2,dc109a7f518757741590bb993c0c8412928ccec2,CVE-2019-3855,group-row-7929,train,validation
row-7942,CWE-787,libssh2,dc109a7f518757741590bb993c0c8412928ccec2,CVE-2019-3855,group-row-7929,train,validation
row-7943,CWE-787,libssh2,dc109a7f518757741590bb993c0c8412928ccec2,CVE-2019-3855,group-row-7929,train,validation
row-7944,CWE-787,libssh2,dc109a7f518757741590bb993c0c8412928ccec2,CVE-2019-3855,group-row-7929,train,validation
row-7945,CWE-787,libssh2,dc109a7f518757741590bb993c0c8412928ccec2,CVE-2019-3855,group-row-7929,train,validation
row-7946,CWE-787,libssh2,dc109a7f518757741590bb993c0c8412928ccec2,CVE-2019-3855,group-row-7929,train,validation
row-7947,CWE-787,libssh2,dc109a7f518757741590bb993c0c8412928ccec2,CVE-2019-3855,group-row-7929,train,validation
row-7948,CWE-787,libssh2,dc109a7f518757741590bb993c0c8412928ccec2,CVE-2019-3855,group-row-7929,train,validation
row-7949,CWE-787,libssh2,dc109a7f518757741590bb993c0c8412928ccec2,CVE-2019-3855,group-row-7929,train,validation
row-7950,CWE-787,libssh2,dc109a7f518757741590bb993c0c8412928ccec2,CVE-2019-3855,group-row-7929,train,validation
row-7951,CWE-787,libssh2,dc109a7f518757741590bb993c0c8412928ccec2,CVE-2019-3855,group-row-7929,train,validation
row-7952,CWE-787,libssh2,dc109a7f518757741590bb993c0c8412928ccec2,CVE-2019-3855,group-row-7929,train,validation
row-7953,CWE-787,libssh2,dc109a7f518757741590bb993c0c8412928ccec2,CVE-2019-3855,group-row-7929,train,validation
row-7954,CWE-787,libssh2,dc109a7f518757741590bb993c0c8412928ccec2,CVE-2019-3855,group-row-7929,train,validation
row-7955,CWE-787,libssh2,dc109a7f518757741590bb993c0c8412928ccec2,CVE-2019-3855,group-row-7929,train,validation
row-7956,CWE-787,libssh2,dc109a7f518757741590bb993c0c8412928ccec2,CVE-2019-3855,group-row-7929,train,validation
row-7957,CWE-787,libssh2,dc109a7f518757741590bb993c0c8412928ccec2,CVE-2019-3855,group-row-7929,train,validation
row-7958,CWE-787,libssh2,dc109a7f518757741590bb993c0c8412928ccec2,CVE-2019-3855,group-row-7929,train,validation
row-7959,CWE-787,libssh2,dc109a7f518757741590bb993c0c8412928ccec2,CVE-2019-3855,group-row-7929,train,validation
row-7966,CWE-401,ImageMagick6,ffedc1feed46ae5dfad2aeaf4bd9c42174ec0ad1,CVE-2019-7175,group-row-7966,train,test
row-7967,CWE-476,cronie,a6576769f01325303b11edc3e0cfb05ef382ce56,CVE-2019-9704,group-row-7967,train,train
row-7968,CWE-476,cronie,a6576769f01325303b11edc3e0cfb05ef382ce56,CVE-2019-9704,group-row-7967,train,train
row-7969,CWE-476,cronie,a6576769f01325303b11edc3e0cfb05ef382ce56,CVE-2019-9704,group-row-7967,train,train
row-7970,CWE-476,cronie,a6576769f01325303b11edc3e0cfb05ef382ce56,CVE-2019-9704,group-row-7967,train,train
row-7971,CWE-476,cronie,a6576769f01325303b11edc3e0cfb05ef382ce56,CVE-2019-9704,group-row-7967,train,train
row-7972,CWE-369,libcaca,84bd155087b93ab2d8d7cb5b1ac94ecd4cf4f93c,CVE-2018-20544,group-row-7972,train,test
row-7983,CWE-264,php-src,e3133e4db70476fb7adfdedb738483e2255ce0e1,CVE-2019-9637,group-row-7983,validation,validation
row-7984,CWE-125,php-src,b82437eeddadf6a3a8c0f492acb6861682cd4d93,CVE-2019-9638,group-row-7984,validation,test
row-7985,CWE-125,php-src,30d2b94a2e88021b77b07149e1f4438662ca8e5e,CVE-2019-9640,group-row-7985,validation,train
row-7986,CWE-125,php-src,30d2b94a2e88021b77b07149e1f4438662ca8e5e,CVE-2019-9640,group-row-7985,validation,train
row-7988,CWE-119,php-src,e0f5d62bd6690169998474b62f92a8c5ddf0e699,CVE-2019-9675,group-row-7988,validation,train
row-8006,CWE-787,poppler,fada09a2ccc11a3a1d308e810f1336d8df6011fd,CVE-2019-9903,group-row-8006,validation,train
row-8007,CWE-476,tar,cb07844454d8cc9fb21f53ace75975f91185a120,CVE-2019-9923,group-row-8007,train,train
row-8008,CWE-787,ImageMagick,34a6a5a45e83a4af852090b4e43f168a380df979,CVE-2019-9956,group-row-8008,train,train
row-8009,CWE-787,ImageMagick6,90401e430840c5ff31ad870f4370bbda1318ac94,CVE-2019-9956,group-row-8008,train,train
row-8010,CWE-20,znc,64613bc8b6b4adf1e32231f9844d99cd512b8973,,group-row-8010,train,train
row-8011,CWE-20,znc,64613bc8b6b4adf1e32231f9844d99cd512b8973,,group-row-8010,train,train
row-8012,CWE-20,znc,64613bc8b6b4adf1e32231f9844d99cd512b8973,,group-row-8010,train,train
row-8013,CWE-20,znc,64613bc8b6b4adf1e32231f9844d99cd512b8973,,group-row-8010,train,train
row-8014,CWE-20,znc,64613bc8b6b4adf1e32231f9844d99cd512b8973,,group-row-8010,train,train
row-8015,CWE-20,znc,64613bc8b6b4adf1e32231f9844d99cd512b8973,,group-row-8010,train,train
row-8016,CWE-119,qemu,da885fe1ee8b4589047484bd7fa05a4905b52b17,CVE-2018-20815,group-row-8016,train,train
row-8017,CWE-119,qemu,065e6298a75164b4347682b63381dbe752c2b156,CVE-2018-20815,group-row-8016,train,train
row-8018,CWE-787,edk2,acebdf14c985c5c9f50b37ece0b15ada87767359,CVE-2019-0161,group-row-8018,train,train
row-8019,CWE-787,edk2,acebdf14c985c5c9f50b37ece0b15ada87767359,CVE-2019-0161,group-row-8018,train,train
row-8020,CWE-787,edk2,acebdf14c985c5c9f50b37ece0b15ada87767359,CVE-2019-0161,group-row-8018,train,train
row-8021,CWE-787,edk2,acebdf14c985c5c9f50b37ece0b15ada87767359,CVE-2019-0161,group-row-8018,train,train
row-8022,CWE-787,edk2,72750e3bf9174f15c17e78f0f117b5e7311bb49f,CVE-2019-0161,group-row-8018,train,train
row-8023,CWE-787,edk2,72750e3bf9174f15c17e78f0f117b5e7311bb49f,CVE-2019-0161,group-row-8018,train,train
row-8024,CWE-787,edk2,72750e3bf9174f15c17e78f0f117b5e7311bb49f,CVE-2019-0161,group-row-8018,train,train
row-8025,CWE-787,edk2,72750e3bf9174f15c17e78f0f117b5e7311bb49f,CVE-2019-0161,group-row-8018,train,train
row-8026,CWE-787,edk2,0a0d5296e448fc350de1594c49b9c0deff7fad60,CVE-2018-12183,group-row-8026,train,test
row-8027,CWE-401,linux-fs,62c9d2674b31d4c8a674bee86b7edc6da2803aea,CVE-2019-9857,group-row-8027,validation,validation
row-8038,CWE-416,mod_h2,576ed4866e88dfca432b2b92576a7590d6118a79,CVE-2019-0196,group-row-8038,train,train
row-8049,CWE-416,linux,84c4e1f89fefe70554da0ab33be72c9be7994379,CVE-2019-10125,group-row-8049,train,validation
row-8050,CWE-416,linux,84c4e1f89fefe70554da0ab33be72c9be7994379,CVE-2019-10125,group-row-8049,train,validation
row-8051,CWE-416,linux,84c4e1f89fefe70554da0ab33be72c9be7994379,CVE-2019-10125,group-row-8049,train,validation
row-8052,CWE-416,linux,84c4e1f89fefe70554da0ab33be72c9be7994379,CVE-2019-10125,group-row-8049,train,validation
row-8053,CWE-416,linux,84c4e1f89fefe70554da0ab33be72c9be7994379,CVE-2019-10125,group-row-8049,train,validation
row-8054,CWE-416,linux,84c4e1f89fefe70554da0ab33be72c9be7994379,CVE-2019-10125,group-row-8049,train,validation
row-8055,CWE-416,linux,84c4e1f89fefe70554da0ab33be72c9be7994379,CVE-2019-10125,group-row-8049,train,validation
row-8056,CWE-416,linux,84c4e1f89fefe70554da0ab33be72c9be7994379,CVE-2019-10125,group-row-8049,train,validation
row-8057,CWE-416,linux,84c4e1f89fefe70554da0ab33be72c9be7994379,CVE-2019-10125,group-row-8049,train,validation
row-8058,CWE-416,linux,84c4e1f89fefe70554da0ab33be72c9be7994379,CVE-2019-10125,group-row-8049,train,validation
row-8059,CWE-125,ImageMagick,07eebcd72f45c8fd7563d3f9ec5d2bed48f65f36,,group-row-8059,train,train
row-8060,CWE-125,ImageMagick,07eebcd72f45c8fd7563d3f9ec5d2bed48f65f36,,group-row-8059,train,train
row-8061,CWE-125,ImageMagick,58d9c46929ca0828edde34d263700c3a5fe8dc3c,,group-row-8061,train,test
row-8062,CWE-125,ImageMagick,58d9c46929ca0828edde34d263700c3a5fe8dc3c,,group-row-8061,train,test
row-8065,CWE-787,bwa,20d0a13092aa4cb73230492b05f9697d5ef0b88e,CVE-2019-10269,group-row-8065,train,train
row-8066,CWE-787,wget,692d5c5215de0db482c252492a92fc424cc6a97c,CVE-2019-5953,group-row-8066,test,train
row-8067,CWE-787,wget,562eacb76a2b64d5dc80a443f0f739bc9ef76c17,CVE-2019-5953,group-row-8066,test,train
row-8070,CWE-59,libqb,e322e98dc264bc5911d6fe1d371e55ac9f95a71e,CVE-2019-12779,group-row-8070,validation,train
row-8071,CWE-59,libqb,e322e98dc264bc5911d6fe1d371e55ac9f95a71e,CVE-2019-12779,group-row-8070,validation,train
row-8072,CWE-59,libqb,e322e98dc264bc5911d6fe1d371e55ac9f95a71e,CVE-2019-12779,group-row-8070,validation,train
row-8073,CWE-59,libqb,e322e98dc264bc5911d6fe1d371e55ac9f95a71e,CVE-2019-12779,group-row-8070,validation,train
row-8074,CWE-59,libqb,e322e98dc264bc5911d6fe1d371e55ac9f95a71e,CVE-2019-12779,group-row-8070,validation,train
row-8075,CWE-59,libqb,7cd7b06d52ac80c343f362c7e39ef75495439dfc,CVE-2019-12779,group-row-8070,validation,train
row-8076,CWE-59,libqb,7cd7b06d52ac80c343f362c7e39ef75495439dfc,CVE-2019-12779,group-row-8070,validation,train
row-8077,CWE-59,libqb,7cd7b06d52ac80c343f362c7e39ef75495439dfc,CVE-2019-12779,group-row-8070,validation,train
row-8079,CWE-20,flatpak,902fb713990a8f968ea4350c7c2a27ff46f1a6c4,CVE-2019-10063,group-row-8079,train,test
row-8080,CWE-20,flatpak,a9107feeb4b8275b78965b36bf21b92d5724699e,CVE-2019-10063,group-row-8079,train,test
row-8081,CWE-416,linux,7bada55ab50697861eee6bb7d60b41e68a961a9c,CVE-2019-2025,group-row-8081,train,validation
row-8082,CWE-416,linux,7bada55ab50697861eee6bb7d60b41e68a961a9c,CVE-2019-2025,group-row-8081,train,validation
row-8083,CWE-416,linux,7bada55ab50697861eee6bb7d60b41e68a961a9c,CVE-2019-2025,group-row-8081,train,validation
row-8084,CWE-416,linux,7bada55ab50697861eee6bb7d60b41e68a961a9c,CVE-2019-2025,group-row-8081,train,validation
row-8085,CWE-200,linux,91efafb1dd8f471177a3dddb4841d75d3df1cc46,CVE-2018-20449,group-row-8085,train,validation
row-8089,CWE-190,lighttpd1.4,32120d5b8b3203fc21ccb9eafb0eaf824bb59354,CVE-2019-11072,group-row-8089,train,test
row-8090,CWE-190,lighttpd1.4,32120d5b8b3203fc21ccb9eafb0eaf824bb59354,CVE-2019-11072,group-row-8089,train,test
row-8093,CWE-401,ImageMagick6,e3417aebe17cbe274b7361aa92c83226ca5b646b,CVE-2019-10649,group-row-8093,train,train
row-8094,CWE-125,ImageMagick6,d8d844c6f23f4d90d8fe893fe9225dd78fc1e6ef,CVE-2019-10650,group-row-8094,train,validation
row-8095,CWE-125,ImageMagick,b0fe1aa7c2ed7becb892f121abdd68a6e6e0ce0b,CVE-2019-10650,group-row-8094,train,validation
row-8096,CWE-787,linux,1b5e2423164b3670e8bc9174e4762d297990deff,CVE-2019-9500,group-row-8096,train,train
row-8099,CWE-20,linux,a4176ec356c73a46c07c181c6d04039fafa34a9f,CVE-2019-9503,group-row-8099,train,train
row-8100,CWE-20,linux,a4176ec356c73a46c07c181c6d04039fafa34a9f,CVE-2019-9503,group-row-8099,train,train
row-8101,CWE-20,linux,a4176ec356c73a46c07c181c6d04039fafa34a9f,CVE-2019-9503,group-row-8099,train,train
row-8102,CWE-20,linux,a4176ec356c73a46c07c181c6d04039fafa34a9f,CVE-2019-9503,group-row-8099,train,train
row-8105,CWE-125,php-src,887a7b571407f7a49a5e7cf1e612d21ef83fedb4,CVE-2019-11035,group-row-8105,validation,test
row-8106,CWE-125,php-src,887a7b571407f7a49a5e7cf1e612d21ef83fedb4,CVE-2019-11035,group-row-8105,validation,test
row-8107,CWE-125,php-src,887a7b571407f7a49a5e7cf1e612d21ef83fedb4,CVE-2019-11035,group-row-8105,validation,test
row-8108,CWE-125,php-src,887a7b571407f7a49a5e7cf1e612d21ef83fedb4,CVE-2019-11035,group-row-8105,validation,test
row-8109,CWE-125,php-src,887a7b571407f7a49a5e7cf1e612d21ef83fedb4,CVE-2019-11035,group-row-8105,validation,test
row-8110,CWE-125,php-src,887a7b571407f7a49a5e7cf1e612d21ef83fedb4,CVE-2019-11035,group-row-8105,validation,test
row-8111,CWE-125,php-src,887a7b571407f7a49a5e7cf1e612d21ef83fedb4,CVE-2019-11035,group-row-8105,validation,test
row-8112,CWE-125,php-src,330f1716df49c0d3474c18b6dcd370a9dcf57422,CVE-2019-11035,group-row-8105,validation,test
row-8113,CWE-125,php-src,330f1716df49c0d3474c18b6dcd370a9dcf57422,CVE-2019-11035,group-row-8105,validation,test
row-8114,CWE-125,php-src,f3aefc6d071b807ddacae0a0bc49f09c38e18490,CVE-2019-11034,group-row-8114,validation,train
row-8115,CWE-125,php-src,a1631ac57b853edd81431e57c266ec813e180acd,CVE-2019-11034,group-row-8114,validation,train
row-8116,CWE-125,php-src,1c0d06441aefee18b30520e2b1ae89cbfcf56a59,CVE-2019-11034,group-row-8114,validation,train
row-8129,CWE-125,ImageMagick,f06925afeabe3f01045db33d5a33d55e64378ebc,CVE-2019-11597,group-row-8129,train,train
row-8130,CWE-125,ImageMagick6,1d6c036f0388d7857c725342f7212b60e39a14c1,CVE-2019-11597,group-row-8129,train,train
row-8131,CWE-125,ImageMagick,c111ed9b035532c2c81ea569f2d22fded9517287,CVE-2019-11598,group-row-8131,train,train
row-8132,CWE-125,ImageMagick6,e2a21735e3a3f3930bd431585ec36334c4c2eb77,CVE-2019-11598,group-row-8131,train,train
row-8146,CWE-125,php-src,f80ad18afae2230c2c1802c7d829100af646874e,CVE-2019-11036,group-row-8146,validation,validation
row-8147,CWE-787,net,4dd2b82d5adfbe0b1587ccad7a8f76d826120f37,CVE-2019-11683,group-row-8147,train,train
row-8148,CWE-369,ImageMagick6,f663dfb8431c97d95682a2b533cca1c8233d21b4,,group-row-8148,train,validation
row-8149,CWE-369,ImageMagick,ab3e2be9b387919ef5c25977c4c054fb9dc089a6,CVE-2019-11472,group-row-8149,train,train
row-8151,CWE-400,ImageMagick6,a0473b29add9521ffd4c74f6f623b418811762b0,CVE-2019-11470,group-row-8151,train,train
row-8154,CWE-416,sqlite,4ded26a53c4df312e9fd06facbbf70377e969983,CVE-2019-5018,group-row-8154,train,train
row-8155,CWE-416,sqlite,4ded26a53c4df312e9fd06facbbf70377e969983,CVE-2019-5018,group-row-8154,train,train
row-8156,CWE-416,sqlite,4ded26a53c4df312e9fd06facbbf70377e969983,CVE-2019-5018,group-row-8154,train,train
row-8157,CWE-400,ImageMagick6,4a8a6274f5e690f9106a998de9b8a8f3929402bc,CVE-2017-12806,group-row-8157,train,train
row-8159,CWE-400,ImageMagick,5fcb3321ae36c4dda0f460a0defc99b5b4db55ef,CVE-2017-12805,group-row-8159,train,validation
row-8160,CWE-400,ImageMagick6,0701e59f00194897494fa2be74cee8ca626d8f6f,CVE-2017-12805,group-row-8159,train,validation
row-8161,CWE-400,ImageMagick6,9c31c956a1b2d65d0be0636d2eab3cd787897d35,CVE-2017-12805,group-row-8159,train,validation
row-8162,CWE-119,advancecomp,78a56b21340157775be2462a19276b4d31d2bd01,CVE-2019-8383,group-row-8162,train,train
row-8163,CWE-787,imagick,7187b37250b87edb75160c7beda980f2fa308f5d,CVE-2019-11037,group-row-8163,train,train
row-8164,CWE-787,imagick,7187b37250b87edb75160c7beda980f2fa308f5d,CVE-2019-11037,group-row-8163,train,train
row-8165,CWE-476,linux,bcf3b67d16a4c8ffae0aa79de5853435e683945c,,group-row-8165,train,train
row-8166,CWE-416,linux,401e7e88d4ef80188ffa07095ac00456f901b8c4,,group-row-8166,train,train
row-8167,CWE-416,linux,401e7e88d4ef80188ffa07095ac00456f901b8c4,,group-row-8166,train,train
row-8168,CWE-416,linux,401e7e88d4ef80188ffa07095ac00456f901b8c4,,group-row-8166,train,train
row-8176,CWE-20,linux,51b00d8509dc69c98740da2ad07308b630d3eb7d,CVE-2019-11085,group-row-8176,train,train
row-8181,CWE-190,linux,6a024330650e24556b8a18cc654ad00cfecf6c6c,CVE-2019-10142,group-row-8181,train,test
row-8182,CWE-476,miniupnp,cb8a02af7a5677cf608e86d57ab04241cf34e24f,,group-row-8182,train,train
row-8185,CWE-476,qemu,d52680fc932efb8a2f334cc6993e705ed1e31e99,CVE-2019-12155,group-row-8185,train,train
row-8186,CWE-125,poppler,89a5367d49b2556a2635dbb6d48d6a6b182a2c6c,CVE-2019-12293,group-row-8186,validation,train
row-8187,CWE-119,libxslt,8b90c9a699e0eaa98bbeec63a473ddc73aaa238c,CVE-2016-4609,group-row-8187,train,train
row-8188,CWE-476,miniupnp,f321c2066b96d18afa5158dfa2d2873a2957ef38,CVE-2019-12110,group-row-8188,train,test
row-8189,CWE-476,miniupnp,13585f15c7f7dc28bbbba1661efb280d530d114c,,group-row-8189,train,validation
row-8190,CWE-476,miniupnp,86030db849260dd8fb2ed975b9890aef1b62b692,,group-row-8190,train,train
row-8192,CWE-416,miniupnp,cd506a67e174a45c6a202eff182a712955ed6d6f,,group-row-8192,train,train
row-8197,CWE-476,net,95baa60a0da80a0143e3ddd4d3725758b4513825,CVE-2019-12378,group-row-8197,train,train
row-8198,CWE-401,tty,84ecc2f6eb1cb12e6d44818f94fa49b50f06e6ac,CVE-2019-12379,group-row-8198,validation,train
row-8199,CWE-401,tty,15b3cd8ef46ad1b100e0d3c7e38774f330726820,CVE-2019-12379,group-row-8198,validation,train
row-8202,CWE-476,net,425aa0e1d01513437668fa3d4a971168bbaa8515,CVE-2019-12381,group-row-8202,train,train
row-8205,CWE-476,linux,0ad646c81b2182f7fa67ec0c8c825e0ee165696d,,group-row-8205,train,validation
row-8206,CWE-476,linux,0ad646c81b2182f7fa67ec0c8c825e0ee165696d,,group-row-8205,train,validation
row-8207,CWE-476,linux,5c25f65fd1e42685f7ccd80e0621829c105785d9,,group-row-8207,train,train
row-8208,CWE-119,libxslt,93bb314768aafaffad1df15bbee10b7c5423e283,CVE-2016-4610,group-row-8208,train,train
row-8212,CWE-125,sqlite,e41fd72acc7a06ce5a6a7d28154db1ffe8ba37a8,CVE-2019-8457,group-row-8212,train,train
row-8213,CWE-476,linux,fcdf445ff42f036d22178b49cf64e92d527c1330,CVE-2019-12455,group-row-8213,train,train
row-8215,CWE-200,pam-u2f,18b1914e32b74ff52000f10e97067e841e5fff62,CVE-2019-12210,group-row-8215,train,train
row-8216,CWE-200,pam-u2f,18b1914e32b74ff52000f10e97067e841e5fff62,CVE-2019-12210,group-row-8215,train,train
row-8217,CWE-200,pam-u2f,18b1914e32b74ff52000f10e97067e841e5fff62,CVE-2019-12210,group-row-8215,train,train
row-8218,CWE-787,cyrus-imapd,a5779db8163b99463e25e7c476f9cbba438b65f3,CVE-2019-11356,group-row-8218,train,train
row-8219,CWE-787,cyrus-imapd,a5779db8163b99463e25e7c476f9cbba438b65f3,CVE-2019-11356,group-row-8218,train,train
row-8224,CWE-476,linux,efa9ace68e487ddd29c2b4d6dd23242158f1f607,CVE-2019-12614,group-row-8224,train,train
row-8225,CWE-476,sparc,80caf43549e7e41a695c6d1e11066286538b336f,CVE-2019-12615,group-row-8225,train,train
row-8227,CWE-190,net,3b4929f65b0d8249f19a50245cd88ed1a2f78cff,CVE-2019-11477,group-row-8227,train,train
row-8228,CWE-190,net,3b4929f65b0d8249f19a50245cd88ed1a2f78cff,CVE-2019-11477,group-row-8227,train,train
row-8229,CWE-190,net,3b4929f65b0d8249f19a50245cd88ed1a2f78cff,CVE-2019-11477,group-row-8227,train,train
row-8230,CWE-190,net,3b4929f65b0d8249f19a50245cd88ed1a2f78cff,CVE-2019-11477,group-row-8227,train,train
row-8231,CWE-190,net,3b4929f65b0d8249f19a50245cd88ed1a2f78cff,CVE-2019-11477,group-row-8227,train,train
row-8232,CWE-400,net,f070ef2ac66716357066b683fb0baf55f8191a2e,CVE-2019-11478,group-row-8232,train,test
row-8233,CWE-770,net,967c05aee439e6e5d7d805e195b3a20ef5c433d6,CVE-2019-11479,group-row-8233,train,test
row-8235,CWE-59,dbus,47b1a4c41004bf494b87370987b222c934b19016,CVE-2019-12749,group-row-8235,train,train
row-8236,CWE-787,linux,ca72d88378b2f2444d3ec145dd442d449d3fefbc,CVE-2019-12817,group-row-8236,train,train
row-8237,CWE-416,linux,6ff7b060535e87c2ae14dd8548512abfdda528fb,,group-row-8237,train,train
row-8238,CWE-476,linux,58bdd544e2933a21a51eecf17c3f5f94038261b5,,group-row-8238,train,train
row-8239,CWE-476,linux,58bdd544e2933a21a51eecf17c3f5f94038261b5,,group-row-8238,train,train
row-8240,CWE-476,linux,58bdd544e2933a21a51eecf17c3f5f94038261b5,,group-row-8238,train,train
row-8241,CWE-416,radare2,93af319e0af787ede96537d46210369f5c24240c,CVE-2019-12802,group-row-8241,train,train
row-8242,CWE-125,radare2,e710401ebb4a892a87b0c709d709af8b5dcbbb01,CVE-2019-12790,group-row-8242,train,train
row-8244,CWE-787,redis,e216ceaf0e099536fe3658a29dcb725d812364e0,CVE-2019-10192,group-row-8244,test,test
row-8245,CWE-787,redis,e216ceaf0e099536fe3658a29dcb725d812364e0,CVE-2019-10192,group-row-8244,test,test
row-8246,CWE-787,redis,9f13b2bd4967334b1701c6eccdf53760cb13f79e,CVE-2019-10192,group-row-8244,test,test
row-8247,CWE-787,redis,9f13b2bd4967334b1701c6eccdf53760cb13f79e,CVE-2019-10192,group-row-8244,test,test
row-8249,CWE-125,php-src,7cf7148a8f8f4f55fb04de2a517d740bb6253eac,CVE-2019-11039,group-row-8249,validation,train
row-8250,CWE-125,php-src,70523ce41ff400ea00343a03f297332cb1f1b77b,CVE-2019-11039,group-row-8249,validation,train
row-8251,CWE-125,php-src,73ff4193be24192c894dc0502d06e2b2db35eefb,CVE-2019-11040,group-row-8251,validation,train
row-8254,CWE-787,bzip2,74de1e2e6ffc9d51ef9824db71a8ffee5962cdbc,CVE-2019-12900,group-row-8254,train,train
row-8256,CWE-476,linux,385097a3675749cbc9e97c085c0e5dfe4269ca51,,group-row-8256,train,train
row-8269,CWE-401,ImageMagick6,210474b2fac6a661bfa7ed563213920e93e76395,CVE-2019-13133,group-row-8269,train,train
row-8270,CWE-401,ImageMagick6,210474b2fac6a661bfa7ed563213920e93e76395,CVE-2019-13133,group-row-8269,train,train
row-8271,CWE-401,ImageMagick6,210474b2fac6a661bfa7ed563213920e93e76395,CVE-2019-13133,group-row-8269,train,train
row-8272,CWE-401,ImageMagick6,210474b2fac6a661bfa7ed563213920e93e76395,CVE-2019-13133,group-row-8269,train,train
row-8273,CWE-401,ImageMagick6,210474b2fac6a661bfa7ed563213920e93e76395,CVE-2019-13133,group-row-8269,train,train
row-8274,CWE-401,ImageMagick6,210474b2fac6a661bfa7ed563213920e93e76395,CVE-2019-13133,group-row-8269,train,train
row-8275,CWE-401,ImageMagick6,210474b2fac6a661bfa7ed563213920e93e76395,CVE-2019-13133,group-row-8269,train,train
row-8276,CWE-401,ImageMagick6,210474b2fac6a661bfa7ed563213920e93e76395,CVE-2019-13133,group-row-8269,train,train
row-8277,CWE-401,ImageMagick6,210474b2fac6a661bfa7ed563213920e93e76395,CVE-2019-13133,group-row-8269,train,train
row-8278,CWE-401,ImageMagick6,210474b2fac6a661bfa7ed563213920e93e76395,CVE-2019-13133,group-row-8269,train,train
row-8279,CWE-401,ImageMagick6,210474b2fac6a661bfa7ed563213920e93e76395,CVE-2019-13133,group-row-8269,train,train
row-8280,CWE-401,ImageMagick6,210474b2fac6a661bfa7ed563213920e93e76395,CVE-2019-13133,group-row-8269,train,train
row-8281,CWE-401,ImageMagick6,210474b2fac6a661bfa7ed563213920e93e76395,CVE-2019-13133,group-row-8269,train,train
row-8282,CWE-401,ImageMagick6,210474b2fac6a661bfa7ed563213920e93e76395,CVE-2019-13133,group-row-8269,train,train
row-8283,CWE-401,ImageMagick6,210474b2fac6a661bfa7ed563213920e93e76395,CVE-2019-13133,group-row-8269,train,train
row-8284,CWE-401,ImageMagick6,210474b2fac6a661bfa7ed563213920e93e76395,CVE-2019-13133,group-row-8269,train,train
row-8285,CWE-401,ImageMagick6,210474b2fac6a661bfa7ed563213920e93e76395,CVE-2019-13133,group-row-8269,train,train
row-8286,CWE-401,ImageMagick6,210474b2fac6a661bfa7ed563213920e93e76395,CVE-2019-13133,group-row-8269,train,train
row-8287,CWE-401,ImageMagick6,210474b2fac6a661bfa7ed563213920e93e76395,CVE-2019-13133,group-row-8269,train,train
row-8288,CWE-401,ImageMagick6,210474b2fac6a661bfa7ed563213920e93e76395,CVE-2019-13133,group-row-8269,train,train
row-8289,CWE-401,ImageMagick6,210474b2fac6a661bfa7ed563213920e93e76395,CVE-2019-13133,group-row-8269,train,train
row-8290,CWE-401,ImageMagick6,210474b2fac6a661bfa7ed563213920e93e76395,CVE-2019-13133,group-row-8269,train,train
row-8291,CWE-401,ImageMagick6,210474b2fac6a661bfa7ed563213920e93e76395,CVE-2019-13133,group-row-8269,train,train
row-8292,CWE-401,ImageMagick6,210474b2fac6a661bfa7ed563213920e93e76395,CVE-2019-13133,group-row-8269,train,train
row-8293,CWE-401,ImageMagick6,210474b2fac6a661bfa7ed563213920e93e76395,CVE-2019-13133,group-row-8269,train,train
row-8294,CWE-401,ImageMagick6,210474b2fac6a661bfa7ed563213920e93e76395,CVE-2019-13133,group-row-8269,train,train
row-8295,CWE-401,ImageMagick6,210474b2fac6a661bfa7ed563213920e93e76395,CVE-2019-13133,group-row-8269,train,train
row-8296,CWE-401,ImageMagick6,210474b2fac6a661bfa7ed563213920e93e76395,CVE-2019-13133,group-row-8269,train,train
row-8297,CWE-401,ImageMagick6,210474b2fac6a661bfa7ed563213920e93e76395,CVE-2019-13133,group-row-8269,train,train
row-8298,CWE-401,ImageMagick6,210474b2fac6a661bfa7ed563213920e93e76395,CVE-2019-13133,group-row-8269,train,train
row-8299,CWE-401,ImageMagick6,210474b2fac6a661bfa7ed563213920e93e76395,CVE-2019-13133,group-row-8269,train,train
row-8301,CWE-401,ImageMagick,a5eeacb1bd5536f4f53f36e4ad6fa50b4b1261ca,CVE-2019-13137,group-row-8301,train,train
row-8304,CWE-190,ImageMagick,fe5f4b85e6b1b54d3b4588a77133c06ade46d891,,group-row-8304,train,validation
row-8308,CWE-787,redis,a4b90be9fcd5e1668ac941cabce3b1ab38dbe326,CVE-2019-10193,group-row-8308,test,train
row-8309,CWE-125,ImageMagick,7c2c5ba5b8e3a0b2b82f56c71dfab74ed4006df7,,group-row-8309,train,train
row-8310,CWE-125,ImageMagick,7c2c5ba5b8e3a0b2b82f56c71dfab74ed4006df7,,group-row-8309,train,train
row-8311,CWE-125,ImageMagick6,f6ffc702c6eecd963587273a429dcd608c648984,,group-row-8311,train,train
row-8312,CWE-125,ImageMagick6,f6ffc702c6eecd963587273a429dcd608c648984,,group-row-8311,train,train
row-8317,CWE-400,unzip,41beb477c5744bc396fa1162ee0c14218ec12213,CVE-2019-13232,group-row-8317,train,train
row-8318,CWE-400,unzip,47b3ceae397d21bf822bc2ac73052a4b1daf8e1c,CVE-2019-13232,group-row-8317,train,train
row-8319,CWE-400,unzip,47b3ceae397d21bf822bc2ac73052a4b1daf8e1c,CVE-2019-13232,group-row-8317,train,train
row-8320,CWE-400,unzip,47b3ceae397d21bf822bc2ac73052a4b1daf8e1c,CVE-2019-13232,group-row-8317,train,train
row-8321,CWE-400,unzip,47b3ceae397d21bf822bc2ac73052a4b1daf8e1c,CVE-2019-13232,group-row-8317,train,train
row-8322,CWE-400,unzip,47b3ceae397d21bf822bc2ac73052a4b1daf8e1c,CVE-2019-13232,group-row-8317,train,train
row-8323,CWE-400,unzip,6d351831be705cc26d897db44f878a978f4138fc,CVE-2019-13232,group-row-8317,train,train
row-8324,CWE-400,unzip,6d351831be705cc26d897db44f878a978f4138fc,CVE-2019-13232,group-row-8317,train,train
row-8332,CWE-369,ImageMagick,1ddcf2e4f28029a888cadef2e757509ef5047ad8,,group-row-8332,train,train
row-8333,CWE-369,ImageMagick6,4f31d78716ac94c85c244efcea368fea202e2ed4,,group-row-8333,train,train
row-8334,CWE-190,exiv2,8cd95e221889e41e9cc153e2cfb5a7b41c7bc7a4,CVE-2019-13108,group-row-8334,train,train
row-8335,CWE-190,exiv2,491c3ebe3b3faa6d8f75fb28146186792c2439da,CVE-2019-13109,group-row-8335,train,validation
row-8336,CWE-190,exiv2,6fa2e31206127bd8bcac0269311f3775a8d6ea21,CVE-2019-13109,group-row-8335,train,validation
row-8337,CWE-125,exiv2,9628f82084ed30d494ddd4f7360d233801e22967,CVE-2019-13110,group-row-8337,train,train
row-8338,CWE-125,exiv2,c0ecc2ae36f34462be98623deb85ba1747ae2175,CVE-2019-13110,group-row-8337,train,train
row-8339,CWE-190,exiv2,c73d1e27198a389ce7caf52ac30f8e2120acdafd,CVE-2019-13111,group-row-8339,train,train
row-8340,CWE-190,exiv2,c73d1e27198a389ce7caf52ac30f8e2120acdafd,CVE-2019-13111,group-row-8339,train,train
row-8341,CWE-190,exiv2,c73d1e27198a389ce7caf52ac30f8e2120acdafd,CVE-2019-13111,group-row-8339,train,train
row-8342,CWE-190,exiv2,caa4e6745a76a23bb80127cf54c0d65096ae684c,CVE-2019-13111,group-row-8339,train,train
row-8343,CWE-770,exiv2,43f154f44b838e6b232193ccbd48e5a2e94bdd35,CVE-2019-13112,group-row-8343,train,train
row-8344,CWE-617,exiv2,6212806b7637be683a56c769a8d905153996d933,CVE-2019-13113,group-row-8344,train,train
row-8345,CWE-476,exiv2,ccde30afa8ca787a3fe17388a15977f107a53b72,CVE-2019-13114,group-row-8345,train,train
row-8346,CWE-476,exiv2,ae20c30805b330275b2aa0303a42e1f2bbd53661,CVE-2019-13114,group-row-8345,train,train
row-8347,CWE-369,openjpeg,c5bd64ea146162967c29bd2af0cbb845ba3eaaaf,,group-row-8347,validation,validation
row-8348,CWE-369,openjpeg,c5bd64ea146162967c29bd2af0cbb845ba3eaaaf,,group-row-8347,validation,validation
row-8349,CWE-369,openjpeg,c5bd64ea146162967c29bd2af0cbb845ba3eaaaf,,group-row-8347,validation,validation
row-8350,CWE-190,openjpeg,5d00b719f4b93b1445e6fb4c766b9a9883c57949,,group-row-8350,validation,train
row-8351,CWE-190,openjpeg,5d00b719f4b93b1445e6fb4c766b9a9883c57949,,group-row-8350,validation,train
row-8352,CWE-20,openjpeg,e1740e7ce79d0a1676db4da0f4189b64e85f52cb,CVE-2018-20846,group-row-8352,validation,train
row-8353,CWE-20,openjpeg,e1740e7ce79d0a1676db4da0f4189b64e85f52cb,CVE-2018-20846,group-row-8352,validation,train
row-8354,CWE-20,openjpeg,e1740e7ce79d0a1676db4da0f4189b64e85f52cb,CVE-2018-20846,group-row-8352,validation,train
row-8355,CWE-20,openjpeg,e1740e7ce79d0a1676db4da0f4189b64e85f52cb,CVE-2018-20846,group-row-8352,validation,train
row-8356,CWE-20,openjpeg,e1740e7ce79d0a1676db4da0f4189b64e85f52cb,CVE-2018-20846,group-row-8352,validation,train
row-8357,CWE-20,openjpeg,e1740e7ce79d0a1676db4da0f4189b64e85f52cb,CVE-2018-20846,group-row-8352,validation,train
row-8370,CWE-125,exiv2,bd0afe0390439b2c424d881c8c6eb0c5624e31d9,CVE-2019-13504,group-row-8370,train,train
row-8371,CWE-125,exiv2,edb4bf78ca5820f2c7a852c8f2df11e6aba45704,CVE-2019-13504,group-row-8370,train,train
row-8372,CWE-125,exiv2,edb4bf78ca5820f2c7a852c8f2df11e6aba45704,CVE-2019-13504,group-row-8370,train,train
row-8373,CWE-369,WavPack,4c0faba32fddbd0745cbfaf1e1aeb3da5d35b9fc,,group-row-8373,train,train
row-8395,CWE-401,ImageMagick6,0b7d3675438cbcde824e751895847a0794406e08,CVE-2019-13301,group-row-8395,train,train
row-8401,CWE-125,ImageMagick,933bf025119f0de25ee589b706c09c8bb46d5a48,CVE-2019-13299,group-row-8401,train,train
row-8405,CWE-125,ImageMagick6,35c7032723d85eee7318ff6c82f031fa2666b773,,group-row-8405,train,train
row-8406,CWE-125,ImageMagick,604588fc35c7585abb7a9e71f69bb82e4389fefc,,group-row-8406,train,train
row-8409,CWE-125,ImageMagick6,55e6dc49f1a381d9d511ee2f888fdc3e3c3e3953,,group-row-8409,train,train
row-8412,CWE-476,ImageMagick6,b4391bdd60df0a77e97a6ef1674f2ffef0e19e24,CVE-2019-12974,group-row-8412,train,train
row-8413,CWE-476,ImageMagick6,b4391bdd60df0a77e97a6ef1674f2ffef0e19e24,CVE-2019-12974,group-row-8412,train,train
row-8414,CWE-476,ImageMagick,b4dd4d266f2d450a2996abf5294671d888991132,CVE-2019-12974,group-row-8412,train,train
row-8415,CWE-476,ImageMagick,b4dd4d266f2d450a2996abf5294671d888991132,CVE-2019-12974,group-row-8412,train,train
row-8416,CWE-401,ImageMagick6,b9c3aa197020ca091a21145cf46855afd4ddcb07,CVE-2019-12975,group-row-8416,train,train
row-8417,CWE-401,ImageMagick,ee5b9c56b9ca18ed0750f8a15e0d1a6da92a6e99,CVE-2019-12975,group-row-8416,train,train
row-8418,CWE-401,ImageMagick6,ff840181f631b1b7f29160cae24d792fcd176bae,CVE-2019-12976,group-row-8418,train,train
row-8419,CWE-401,ImageMagick,c0fe488e7052f68d4eb7768805a857ef6fef928d,CVE-2019-12976,group-row-8418,train,train
row-8426,CWE-190,poppler,68ef84e5968a4249c2162b839ca6d7975048a557,CVE-2019-9959,group-row-8426,validation,train
row-8427,CWE-59,patch,dce4683cbbe107a95f1f0d45fabc304acfb5d71a,CVE-2019-13636,group-row-8427,test,validation
row-8428,CWE-59,patch,dce4683cbbe107a95f1f0d45fabc304acfb5d71a,CVE-2019-13636,group-row-8427,test,validation
row-8429,CWE-59,patch,dce4683cbbe107a95f1f0d45fabc304acfb5d71a,CVE-2019-13636,group-row-8427,test,validation
row-8430,CWE-59,patch,dce4683cbbe107a95f1f0d45fabc304acfb5d71a,CVE-2019-13636,group-row-8427,test,validation
row-8431,CWE-59,patch,dce4683cbbe107a95f1f0d45fabc304acfb5d71a,CVE-2019-13636,group-row-8427,test,validation
row-8432,CWE-59,patch,dce4683cbbe107a95f1f0d45fabc304acfb5d71a,CVE-2019-13636,group-row-8427,test,validation
row-8434,CWE-20,libpng,347538efbdc21b8df684ebd92d37400b3ce85d55,CVE-2017-12652,group-row-8434,test,validation
row-8435,CWE-20,libpng,347538efbdc21b8df684ebd92d37400b3ce85d55,CVE-2017-12652,group-row-8434,test,validation
row-8437,CWE-369,linux,f3554aeb991214cbfafd17d55e2bfddb50282e32,,group-row-8437,train,train
row-8438,CWE-369,linux,f3554aeb991214cbfafd17d55e2bfddb50282e32,,group-row-8437,train,train
row-8439,CWE-787,libslirp,126c04acbabd7ad32c2b018fe10dfac2a3bc1210,CVE-2019-14378,group-row-8439,train,train
row-8440,CWE-125,php-src,8947fd9e9fdce87cd6c59817b1db58e789538fe9,CVE-2019-20454,group-row-8440,validation,validation
row-8442,CWE-22,Sigil,04e2f280cc4a0766bedcc7b9eb56449ceecc2ad4,,group-row-8442,train,train
row-8444,CWE-22,Sigil,0979ba8d10c96ebca330715bfd4494ea0e019a8f,,group-row-8444,train,train
row-8455,CWE-190,nfdump,3b006ededaf351f1723aea6c727c9edd1b1fff9b,,group-row-8455,train,train
row-8456,CWE-190,nfdump,3b006ededaf351f1723aea6c727c9edd1b1fff9b,,group-row-8455,train,train
row-8503,CWE-787,pango,490f8979a260c16b1df055eab386345da18a2d54,CVE-2019-1010238,group-row-8503,train,train
row-8504,CWE-120,cups,f24e6cf6a39300ad0c3726a41a4aab51ad54c109,CVE-2019-8675,group-row-8504,train,train
row-8505,CWE-120,cups,f24e6cf6a39300ad0c3726a41a4aab51ad54c109,CVE-2019-8675,group-row-8504,train,train
row-8506,CWE-120,cups,f24e6cf6a39300ad0c3726a41a4aab51ad54c109,CVE-2019-8675,group-row-8504,train,train
row-8507,CWE-120,cups,f24e6cf6a39300ad0c3726a41a4aab51ad54c109,CVE-2019-8675,group-row-8504,train,train
row-8508,CWE-120,cups,f24e6cf6a39300ad0c3726a41a4aab51ad54c109,CVE-2019-8675,group-row-8504,train,train
row-8509,CWE-120,cups,f24e6cf6a39300ad0c3726a41a4aab51ad54c109,CVE-2019-8675,group-row-8504,train,train
row-8510,CWE-120,cups,f24e6cf6a39300ad0c3726a41a4aab51ad54c109,CVE-2019-8675,group-row-8504,train,train
row-8511,CWE-120,cups,f24e6cf6a39300ad0c3726a41a4aab51ad54c109,CVE-2019-8675,group-row-8504,train,train
row-8512,CWE-120,cups,f24e6cf6a39300ad0c3726a41a4aab51ad54c109,CVE-2019-8675,group-row-8504,train,train
row-8513,CWE-120,cups,f24e6cf6a39300ad0c3726a41a4aab51ad54c109,CVE-2019-8675,group-row-8504,train,train
row-8516,CWE-125,linux,6acb47d1a318e5b3b7115354ebc4ea060c59d3a1,,group-row-8516,train,train
row-8517,CWE-125,linux,6acb47d1a318e5b3b7115354ebc4ea060c59d3a1,,group-row-8516,train,train
row-8518,CWE-125,php-src,f22101c8308669bb63c03a73a2cac2408d844f38,CVE-2019-11041,group-row-8518,validation,train
row-8519,CWE-125,php-src,e648fa4699e8d072db6db34fcc09826e8127fab8,CVE-2019-11042,group-row-8519,validation,train
row-8520,CWE-787,pigeonhole,7ce9990a5e6ba59e89b7fe1c07f574279aed922c,CVE-2019-11500,group-row-8520,train,train
row-8521,CWE-787,pigeonhole,4a299840cdb51f61f8d1ebc0210b19c40dfbc1cc,CVE-2019-11500,group-row-8520,train,train
row-8522,CWE-770,mod_h2,dd05d49abe0f67512ce9ed5ba422d7711effecfb,CVE-2019-9516,group-row-8522,train,train
row-8523,CWE-770,mod_h2,dd05d49abe0f67512ce9ed5ba422d7711effecfb,CVE-2019-9516,group-row-8522,train,train
row-8524,CWE-770,mod_h2,dd05d49abe0f67512ce9ed5ba422d7711effecfb,CVE-2019-9516,group-row-8522,train,train
row-8525,CWE-770,mod_h2,dd05d49abe0f67512ce9ed5ba422d7711effecfb,CVE-2019-9516,group-row-8522,train,train
row-8526,CWE-770,mod_h2,dd05d49abe0f67512ce9ed5ba422d7711effecfb,CVE-2019-9516,group-row-8522,train,train
row-8527,CWE-770,mod_h2,dd05d49abe0f67512ce9ed5ba422d7711effecfb,CVE-2019-9516,group-row-8522,train,train
row-8528,CWE-770,mod_h2,dd05d49abe0f67512ce9ed5ba422d7711effecfb,CVE-2019-9516,group-row-8522,train,train
row-8529,CWE-770,mod_h2,dd05d49abe0f67512ce9ed5ba422d7711effecfb,CVE-2019-9516,group-row-8522,train,train
row-8530,CWE-770,mod_h2,dd05d49abe0f67512ce9ed5ba422d7711effecfb,CVE-2019-9516,group-row-8522,train,train
row-8531,CWE-770,mod_h2,dd05d49abe0f67512ce9ed5ba422d7711effecfb,CVE-2019-9516,group-row-8522,train,train
row-8532,CWE-770,mod_h2,dd05d49abe0f67512ce9ed5ba422d7711effecfb,CVE-2019-9516,group-row-8522,train,train
row-8533,CWE-770,mod_h2,dd05d49abe0f67512ce9ed5ba422d7711effecfb,CVE-2019-9516,group-row-8522,train,train
row-8534,CWE-770,mod_h2,dd05d49abe0f67512ce9ed5ba422d7711effecfb,CVE-2019-9516,group-row-8522,train,train
row-8535,CWE-770,mod_h2,dd05d49abe0f67512ce9ed5ba422d7711effecfb,CVE-2019-9516,group-row-8522,train,train
row-8536,CWE-770,mod_h2,dd05d49abe0f67512ce9ed5ba422d7711effecfb,CVE-2019-9516,group-row-8522,train,train
row-8537,CWE-770,mod_h2,dd05d49abe0f67512ce9ed5ba422d7711effecfb,CVE-2019-9516,group-row-8522,train,train
row-8538,CWE-770,mod_h2,dd05d49abe0f67512ce9ed5ba422d7711effecfb,CVE-2019-9516,group-row-8522,train,train
row-8539,CWE-770,mod_h2,dd05d49abe0f67512ce9ed5ba422d7711effecfb,CVE-2019-9516,group-row-8522,train,train
row-8540,CWE-770,mod_h2,dd05d49abe0f67512ce9ed5ba422d7711effecfb,CVE-2019-9516,group-row-8522,train,train
row-8541,CWE-770,mod_h2,dd05d49abe0f67512ce9ed5ba422d7711effecfb,CVE-2019-9516,group-row-8522,train,train
row-8542,CWE-770,mod_h2,dd05d49abe0f67512ce9ed5ba422d7711effecfb,CVE-2019-9516,group-row-8522,train,train
row-8543,CWE-770,mod_h2,dd05d49abe0f67512ce9ed5ba422d7711effecfb,CVE-2019-9516,group-row-8522,train,train
row-8544,CWE-770,mod_h2,dd05d49abe0f67512ce9ed5ba422d7711effecfb,CVE-2019-9516,group-row-8522,train,train
row-8545,CWE-770,mod_h2,dd05d49abe0f67512ce9ed5ba422d7711effecfb,CVE-2019-9516,group-row-8522,train,train
row-8546,CWE-787,pdfresurrect,0c4120fffa3dffe97b95c486a120eded82afe8a6,,group-row-8546,train,train
row-8547,CWE-787,pdfresurrect,0c4120fffa3dffe97b95c486a120eded82afe8a6,,group-row-8546,train,train
row-8548,CWE-787,pdfresurrect,0c4120fffa3dffe97b95c486a120eded82afe8a6,,group-row-8546,train,train
row-8549,CWE-787,pdfresurrect,0c4120fffa3dffe97b95c486a120eded82afe8a6,,group-row-8546,train,train
row-8550,CWE-787,pdfresurrect,0c4120fffa3dffe97b95c486a120eded82afe8a6,,group-row-8546,train,train
row-8551,CWE-787,pdfresurrect,0c4120fffa3dffe97b95c486a120eded82afe8a6,,group-row-8546,train,train
row-8552,CWE-787,pdfresurrect,0c4120fffa3dffe97b95c486a120eded82afe8a6,,group-row-8546,train,train
row-8553,CWE-787,pdfresurrect,0c4120fffa3dffe97b95c486a120eded82afe8a6,,group-row-8546,train,train
row-8554,CWE-787,pdfresurrect,0c4120fffa3dffe97b95c486a120eded82afe8a6,,group-row-8546,train,train
row-8555,CWE-787,pdfresurrect,0c4120fffa3dffe97b95c486a120eded82afe8a6,,group-row-8546,train,train
row-8556,CWE-787,pdfresurrect,0c4120fffa3dffe97b95c486a120eded82afe8a6,,group-row-8546,train,train
row-8557,CWE-415,linux,7fafcfdf6377b18b2a726ea554d6e593ba44349f,,group-row-8557,train,train
row-8558,CWE-415,linux,7fafcfdf6377b18b2a726ea554d6e593ba44349f,,group-row-8557,train,train
row-8562,CWE-20,linux,99253eb750fda6a644d5188fb26c43bad8d5a745,,group-row-8562,train,train
row-8563,CWE-20,linux,99253eb750fda6a644d5188fb26c43bad8d5a745,,group-row-8562,train,train
row-8564,CWE-125,linux,c09581a52765a85f19fc35340127396d5e3379cc,,group-row-8564,train,train
row-8565,CWE-125,linux,c09581a52765a85f19fc35340127396d5e3379cc,,group-row-8564,train,train
row-8566,CWE-125,linux,c09581a52765a85f19fc35340127396d5e3379cc,,group-row-8564,train,train
row-8567,CWE-125,linux,c09581a52765a85f19fc35340127396d5e3379cc,,group-row-8564,train,train
row-8569,CWE-416,linux,c666355e60ddb4748ead3bdd983e3f7f2224aaf0,CVE-2019-15211,group-row-8569,train,train
row-8570,CWE-416,linux,c9fbd7bbc23dbdd73364be4d045e5d3612cf6e82,CVE-2018-20976,group-row-8570,train,train
row-8571,CWE-416,linux,c9fbd7bbc23dbdd73364be4d045e5d3612cf6e82,CVE-2018-20976,group-row-8570,train,train
row-8572,CWE-416,linux,c9fbd7bbc23dbdd73364be4d045e5d3612cf6e82,CVE-2018-20976,group-row-8570,train,train
row-8573,CWE-476,linux,39d170b3cb62ba98567f5c4f40c27b5864b304e5,CVE-2019-15098,group-row-8573,train,train
row-8574,CWE-476,linux,39d170b3cb62ba98567f5c4f40c27b5864b304e5,CVE-2019-15098,group-row-8573,train,train
row-8575,CWE-415,linux,3864d33943b4a76c6e64616280e98d2410b1190f,CVE-2019-15212,group-row-8575,train,train
row-8576,CWE-476,linux,bfd6e6e6c5d2ee43a3d9902b36e01fc7527ebb27,CVE-2019-15099,group-row-8576,train,train
row-8577,CWE-476,linux,bfd6e6e6c5d2ee43a3d9902b36e01fc7527ebb27,CVE-2019-15099,group-row-8576,train,train
row-8578,CWE-416,linux,6cf97230cd5f36b7665099083272595c55d72be7,CVE-2019-15213,group-row-8578,train,train
row-8579,CWE-416,linux,2a3f7221acddfe1caa9ff09b3a8158c39b2fdeac,CVE-2019-15214,group-row-8579,train,train
row-8580,CWE-416,linux,8c2f870890fd28e023b0fcf49dcee333f2c8bad7,CVE-2019-15214,group-row-8579,train,train
row-8581,CWE-416,linux,8c2f870890fd28e023b0fcf49dcee333f2c8bad7,CVE-2019-15214,group-row-8579,train,train
row-8588,CWE-416,linux,eff73de2b1600ad8230692f00bc0ab49b166512a,CVE-2019-15215,group-row-8588,train,train
row-8589,CWE-476,linux,ef61eb43ada6c1d6b94668f0f514e4c268093ff3,CVE-2019-15216,group-row-8589,train,test
row-8590,CWE-476,linux,5d2e73a5f80a5b5aff3caf1ec6d39b5b3f54b26e,CVE-2019-15217,group-row-8590,train,validation
row-8591,CWE-476,linux,31e0456de5be379b10fea0fa94a681057114a96e,CVE-2019-15218,group-row-8591,train,train
row-8592,CWE-476,linux,9a5729f68d3a82786aea110b1bfe610be318f80a,CVE-2019-15219,group-row-8592,train,train
row-8609,CWE-416,linux,6377f787aeb945cae7abbb6474798de129e1f3ac,CVE-2019-15292,group-row-8609,train,train
row-8610,CWE-416,linux,6377f787aeb945cae7abbb6474798de129e1f3ac,CVE-2019-15292,group-row-8609,train,train
row-8611,CWE-416,linux,6377f787aeb945cae7abbb6474798de129e1f3ac,CVE-2019-15292,group-row-8609,train,train
row-8612,CWE-787,kvm,b60fe990c6b07ef6d4df67bc0530c7c90a62623a,CVE-2019-14821,group-row-8612,train,train
row-8613,CWE-787,kvm,b60fe990c6b07ef6d4df67bc0530c7c90a62623a,CVE-2019-14821,group-row-8612,train,train
row-8614,CWE-415,wireless-drivers,8b51dc7291473093c821195c4b6af85fadedbc2f,CVE-2019-15504,group-row-8614,train,train
row-8615,CWE-125,media_tree,0c4df39e504bf925ab666132ac3c98d6cbbe380b,CVE-2019-15505,group-row-8615,train,train
row-8616,CWE-119,sound,daac07156b330b18eb5071aec4b3ddca1c377f2c,CVE-2019-15117,group-row-8616,train,train
row-8618,CWE-401,linux,3b0541791453fbe7f42867e310e0c9eb6295364d,CVE-2019-15807,group-row-8618,train,train
row-8619,CWE-125,linux,b805d78d300bcf2c83d6df7da0c818b0fee41427,CVE-2019-15666,group-row-8619,train,train
row-8620,CWE-416,irssi,5a4e7ab659aba2855895c9f43e9a7a131f4e89b3,CVE-2019-15717,group-row-8620,train,test
row-8621,CWE-416,linux,7f582b248d0a86bae5788c548d7bb5bca6f7691a,CVE-2019-15239,group-row-8621,train,test
row-8622,CWE-416,linux,7f582b248d0a86bae5788c548d7bb5bca6f7691a,CVE-2019-15239,group-row-8621,train,test
row-8631,CWE-415,nmap,350bbe0597d37ad67abe5fef8fba984707b4e9ad,,group-row-8631,train,train
row-8632,CWE-125,libextractor,d2b032452241708bee68d02aa02092cfbfba951a,CVE-2019-15531,group-row-8632,train,train
row-8633,CWE-415,curl,9069838b30fb3b48af0123e39f664cea683254a5,CVE-2019-5481,group-row-8633,train,train
row-8634,CWE-787,curl,facb0e4662415b5f28163e853dc6742ac5fafb3d,CVE-2019-5482,group-row-8634,train,test
row-8635,CWE-416,libslirp,c59279437eda91841b9d26079c70b8a540d41204,CVE-2019-15890,group-row-8635,train,validation
row-8636,CWE-416,linux,6e41e2257f1094acc37618bf6c856115374c6922,CVE-2019-15220,group-row-8636,train,train
row-8637,CWE-416,linux,6e41e2257f1094acc37618bf6c856115374c6922,CVE-2019-15220,group-row-8636,train,train
row-8638,CWE-416,linux,6e41e2257f1094acc37618bf6c856115374c6922,CVE-2019-15220,group-row-8636,train,train
row-8639,CWE-416,linux,6e41e2257f1094acc37618bf6c856115374c6922,CVE-2019-15220,group-row-8636,train,train
row-8640,CWE-476,linux,3450121997ce872eb7f1248417225827ea249710,CVE-2019-15221,group-row-8640,train,train
row-8641,CWE-476,linux,5d78e1c2b7f4be00bbe62141603a631dc7812f35,CVE-2019-15222,group-row-8641,train,train
row-8642,CWE-476,linux,0b074ab7fc0d575247b9cc9f93bb7e007ca38840,CVE-2019-15223,group-row-8642,train,train
row-8643,CWE-476,linux,0b074ab7fc0d575247b9cc9f93bb7e007ca38840,CVE-2019-15223,group-row-8642,train,train
row-8644,CWE-476,linux,0b074ab7fc0d575247b9cc9f93bb7e007ca38840,CVE-2019-15223,group-row-8642,train,train
row-8645,CWE-476,linux,0b074ab7fc0d575247b9cc9f93bb7e007ca38840,CVE-2019-15223,group-row-8642,train,train
row-8646,CWE-476,linux,0b074ab7fc0d575247b9cc9f93bb7e007ca38840,CVE-2019-15223,group-row-8642,train,train
row-8647,CWE-476,linux,0b074ab7fc0d575247b9cc9f93bb7e007ca38840,CVE-2019-15223,group-row-8642,train,train
row-8649,CWE-120,linux,060423bfdee3f8bc6e2c1bac97de24d5415e2bc4,CVE-2019-14835,group-row-8649,train,train
row-8650,CWE-120,linux,060423bfdee3f8bc6e2c1bac97de24d5415e2bc4,CVE-2019-14835,group-row-8649,train,train
row-8651,CWE-125,linux,5d6751eaff672ea77642e74e92e6c0ac7f9709ab,CVE-2019-15926,group-row-8651,train,train
row-8652,CWE-125,linux,5d6751eaff672ea77642e74e92e6c0ac7f9709ab,CVE-2019-15926,group-row-8651,train,train
row-8653,CWE-125,linux,5d6751eaff672ea77642e74e92e6c0ac7f9709ab,CVE-2019-15926,group-row-8651,train,train
row-8654,CWE-401,linux,895a5e96dbd6386c8e78e5b78e067dcc67b7f0ab,CVE-2019-15916,group-row-8654,train,train
row-8655,CWE-787,bird,1657c41c96b3c07d9265b07dd4912033ead4124b,CVE-2019-16159,group-row-8655,train,test
row-8656,CWE-787,bird,1657c41c96b3c07d9265b07dd4912033ead4124b,CVE-2019-16159,group-row-8655,train,test
row-8657,CWE-787,bird,8388f5a7e14108a1458fea35bfbb5a453e2c563c,CVE-2019-16159,group-row-8655,train,test
row-8658,CWE-125,opencv,321c74ccd6077bdea1d47450ca4fe955cb5b6330,CVE-2019-14491,group-row-8658,train,train
row-8659,CWE-125,opencv,321c74ccd6077bdea1d47450ca4fe955cb5b6330,CVE-2019-14491,group-row-8658,train,train
row-8660,CWE-125,opencv,321c74ccd6077bdea1d47450ca4fe955cb5b6330,CVE-2019-14491,group-row-8658,train,train
row-8661,CWE-125,opencv,321c74ccd6077bdea1d47450ca4fe955cb5b6330,CVE-2019-14491,group-row-8658,train,train
row-8662,CWE-125,opencv,321c74ccd6077bdea1d47450ca4fe955cb5b6330,CVE-2019-14491,group-row-8658,train,train
row-8712,CWE-190,poppler,0868c499a9f5f37f8df5c9fef03c37496b40fc8a,CVE-2018-21009,group-row-8712,validation,train
row-8713,CWE-125,memcached,554b56687a19300a75ec24184746b5512580c819,,group-row-8713,train,train
row-8716,CWE-617,varnish-cache,406b583fe54634afd029e7a41e35b3cf9ccac28a,CVE-2019-15892,group-row-8716,test,train
row-8717,CWE-787,exim,478effbfd9c3cc5a627fc671d4bf94d13670d65f,CVE-2019-16928,group-row-8717,train,validation
row-8737,CWE-835,linux,5e3cc1ee1405a7eb3487ed24f786dec01b4cbe1f,CVE-2019-16413,group-row-8737,train,train
row-8738,CWE-835,linux,5e3cc1ee1405a7eb3487ed24f786dec01b4cbe1f,CVE-2019-16413,group-row-8737,train,train
row-8739,CWE-835,linux,5e3cc1ee1405a7eb3487ed24f786dec01b4cbe1f,CVE-2019-16413,group-row-8737,train,train
row-8740,CWE-835,linux,5e3cc1ee1405a7eb3487ed24f786dec01b4cbe1f,CVE-2019-16413,group-row-8737,train,train
row-8741,CWE-835,linux,5e3cc1ee1405a7eb3487ed24f786dec01b4cbe1f,CVE-2019-16413,group-row-8737,train,train
row-8742,CWE-835,linux,5e3cc1ee1405a7eb3487ed24f786dec01b4cbe1f,CVE-2019-16413,group-row-8737,train,train
row-8743,CWE-835,linux,5e3cc1ee1405a7eb3487ed24f786dec01b4cbe1f,CVE-2019-16413,group-row-8737,train,train
row-8744,CWE-835,linux,5e3cc1ee1405a7eb3487ed24f786dec01b4cbe1f,CVE-2019-16413,group-row-8737,train,train
row-8745,CWE-835,linux,5e3cc1ee1405a7eb3487ed24f786dec01b4cbe1f,CVE-2019-16413,group-row-8737,train,train
row-8746,CWE-835,linux,5e3cc1ee1405a7eb3487ed24f786dec01b4cbe1f,CVE-2019-16413,group-row-8737,train,train
row-8748,CWE-416,linux,36e4ad0316c017d5b271378ed9a1c9a4b77fab5f,CVE-2016-10905,group-row-8748,train,validation
row-8749,CWE-416,linux,36e4ad0316c017d5b271378ed9a1c9a4b77fab5f,CVE-2016-10905,group-row-8748,train,validation
row-8750,CWE-787,linux,780e982905bef61d13496d9af5310bf4af3a64d3,CVE-2017-18552,group-row-8750,train,train
row-8751,CWE-200,linux,342ffc26693b528648bdc9377e51e4f2450b4860,CVE-2017-18549,group-row-8751,train,test
row-8752,CWE-200,linux,342ffc26693b528648bdc9377e51e4f2450b4860,CVE-2017-18549,group-row-8751,train,test
row-8753,CWE-787,linux,89c6efa61f5709327ecfa24bff18e57a4e80c7fa,CVE-2017-18551,group-row-8753,train,train
row-8754,CWE-787,linux,9d47964bfd471f0dd4c89f28556aec68bffa0020,CVE-2016-10907,group-row-8754,train,train
row-8755,CWE-787,linux,9d47964bfd471f0dd4c89f28556aec68bffa0020,CVE-2016-10907,group-row-8754,train,train
row-8759,CWE-416,ImageMagick6,614a257295bdcdeda347086761062ac7658b6830,,group-row-8759,train,train
row-8760,CWE-190,exiv2,278a72570696f0c4793cc602691435f1ea292ae4,CVE-2019-14982,group-row-8760,train,train
row-8761,CWE-369,ImageMagick,a77d8d97f5a7bced0468f0b08798c83fb67427bc,,group-row-8761,train,train
row-8762,CWE-369,ImageMagick6,b522d2d857d2f75b659936b59b0da9df1682c256,,group-row-8762,train,train
row-8768,CWE-787,edk2,322ac05f8bbc1bce066af1dabd1b70ccdbe28891,CVE-2019-14563,group-row-8768,train,train
row-8769,CWE-787,edk2,322ac05f8bbc1bce066af1dabd1b70ccdbe28891,CVE-2019-14563,group-row-8768,train,train
row-8770,CWE-787,edk2,322ac05f8bbc1bce066af1dabd1b70ccdbe28891,CVE-2019-14563,group-row-8768,train,train
row-8771,CWE-787,edk2,322ac05f8bbc1bce066af1dabd1b70ccdbe28891,CVE-2019-14563,group-row-8768,train,train
row-8772,CWE-787,edk2,322ac05f8bbc1bce066af1dabd1b70ccdbe28891,CVE-2019-14563,group-row-8768,train,train
row-8773,CWE-787,edk2,322ac05f8bbc1bce066af1dabd1b70ccdbe28891,CVE-2019-14563,group-row-8768,train,train
row-8774,CWE-787,edk2,322ac05f8bbc1bce066af1dabd1b70ccdbe28891,CVE-2019-14563,group-row-8768,train,train
row-8775,CWE-415,linux,4397f04575c44e1440ec2e49b6302785c95fd2f8,CVE-2017-18595,group-row-8775,train,train
row-8776,CWE-125,linux,04f25edb48c441fc278ecc154c270f16966cbb90,CVE-2019-15925,group-row-8776,train,train
row-8777,CWE-125,linux,04f25edb48c441fc278ecc154c270f16966cbb90,CVE-2019-15925,group-row-8776,train,train
row-8778,CWE-125,linux,f4351a199cc120ff9d59e06d02e8657d08e6cc46,CVE-2019-15927,group-row-8778,train,train
row-8779,CWE-416,linux,abd39c6ded9db53aa44c2540092bdd5fb6590fa8,CVE-2018-21008,group-row-8779,train,train
row-8791,CWE-416,linux,56897b217a1d0a91c9920cb418d6b3fe922f590a,,group-row-8791,train,train
row-8792,CWE-125,tcpdump,d7505276842e85bfd067fa21cdb32b8a2dc3c5e4,,group-row-8792,train,validation
row-8793,CWE-125,tcpdump,d7505276842e85bfd067fa21cdb32b8a2dc3c5e4,,group-row-8792,train,validation
row-8794,CWE-125,tcpdump,d7505276842e85bfd067fa21cdb32b8a2dc3c5e4,,group-row-8792,train,validation
row-8795,CWE-125,tcpdump,d7505276842e85bfd067fa21cdb32b8a2dc3c5e4,,group-row-8792,train,validation
row-8796,CWE-125,tcpdump,d7505276842e85bfd067fa21cdb32b8a2dc3c5e4,,group-row-8792,train,validation
row-8797,CWE-125,tcpdump,d7505276842e85bfd067fa21cdb32b8a2dc3c5e4,,group-row-8792,train,validation
row-8798,CWE-125,tcpdump,d7505276842e85bfd067fa21cdb32b8a2dc3c5e4,,group-row-8792,train,validation
row-8799,CWE-125,tcpdump,d7505276842e85bfd067fa21cdb32b8a2dc3c5e4,,group-row-8792,train,validation
row-8800,CWE-125,tcpdump,d7505276842e85bfd067fa21cdb32b8a2dc3c5e4,,group-row-8792,train,validation
row-8801,CWE-125,tcpdump,d7505276842e85bfd067fa21cdb32b8a2dc3c5e4,,group-row-8792,train,validation
row-8802,CWE-125,tcpdump,d7505276842e85bfd067fa21cdb32b8a2dc3c5e4,,group-row-8792,train,validation
row-8803,CWE-476,linux,8188a18ee2e48c9a7461139838048363bfce3fef,CVE-2019-16234,group-row-8803,train,train
row-8806,CWE-125,tcpdump,396e94ff55a80d554b1fe46bf107db1e91008d6c,,group-row-8806,train,train
row-8807,CWE-125,tcpdump,bea2686c296b79609060a104cc139810785b0739,,group-row-8807,train,test
row-8808,CWE-125,tcpdump,3de07c772166b7e8e8bb4b9d1d078f1d901b570b,,group-row-8808,train,validation
row-8809,CWE-125,tcpdump,1a1bce0526a77b62e41531b00f8bb5e21fd4f3a3,,group-row-8809,train,train
row-8811,CWE-125,tcpdump,211124b972e74f0da66bc8b16f181f78793e2f66,,group-row-8811,train,train
row-8812,CWE-125,tcpdump,4846b3c5d0a850e860baf4f07340495d29837d09,,group-row-8812,train,train
row-8813,CWE-125,tcpdump,86326e880d31b328a151d45348c35220baa9a1ff,,group-row-8813,train,train
row-8814,CWE-125,tcpdump,aa3e54f594385ce7e1e319b0c84999e51192578b,,group-row-8814,train,train
row-8815,CWE-125,tcpdump,e01c9bf76740802025c9328901b55ee4a0c49ed6,,group-row-8815,train,train
row-8816,CWE-125,tcpdump,aa5c6b710dfd8020d2c908d6b3bd41f1da719b3b,,group-row-8816,train,test
row-8817,CWE-125,tcpdump,aa5c6b710dfd8020d2c908d6b3bd41f1da719b3b,,group-row-8816,train,test
row-8818,CWE-125,tcpdump,d97e94223720684c6aa740ff219e0d19426c2220,,group-row-8818,train,validation
row-8819,CWE-125,tcpdump,d97e94223720684c6aa740ff219e0d19426c2220,,group-row-8818,train,validation
row-8820,CWE-125,tcpdump,c24922e692a52121e853a84ead6b9337f4c08a94,,group-row-8820,train,train
row-8821,CWE-125,tcpdump,c24922e692a52121e853a84ead6b9337f4c08a94,,group-row-8820,train,train
row-8822,CWE-125,tcpdump,e3f3b445e2d20ac5d5b7fcb7559ce6beb55da0c9,,group-row-8822,train,train
row-8823,CWE-125,tcpdump,12f66f69f7bf1ec1266ddbee90a7616cbf33696b,,group-row-8823,train,train
row-8824,CWE-125,tcpdump,83a412a5275cac973c5841eca3511c766bed778d,,group-row-8824,train,test
row-8825,CWE-125,tcpdump,13d52e9c0e7caf7e6325b0051bc90a49968be67f,,group-row-8825,train,validation
row-8826,CWE-125,tcpdump,96480ab95308cd9234b4f09b175ebf60e17792c6,,group-row-8826,train,train
row-8830,CWE-125,linux,b57a55e2200ede754e4dc9cce4ba9402544b9365,,group-row-8830,train,train
row-8837,CWE-476,libpcap,437b273761adedcbd880f714bfa44afeec186a31,,group-row-8837,train,train
row-8841,CWE-416,linux,05fd5c2c61732152a6bddc318aae62d7e436629b,CVE-2019-15920,group-row-8841,train,train
row-8844,CWE-120,linux,8c55dedb795be8ec0cf488f98c03a1c2176f7fb1,CVE-2019-17666,group-row-8844,train,train
row-8845,CWE-120,linux,8c55dedb795be8ec0cf488f98c03a1c2176f7fb1,CVE-2019-17666,group-row-8844,train,train
row-8849,CWE-476,linux,f0d1762554014ce0ae347b9f0d088f2c157c8c72,,group-row-8849,train,train
row-8850,CWE-476,linux,f0d1762554014ce0ae347b9f0d088f2c157c8c72,,group-row-8849,train,train
row-8851,CWE-476,linux,f0d1762554014ce0ae347b9f0d088f2c157c8c72,,group-row-8849,train,train
row-8852,CWE-476,linux,f0d1762554014ce0ae347b9f0d088f2c157c8c72,,group-row-8849,train,train
row-8853,CWE-476,linux,01ca667133d019edc9f0a1f70a272447c84ec41f,,group-row-8853,train,train
row-8860,CWE-125,aspell,de29341638833ba7717bd6b5e6850998454b044b,CVE-2019-20433,group-row-8860,train,train
row-8861,CWE-125,aspell,de29341638833ba7717bd6b5e6850998454b044b,CVE-2019-20433,group-row-8860,train,train
row-8862,CWE-125,aspell,de29341638833ba7717bd6b5e6850998454b044b,CVE-2019-20433,group-row-8860,train,train
row-8863,CWE-125,aspell,de29341638833ba7717bd6b5e6850998454b044b,CVE-2019-20433,group-row-8860,train,train
row-8864,CWE-20,libidn2,241e8f486134793cb0f4a5b0e5817a97883401f5,CVE-2019-12290,group-row-8864,train,train
row-8865,CWE-20,libidn2,241e8f486134793cb0f4a5b0e5817a97883401f5,CVE-2019-12290,group-row-8864,train,train
row-8866,CWE-20,libidn2,241e8f486134793cb0f4a5b0e5817a97883401f5,CVE-2019-12290,group-row-8864,train,train
row-8867,CWE-20,libidn2,241e8f486134793cb0f4a5b0e5817a97883401f5,CVE-2019-12290,group-row-8864,train,train
row-8868,CWE-20,libidn2,241e8f486134793cb0f4a5b0e5817a97883401f5,CVE-2019-12290,group-row-8864,train,train
row-8869,CWE-20,libidn2,241e8f486134793cb0f4a5b0e5817a97883401f5,CVE-2019-12290,group-row-8864,train,train
row-8870,CWE-787,libidn2,e4d1558aa2c1c04a05066ee8600f37603890ba8c,,group-row-8870,train,train
row-8874,CWE-787,file,46a8443f76cec4b41ec736eca396984c74664f84,CVE-2019-18218,group-row-8874,validation,train
row-8875,CWE-787,virglrenderer,cbc8d8b75be360236cada63784046688aeb6d921,CVE-2019-18389,group-row-8875,train,train
row-8876,CWE-787,virglrenderer,cbc8d8b75be360236cada63784046688aeb6d921,CVE-2019-18389,group-row-8875,train,train
row-8877,CWE-476,virglrenderer,0d9a2c88dc3a70023541b3260b9f00c982abda16,CVE-2019-18388,group-row-8877,train,train
row-8878,CWE-476,virglrenderer,0d9a2c88dc3a70023541b3260b9f00c982abda16,CVE-2019-18388,group-row-8877,train,train
row-8879,CWE-125,virglrenderer,24f67de7a9088a873844a39be03cee6882260ac9,CVE-2019-18390,group-row-8879,train,train
row-8880,CWE-787,virglrenderer,2abeb1802e3c005b17a7123e382171b3fb665971,CVE-2019-18391,group-row-8880,train,train
row-8882,CWE-787,libtiff,4bb584a35f87af42d6cf09d15e9ce8909a839145,CVE-2019-17546,group-row-8882,train,test
row-8883,CWE-787,libtiff,4bb584a35f87af42d6cf09d15e9ce8909a839145,CVE-2019-17546,group-row-8882,train,test
row-8884,CWE-415,gdal,148115fcc40f1651a5d15fa34c9a8c528e7147bb,,group-row-8884,train,train
row-8885,CWE-125,aspell,80fa26c74279fced8d778351cff19d1d8f44fe4e,,group-row-8885,train,train
row-8886,CWE-125,aspell,80fa26c74279fced8d778351cff19d1d8f44fe4e,,group-row-8885,train,train
row-8887,CWE-125,aspell,80fa26c74279fced8d778351cff19d1d8f44fe4e,,group-row-8885,train,train
row-8888,CWE-125,ncurses,b025434573f466efe27862656a6a9d41dd2bd609,CVE-2019-17595,group-row-8888,train,train
row-8889,CWE-125,ncurses,b025434573f466efe27862656a6a9d41dd2bd609,CVE-2019-17595,group-row-8888,train,train
row-8890,CWE-125,ncurses,b025434573f466efe27862656a6a9d41dd2bd609,CVE-2019-17595,group-row-8888,train,train
row-8891,CWE-125,ncurses,b025434573f466efe27862656a6a9d41dd2bd609,CVE-2019-17595,group-row-8888,train,train
row-8892,CWE-125,ncurses,b025434573f466efe27862656a6a9d41dd2bd609,CVE-2019-17595,group-row-8888,train,train
row-8893,CWE-125,ncurses,b025434573f466efe27862656a6a9d41dd2bd609,CVE-2019-17595,group-row-8888,train,train
row-8894,CWE-125,ncurses,b025434573f466efe27862656a6a9d41dd2bd609,CVE-2019-17595,group-row-8888,train,train
row-8895,CWE-125,ncurses,b025434573f466efe27862656a6a9d41dd2bd609,CVE-2019-17595,group-row-8888,train,train
row-8896,CWE-416,ImageMagick,ecf7c6b288e11e7e7f75387c5e9e93e423b98397,,group-row-8896,train,train
row-8897,CWE-416,ImageMagick,39f226a9c137f547e12afde972eeba7551124493,,group-row-8897,train,train
row-8898,CWE-416,ImageMagick,39f226a9c137f547e12afde972eeba7551124493,,group-row-8897,train,train
row-8899,CWE-416,ImageMagick6,c1a5aa3f4214ad6e4748de84dad44398959014e1,CVE-2019-17541,group-row-8899,train,train
row-8900,CWE-416,ImageMagick6,c1a5aa3f4214ad6e4748de84dad44398959014e1,CVE-2019-17541,group-row-8899,train,train
row-8901,CWE-22,file-roller,57268e51e59b61c9e3125eb0f65551c7084297e2,CVE-2019-16680,group-row-8901,train,train
row-8902,CWE-125,ImageMagick6,3c53413eb544cc567309b4c86485eae43e956112,,group-row-8902,train,train
row-8903,CWE-125,ImageMagick,a903bb5faf8993f5904643ec7e329dca6ff6ed99,CVE-2019-15141,group-row-8903,train,train
row-8904,CWE-125,ImageMagick,c78993d138bf480ab4652b5a48379d4ff75ba5f7,,group-row-8904,train,train
row-8905,CWE-125,ImageMagick,c78993d138bf480ab4652b5a48379d4ff75ba5f7,,group-row-8904,train,train
row-8906,CWE-125,ImageMagick6,6d46f0a046a58e7c4567a86ba1b9cb847d5b1968,CVE-2019-15139,group-row-8906,train,train
row-8907,CWE-125,ImageMagick6,6d46f0a046a58e7c4567a86ba1b9cb847d5b1968,CVE-2019-15139,group-row-8906,train,train
row-8908,CWE-416,ImageMagick,f7206618d27c2e69d977abf40e3035a33e5f6be0,,group-row-8908,train,train
row-8909,CWE-416,ImageMagick,f7206618d27c2e69d977abf40e3035a33e5f6be0,,group-row-8908,train,train
row-8910,CWE-416,ImageMagick6,5caef6e97f3f575cf7bea497865a4c1e624b8010,CVE-2019-15140,group-row-8910,train,train
row-8913,CWE-787,e2fsprogs,8dbe7b475ec5e91ed767239f0e85880f416fc384,CVE-2019-5094,group-row-8913,train,train
row-8914,CWE-787,e2fsprogs,8dbe7b475ec5e91ed767239f0e85880f416fc384,CVE-2019-5094,group-row-8913,train,train
row-8915,CWE-787,e2fsprogs,8dbe7b475ec5e91ed767239f0e85880f416fc384,CVE-2019-5094,group-row-8913,train,train
row-8916,CWE-787,e2fsprogs,8dbe7b475ec5e91ed767239f0e85880f416fc384,CVE-2019-5094,group-row-8913,train,train
row-8917,CWE-787,e2fsprogs,8dbe7b475ec5e91ed767239f0e85880f416fc384,CVE-2019-5094,group-row-8913,train,train
row-8918,CWE-787,e2fsprogs,8dbe7b475ec5e91ed767239f0e85880f416fc384,CVE-2019-5094,group-row-8913,train,train
row-8920,CWE-120,fribidi,d989590e124ad995de3598800c8835d819fadf80,CVE-2019-18397,group-row-8920,train,train
row-8921,CWE-120,fribidi,d989590e124ad995de3598800c8835d819fadf80,CVE-2019-18397,group-row-8920,train,train
row-8922,CWE-787,sysstat,edbf507678bf10914e9804ff8a06737fdcb2e781,CVE-2019-16167,group-row-8922,train,validation
row-8923,CWE-787,sysstat,edbf507678bf10914e9804ff8a06737fdcb2e781,CVE-2019-16167,group-row-8922,train,validation
row-8926,CWE-476,Onigmo,00cc7e28a3ed54b3b512ef3b58ea737a57acf1f9,CVE-2019-16161,group-row-8926,train,train
row-8927,CWE-476,oniguruma,410f5916429e7d2920e1d4867388514f605413b8,CVE-2019-16161,group-row-8926,train,train
row-8928,CWE-476,oniguruma,850bd9b0d8186eb1637722b46b12656814ab4ad2,CVE-2019-16161,group-row-8926,train,train
row-8929,CWE-416,libvips,ce684dd008532ea0bf9d4a1d89bacb35f4a83f4d,,group-row-8929,train,train
row-8940,CWE-416,libarchive,b8592ecba2f9e451e1f5cb7ab6dcee8b8e7b3f60,,group-row-8940,train,train
row-8941,CWE-125,mupdf,97096297d409ec6f206298444ba00719607e8ba8,CVE-2019-14975,group-row-8941,train,train
row-8942,CWE-125,mupdf,97096297d409ec6f206298444ba00719607e8ba8,CVE-2019-14975,group-row-8941,train,train
row-8943,CWE-125,mupdf,97096297d409ec6f206298444ba00719607e8ba8,CVE-2019-14975,group-row-8941,train,train
row-8944,CWE-835,envoy,c8de199e2971f79cbcbc6b5eadc8c566b28705d1,CVE-2019-18836,group-row-8944,train,train
row-8945,CWE-835,envoy,c8de199e2971f79cbcbc6b5eadc8c566b28705d1,CVE-2019-18836,group-row-8944,train,train
row-8946,CWE-835,envoy,c8de199e2971f79cbcbc6b5eadc8c566b28705d1,CVE-2019-18836,group-row-8944,train,train
row-8947,CWE-835,envoy,c8de199e2971f79cbcbc6b5eadc8c566b28705d1,CVE-2019-18836,group-row-8944,train,train
row-8948,CWE-835,envoy,c8de199e2971f79cbcbc6b5eadc8c566b28705d1,CVE-2019-18836,group-row-8944,train,train
row-8949,CWE-835,envoy,c8de199e2971f79cbcbc6b5eadc8c566b28705d1,CVE-2019-18836,group-row-8944,train,train
row-8950,CWE-835,envoy,c8de199e2971f79cbcbc6b5eadc8c566b28705d1,CVE-2019-18836,group-row-8944,train,train
row-8951,CWE-835,envoy,c8de199e2971f79cbcbc6b5eadc8c566b28705d1,CVE-2019-18836,group-row-8944,train,train
row-8952,CWE-835,envoy,c8de199e2971f79cbcbc6b5eadc8c566b28705d1,CVE-2019-18836,group-row-8944,train,train
row-8953,CWE-835,envoy,c8de199e2971f79cbcbc6b5eadc8c566b28705d1,CVE-2019-18836,group-row-8944,train,train
row-8954,CWE-835,envoy,c8de199e2971f79cbcbc6b5eadc8c566b28705d1,CVE-2019-18836,group-row-8944,train,train
row-8955,CWE-416,libxslt,2232473733b7313d67de8836ea3b29eec6e8e285,CVE-2019-18197,group-row-8955,train,test
row-8960,CWE-787,libjpeg-turbo,2a9e3bd7430cfda1bc812d139e0609c6aca0b884,CVE-2019-2201,group-row-8960,test,train
row-8961,CWE-787,libjpeg-turbo,2a9e3bd7430cfda1bc812d139e0609c6aca0b884,CVE-2019-2201,group-row-8960,test,train
row-8962,CWE-787,libjpeg-turbo,2a9e3bd7430cfda1bc812d139e0609c6aca0b884,CVE-2019-2201,group-row-8960,test,train
row-8963,CWE-787,libjpeg-turbo,2a9e3bd7430cfda1bc812d139e0609c6aca0b884,CVE-2019-2201,group-row-8960,test,train
row-8964,CWE-787,libjpeg-turbo,2a9e3bd7430cfda1bc812d139e0609c6aca0b884,CVE-2019-2201,group-row-8960,test,train
row-8965,CWE-787,libjpeg-turbo,2a9e3bd7430cfda1bc812d139e0609c6aca0b884,CVE-2019-2201,group-row-8960,test,train
row-8966,CWE-787,libjpeg-turbo,2a9e3bd7430cfda1bc812d139e0609c6aca0b884,CVE-2019-2201,group-row-8960,test,train
row-8967,CWE-787,libjpeg-turbo,2a9e3bd7430cfda1bc812d139e0609c6aca0b884,CVE-2019-2201,group-row-8960,test,train
row-8968,CWE-787,libjpeg-turbo,2a9e3bd7430cfda1bc812d139e0609c6aca0b884,CVE-2019-2201,group-row-8960,test,train
row-8969,CWE-787,libjpeg-turbo,2a9e3bd7430cfda1bc812d139e0609c6aca0b884,CVE-2019-2201,group-row-8960,test,train
row-8970,CWE-787,libjpeg-turbo,2a9e3bd7430cfda1bc812d139e0609c6aca0b884,CVE-2019-2201,group-row-8960,test,train
row-8971,CWE-787,libjpeg-turbo,2a9e3bd7430cfda1bc812d139e0609c6aca0b884,CVE-2019-2201,group-row-8960,test,train
row-8972,CWE-787,libjpeg-turbo,c30b1e72dac76343ef9029833d1561de07d29bad,CVE-2019-2201,group-row-8960,test,train
row-8973,CWE-125,libsoup,f8a54ac85eec2008c85393f331cdd251af8266ad,CVE-2019-17266,group-row-8973,train,test
row-8974,CWE-125,libsoup,0e7b2c1466434a992b6a387497432e1c97b6125c,CVE-2019-17266,group-row-8973,train,test
row-8975,CWE-125,libsoup,0e7b2c1466434a992b6a387497432e1c97b6125c,CVE-2019-17266,group-row-8973,train,test
row-8976,CWE-125,libsoup,0e7b2c1466434a992b6a387497432e1c97b6125c,CVE-2019-17266,group-row-8973,train,test
row-8977,CWE-125,libsoup,0e7b2c1466434a992b6a387497432e1c97b6125c,CVE-2019-17266,group-row-8973,train,test
row-8978,CWE-125,libmodbus,5ccdf5ef79d742640355d1132fa9e2abc7fbaefc,CVE-2019-14462,group-row-8978,train,train
row-8980,CWE-120,linux,4ac2813cc867ae563a1ba5a9414bfb554e5796fa,CVE-2019-17133,group-row-8980,train,train
row-8981,CWE-415,psutil,7d512c8e4442a896d56505be3e78f1156f443465,CVE-2019-18874,group-row-8981,train,train
row-8982,CWE-415,psutil,7d512c8e4442a896d56505be3e78f1156f443465,CVE-2019-18874,group-row-8981,train,train
row-8983,CWE-415,psutil,7d512c8e4442a896d56505be3e78f1156f443465,CVE-2019-18874,group-row-8981,train,train
row-8984,CWE-415,psutil,7d512c8e4442a896d56505be3e78f1156f443465,CVE-2019-18874,group-row-8981,train,train
row-8985,CWE-415,psutil,7d512c8e4442a896d56505be3e78f1156f443465,CVE-2019-18874,group-row-8981,train,train
row-8986,CWE-415,psutil,7d512c8e4442a896d56505be3e78f1156f443465,CVE-2019-18874,group-row-8981,train,train
row-8987,CWE-415,psutil,7d512c8e4442a896d56505be3e78f1156f443465,CVE-2019-18874,group-row-8981,train,train
row-8988,CWE-415,psutil,7d512c8e4442a896d56505be3e78f1156f443465,CVE-2019-18874,group-row-8981,train,train
row-8989,CWE-415,psutil,7d512c8e4442a896d56505be3e78f1156f443465,CVE-2019-18874,group-row-8981,train,train
row-8990,CWE-415,psutil,7d512c8e4442a896d56505be3e78f1156f443465,CVE-2019-18874,group-row-8981,train,train
row-8991,CWE-415,psutil,7d512c8e4442a896d56505be3e78f1156f443465,CVE-2019-18874,group-row-8981,train,train
row-8992,CWE-415,psutil,7d512c8e4442a896d56505be3e78f1156f443465,CVE-2019-18874,group-row-8981,train,train
row-8993,CWE-415,psutil,7d512c8e4442a896d56505be3e78f1156f443465,CVE-2019-18874,group-row-8981,train,train
row-8994,CWE-415,psutil,7d512c8e4442a896d56505be3e78f1156f443465,CVE-2019-18874,group-row-8981,train,train
row-8995,CWE-415,psutil,7d512c8e4442a896d56505be3e78f1156f443465,CVE-2019-18874,group-row-8981,train,train
row-8996,CWE-415,psutil,7d512c8e4442a896d56505be3e78f1156f443465,CVE-2019-18874,group-row-8981,train,train
row-8997,CWE-415,psutil,7d512c8e4442a896d56505be3e78f1156f443465,CVE-2019-18874,group-row-8981,train,train
row-8998,CWE-415,psutil,7d512c8e4442a896d56505be3e78f1156f443465,CVE-2019-18874,group-row-8981,train,train
row-8999,CWE-415,psutil,7d512c8e4442a896d56505be3e78f1156f443465,CVE-2019-18874,group-row-8981,train,train
row-9000,CWE-415,psutil,7d512c8e4442a896d56505be3e78f1156f443465,CVE-2019-18874,group-row-8981,train,train
row-9001,CWE-415,psutil,7d512c8e4442a896d56505be3e78f1156f443465,CVE-2019-18874,group-row-8981,train,train
row-9002,CWE-415,psutil,7d512c8e4442a896d56505be3e78f1156f443465,CVE-2019-18874,group-row-8981,train,train
row-9003,CWE-415,psutil,7d512c8e4442a896d56505be3e78f1156f443465,CVE-2019-18874,group-row-8981,train,train
row-9004,CWE-415,psutil,7d512c8e4442a896d56505be3e78f1156f443465,CVE-2019-18874,group-row-8981,train,train
row-9005,CWE-415,psutil,7d512c8e4442a896d56505be3e78f1156f443465,CVE-2019-18874,group-row-8981,train,train
row-9006,CWE-415,psutil,7d512c8e4442a896d56505be3e78f1156f443465,CVE-2019-18874,group-row-8981,train,train
row-9007,CWE-415,psutil,7d512c8e4442a896d56505be3e78f1156f443465,CVE-2019-18874,group-row-8981,train,train
row-9008,CWE-415,psutil,7d512c8e4442a896d56505be3e78f1156f443465,CVE-2019-18874,group-row-8981,train,train
row-9009,CWE-415,psutil,7d512c8e4442a896d56505be3e78f1156f443465,CVE-2019-18874,group-row-8981,train,train
row-9010,CWE-415,psutil,7d512c8e4442a896d56505be3e78f1156f443465,CVE-2019-18874,group-row-8981,train,train
row-9011,CWE-415,psutil,7d512c8e4442a896d56505be3e78f1156f443465,CVE-2019-18874,group-row-8981,train,train
row-9012,CWE-415,psutil,7d512c8e4442a896d56505be3e78f1156f443465,CVE-2019-18874,group-row-8981,train,train
row-9013,CWE-415,psutil,7d512c8e4442a896d56505be3e78f1156f443465,CVE-2019-18874,group-row-8981,train,train
row-9014,CWE-415,psutil,7d512c8e4442a896d56505be3e78f1156f443465,CVE-2019-18874,group-row-8981,train,train
row-9015,CWE-415,psutil,7d512c8e4442a896d56505be3e78f1156f443465,CVE-2019-18874,group-row-8981,train,train
row-9016,CWE-415,psutil,7d512c8e4442a896d56505be3e78f1156f443465,CVE-2019-18874,group-row-8981,train,train
row-9017,CWE-415,psutil,7d512c8e4442a896d56505be3e78f1156f443465,CVE-2019-18874,group-row-8981,train,train
row-9018,CWE-415,psutil,7d512c8e4442a896d56505be3e78f1156f443465,CVE-2019-18874,group-row-8981,train,train
row-9019,CWE-415,psutil,7d512c8e4442a896d56505be3e78f1156f443465,CVE-2019-18874,group-row-8981,train,train
row-9020,CWE-415,psutil,7d512c8e4442a896d56505be3e78f1156f443465,CVE-2019-18874,group-row-8981,train,train
row-9021,CWE-415,psutil,3a9bccfd2c6d2e6538298cd3892058b1204056e0,CVE-2019-18874,group-row-8981,train,train
row-9025,CWE-835,qemu,de594e47659029316bbf9391efb79da0a1a08e08,CVE-2019-12068,group-row-9025,train,train
row-9026,CWE-835,qemu,de594e47659029316bbf9391efb79da0a1a08e08,CVE-2019-12068,group-row-9025,train,train
row-9044,CWE-401,linux,e13de8fe0d6a51341671bbe384826d527afe8d44,CVE-2019-19049,group-row-9044,train,train
row-9100,CWE-401,linux,1acb8f2a7a9f10543868ddd737e37424d5c36cf4,CVE-2019-18806,group-row-9100,train,train
row-9101,CWE-401,linux,68501df92d116b760777a2cfda314789f926476f,CVE-2019-18807,group-row-9101,train,train
row-9104,CWE-401,linux,a0ecd6fdbf5d648123a7315c695fb6850d702835,CVE-2019-18810,group-row-9104,train,test
row-9107,CWE-401,linux,9bbfceea12a8f145097a27d7c7267af25893c060,CVE-2019-18813,group-row-9107,train,validation
row-9108,CWE-125,oniguruma,d3e402928b6eb3327f8f7d59a9edfa622fec557b,,group-row-9108,train,train
row-9109,CWE-125,oniguruma,4d461376bd85e7994835677b2ff453a43c49cd28,CVE-2019-19246,group-row-9109,train,train
row-9116,CWE-476,gnome-font-viewer,9661683379806e2bad6a52ce6dde776a33f4f981,CVE-2019-19308,group-row-9116,train,train
row-9117,CWE-476,gnome-font-viewer,9661683379806e2bad6a52ce6dde776a33f4f981,CVE-2019-19308,group-row-9116,train,train
row-9118,CWE-20,sqlite,e59c562b3f6894f84c715772c4b116d7b5c01348,,group-row-9118,train,train
row-9119,CWE-125,tty,0c9acb1af77a3cb8707e43f45b72c95266903cee,CVE-2019-19252,group-row-9119,validation,test
row-9120,CWE-476,sqlite,57f7ece78410a8aae86aa4625fb7556897db384c,,group-row-9120,train,train
row-9121,CWE-476,sqlite,57f7ece78410a8aae86aa4625fb7556897db384c,,group-row-9120,train,train
row-9122,CWE-787,libyang,f6d684ade99dd37b21babaa8a856f64faa1e2e0d,CVE-2019-19333,group-row-9122,train,train
row-9123,CWE-787,libyang,f6d684ade99dd37b21babaa8a856f64faa1e2e0d,CVE-2019-19333,group-row-9122,train,train
row-9124,CWE-787,libyang,6980afae2ff9fcd6d67508b0a3f694d75fd059d6,CVE-2019-19334,group-row-9124,train,train
row-9127,CWE-20,git,0060fd1511b94c918928fa3708f69a3f33895a4a,CVE-2019-1349,group-row-9127,train,train
row-9128,CWE-20,git,0060fd1511b94c918928fa3708f69a3f33895a4a,CVE-2019-1349,group-row-9127,train,train
row-9129,CWE-20,git,0060fd1511b94c918928fa3708f69a3f33895a4a,CVE-2019-1349,group-row-9127,train,train
row-9130,CWE-20,git,0060fd1511b94c918928fa3708f69a3f33895a4a,CVE-2019-1349,group-row-9127,train,train
row-9131,CWE-416,linux,a4270d6795b0580287453ea55974d948393e66ef,CVE-2020-10720,group-row-9131,train,validation
row-9132,CWE-125,Onigmo,d4cf99d30bd5f6a8a4ababd0b9d7b06f3a479a24,CVE-2019-16162,group-row-9132,train,train
row-9133,CWE-125,Onigmo,d4cf99d30bd5f6a8a4ababd0b9d7b06f3a479a24,CVE-2019-16162,group-row-9132,train,train
row-9134,CWE-416,linux,56cd26b618855c9af48c8301aa6754ced8dd0beb,CVE-2019-19543,group-row-9134,train,train
row-9135,CWE-787,linux,d9d4b1e46d9543a82c23f6df03f4ad697dab361b,CVE-2019-19532,group-row-9135,train,train
row-9136,CWE-787,linux,d9d4b1e46d9543a82c23f6df03f4ad697dab361b,CVE-2019-19532,group-row-9135,train,train
row-9137,CWE-787,linux,d9d4b1e46d9543a82c23f6df03f4ad697dab361b,CVE-2019-19532,group-row-9135,train,train
row-9138,CWE-787,linux,d9d4b1e46d9543a82c23f6df03f4ad697dab361b,CVE-2019-19532,group-row-9135,train,train
row-9139,CWE-787,linux,d9d4b1e46d9543a82c23f6df03f4ad697dab361b,CVE-2019-19532,group-row-9135,train,train
row-9140,CWE-787,linux,d9d4b1e46d9543a82c23f6df03f4ad697dab361b,CVE-2019-19532,group-row-9135,train,train
row-9141,CWE-787,linux,d9d4b1e46d9543a82c23f6df03f4ad697dab361b,CVE-2019-19532,group-row-9135,train,train
row-9142,CWE-787,linux,d9d4b1e46d9543a82c23f6df03f4ad697dab361b,CVE-2019-19532,group-row-9135,train,train
row-9143,CWE-787,linux,d9d4b1e46d9543a82c23f6df03f4ad697dab361b,CVE-2019-19532,group-row-9135,train,train
row-9144,CWE-787,linux,d9d4b1e46d9543a82c23f6df03f4ad697dab361b,CVE-2019-19532,group-row-9135,train,train
row-9145,CWE-787,linux,d9d4b1e46d9543a82c23f6df03f4ad697dab361b,CVE-2019-19532,group-row-9135,train,train
row-9146,CWE-787,linux,d9d4b1e46d9543a82c23f6df03f4ad697dab361b,CVE-2019-19532,group-row-9135,train,train
row-9147,CWE-787,linux,d9d4b1e46d9543a82c23f6df03f4ad697dab361b,CVE-2019-19532,group-row-9135,train,train
row-9148,CWE-787,linux,d9d4b1e46d9543a82c23f6df03f4ad697dab361b,CVE-2019-19532,group-row-9135,train,train
row-9149,CWE-787,linux,d9d4b1e46d9543a82c23f6df03f4ad697dab361b,CVE-2019-19532,group-row-9135,train,train
row-9150,CWE-787,linux,d9d4b1e46d9543a82c23f6df03f4ad697dab361b,CVE-2019-19532,group-row-9135,train,train
row-9151,CWE-787,linux,d9d4b1e46d9543a82c23f6df03f4ad697dab361b,CVE-2019-19532,group-row-9135,train,train
row-9152,CWE-787,linux,d9d4b1e46d9543a82c23f6df03f4ad697dab361b,CVE-2019-19532,group-row-9135,train,train
row-9153,CWE-787,linux,d9d4b1e46d9543a82c23f6df03f4ad697dab361b,CVE-2019-19532,group-row-9135,train,train
row-9154,CWE-787,linux,d9d4b1e46d9543a82c23f6df03f4ad697dab361b,CVE-2019-19532,group-row-9135,train,train
row-9159,CWE-20,git,6d8684161ee9c03bed5cb69ae76dfdddb85a0003,CVE-2019-1350,group-row-9159,train,test
row-9161,CWE-20,git,7c3745fc6185495d5765628b4dfe1bd2c25a2981,CVE-2019-1352,group-row-9161,train,validation
row-9162,CWE-20,git,e1d911dd4c7b76a5a8cec0f5c8de15981e34da83,,group-row-9162,train,train
row-9164,CWE-787,sqlite,c72f2fb7feff582444b8ffdc6c900c69847ce8a9,CVE-2019-13734,group-row-9164,train,train
row-9165,CWE-787,sqlite,c72f2fb7feff582444b8ffdc6c900c69847ce8a9,CVE-2019-13734,group-row-9164,train,train
row-9166,CWE-787,sqlite,c72f2fb7feff582444b8ffdc6c900c69847ce8a9,CVE-2019-13734,group-row-9164,train,train
row-9167,CWE-787,sqlite,c72f2fb7feff582444b8ffdc6c900c69847ce8a9,CVE-2019-13734,group-row-9164,train,train
row-9168,CWE-787,sqlite,c72f2fb7feff582444b8ffdc6c900c69847ce8a9,CVE-2019-13734,group-row-9164,train,train
row-9169,CWE-787,sqlite,c72f2fb7feff582444b8ffdc6c900c69847ce8a9,CVE-2019-13734,group-row-9164,train,train
row-9172,CWE-125,sqlite,94febb3a77a8c79bc090119585fc7878f44bbf38,CVE-2019-13752,group-row-9172,train,train
row-9173,CWE-125,sqlite,94febb3a77a8c79bc090119585fc7878f44bbf38,CVE-2019-13752,group-row-9172,train,train
row-9174,CWE-125,sqlite,94febb3a77a8c79bc090119585fc7878f44bbf38,CVE-2019-13752,group-row-9172,train,train
row-9175,CWE-125,sqlite,94febb3a77a8c79bc090119585fc7878f44bbf38,CVE-2019-13752,group-row-9172,train,train
row-9176,CWE-125,sqlite,94febb3a77a8c79bc090119585fc7878f44bbf38,CVE-2019-13752,group-row-9172,train,train
row-9177,CWE-125,sqlite,94febb3a77a8c79bc090119585fc7878f44bbf38,CVE-2019-13752,group-row-9172,train,train
row-9178,CWE-125,sqlite,fd6bf04bba8035836e8f92771d277a4e868c6299,CVE-2019-13753,group-row-9178,train,validation
row-9179,CWE-125,OpenSC,c3f23b836e5a1766c36617fe1da30d22f7b63de2,,group-row-9179,train,train
row-9190,CWE-416,linux,44efc269db7929f6275a1fa927ef082e533ecde0,CVE-2019-19523,group-row-9190,train,train
row-9191,CWE-416,linux,fa3a5a1880c91bb92594ad42dfe9eedad7996b86,CVE-2019-19524,group-row-9191,train,train
row-9192,CWE-416,linux,7fd25e6fc035f4b04b75bca6d7e8daa069603a76,CVE-2019-19525,group-row-9192,train,train
row-9193,CWE-416,linux,6af3aa57a0984e061f61308fe181a9a12359fecc,CVE-2019-19526,group-row-9193,train,train
row-9194,CWE-416,linux,6d4472d7bec39917b54e4e80245784ea5d60ce49,CVE-2019-19527,group-row-9194,train,train
row-9195,CWE-416,linux,9c09b214f30e3c11f9b0b03f89442df03643794d,CVE-2019-19527,group-row-9194,train,train
row-9196,CWE-416,linux,edc4746f253d907d048de680a621e121517f484b,CVE-2019-19528,group-row-9196,train,train
row-9197,CWE-416,linux,c468a8aa790e0dfe0a7f8a39db282d39c2c00b46,CVE-2019-19528,group-row-9196,train,train
row-9198,CWE-416,linux,4d6636498c41891d0482a914dd570343a838ad79,CVE-2019-19529,group-row-9198,train,train
row-9199,CWE-416,linux,c52873e5a1ef72f845526d9f6a50704433f9c625,CVE-2019-19530,group-row-9199,train,train
row-9200,CWE-416,linux,fc05481b2fcabaaeccf63e32ac1baab54e5b6963,CVE-2019-19531,group-row-9200,train,train
row-9209,CWE-415,sysstat,a5c8abd4a481ee6e27a3acf00e6d9b0f023e20ed,CVE-2019-19725,group-row-9209,train,train
row-9224,CWE-125,php-src,d348cfb96f2543565691010ade5e0346338be5a7,CVE-2019-11047,group-row-9224,validation,train
row-9227,CWE-787,libspiro,35233450c922787dad42321e359e5229ff470a1e,CVE-2019-19847,group-row-9227,train,train
row-9231,CWE-476,sqlite,75e95e1fcd52d3ec8282edb75ac8cd0814095d54,,group-row-9231,train,train
row-9235,CWE-125,php-src,c14eb8de974fc8a4d74f3515424c293bc7a40fba,CVE-2019-11050,group-row-9235,validation,train
row-9239,CWE-476,sqlite,396afe6f6aa90a31303c183e11b2b2d4b7956b35,,group-row-9239,train,test
row-9240,CWE-401,libxml2,5a02583c7e683896d84878bd90641d8d9b0d0549,CVE-2019-19956,group-row-9240,test,train
row-9242,CWE-125,libvpx,46e17f0cb4a80b36755c84b8bf15731d3386c08f,CVE-2019-9232,group-row-9242,train,train
row-9243,CWE-125,libvpx,46e17f0cb4a80b36755c84b8bf15731d3386c08f,CVE-2019-9232,group-row-9242,train,train
row-9244,CWE-20,libvpx,52add5896661d186dec284ed646a4b33b607d2c7,CVE-2019-9433,group-row-9244,train,train
row-9245,CWE-125,libvpx,0681cff1ad36b3ef8ec242f59b5a6c4234ccfb88,CVE-2019-9325,group-row-9245,train,train
row-9246,CWE-125,libvpx,0681cff1ad36b3ef8ec242f59b5a6c4234ccfb88,CVE-2019-9325,group-row-9245,train,train
row-9247,CWE-125,libvpx,0681cff1ad36b3ef8ec242f59b5a6c4234ccfb88,CVE-2019-9325,group-row-9245,train,train
row-9248,CWE-20,libvpx,34d54b04e98dd0bac32e9aab0fbda0bf501bc742,CVE-2019-9371,group-row-9248,train,train
row-9249,CWE-20,libvpx,34d54b04e98dd0bac32e9aab0fbda0bf501bc742,CVE-2019-9371,group-row-9248,train,train
row-9250,CWE-20,libvpx,34d54b04e98dd0bac32e9aab0fbda0bf501bc742,CVE-2019-9371,group-row-9248,train,train
row-9251,CWE-20,libvpx,f00890eecdf8365ea125ac16769a83aa6b68792d,CVE-2019-9371,group-row-9248,train,train
row-9252,CWE-20,libvpx,f00890eecdf8365ea125ac16769a83aa6b68792d,CVE-2019-9371,group-row-9248,train,train
row-9253,CWE-20,libvpx,f00890eecdf8365ea125ac16769a83aa6b68792d,CVE-2019-9371,group-row-9248,train,train
row-9254,CWE-20,libvpx,f00890eecdf8365ea125ac16769a83aa6b68792d,CVE-2019-9371,group-row-9248,train,train
row-9255,CWE-20,libvpx,f00890eecdf8365ea125ac16769a83aa6b68792d,CVE-2019-9371,group-row-9248,train,train
row-9256,CWE-20,libvpx,f00890eecdf8365ea125ac16769a83aa6b68792d,CVE-2019-9371,group-row-9248,train,train
row-9257,CWE-20,libvpx,f00890eecdf8365ea125ac16769a83aa6b68792d,CVE-2019-9371,group-row-9248,train,train
row-9258,CWE-20,libvpx,f00890eecdf8365ea125ac16769a83aa6b68792d,CVE-2019-9371,group-row-9248,train,train
row-9259,CWE-20,libvpx,f00890eecdf8365ea125ac16769a83aa6b68792d,CVE-2019-9371,group-row-9248,train,train
row-9260,CWE-20,libvpx,f00890eecdf8365ea125ac16769a83aa6b68792d,CVE-2019-9371,group-row-9248,train,train
row-9261,CWE-20,libvpx,f00890eecdf8365ea125ac16769a83aa6b68792d,CVE-2019-9371,group-row-9248,train,train
row-9262,CWE-20,libvpx,f00890eecdf8365ea125ac16769a83aa6b68792d,CVE-2019-9371,group-row-9248,train,train
row-9263,CWE-20,libvpx,f00890eecdf8365ea125ac16769a83aa6b68792d,CVE-2019-9371,group-row-9248,train,train
row-9264,CWE-415,libvpx,6a7c84a2449dcc70de2525df209afea908622399,CVE-2019-2126,group-row-9264,train,train
row-9265,CWE-415,libvpx,6a7c84a2449dcc70de2525df209afea908622399,CVE-2019-2126,group-row-9264,train,train
row-9271,CWE-476,sqlite,8428b3b437569338a9d1e10c4cd8154acbe33089,,group-row-9271,train,validation
row-9273,CWE-125,libbsd,9d917aad37778a9f4a96ba358415f077f3f36f3b,CVE-2019-20367,group-row-9273,train,train
row-9274,CWE-416,vim,ec66c41d84e574baf8009dbc0bd088d2bc5b2421,CVE-2019-20079,group-row-9274,train,test
row-9281,CWE-190,Pillow,f0436a4ddc954541fa10a531e2d9ea0c5ae2065d,CVE-2020-5310,group-row-9281,train,train
row-9288,CWE-416,fontforge,048a91e2682c1a8936ae34dbc7bd70291ec05410,CVE-2020-5395,group-row-9288,train,train
row-9289,CWE-416,fontforge,048a91e2682c1a8936ae34dbc7bd70291ec05410,CVE-2020-5395,group-row-9288,train,train
row-9290,CWE-416,fontforge,048a91e2682c1a8936ae34dbc7bd70291ec05410,CVE-2020-5395,group-row-9288,train,train
row-9291,CWE-416,fontforge,048a91e2682c1a8936ae34dbc7bd70291ec05410,CVE-2020-5395,group-row-9288,train,train
row-9292,CWE-125,linux,453393369dc9806d2455151e329c599684762428,,group-row-9292,train,train
row-9293,CWE-125,linux,a66477b0efe511d98dde3e4aaeb189790e6f0a39,,group-row-9293,train,train
row-9294,CWE-125,linux,ac1e516d5a4c56bf0cb4a3dfc0672f689131cfd4,CVE-2019-19927,group-row-9294,train,train
row-9295,CWE-787,e2fsprogs,8dd73c149f418238f19791f9d666089ef9734dff,CVE-2019-5188,group-row-9295,train,train
row-9296,CWE-787,e2fsprogs,8dd73c149f418238f19791f9d666089ef9734dff,CVE-2019-5188,group-row-9295,train,train
row-9297,CWE-787,e2fsprogs,71ba13755337e19c9a826dfc874562a36e1b24d3,CVE-2019-5188,group-row-9295,train,train
row-9298,CWE-787,e2fsprogs,71ba13755337e19c9a826dfc874562a36e1b24d3,CVE-2019-5188,group-row-9295,train,train
row-9299,CWE-787,opencv,f42d5399aac80d371b17d689851406669c9b9111,CVE-2019-5063,group-row-9299,train,train
row-9300,CWE-787,opencv,f42d5399aac80d371b17d689851406669c9b9111,CVE-2019-5063,group-row-9299,train,train
row-9301,CWE-476,linux,23da9588037ecdd4901db76a5b79a42b529c4ec3,CVE-2019-20054,group-row-9301,train,train
row-9302,CWE-476,linux,89189557b47b35683a27c80ee78aef18248eefb4,CVE-2019-20054,group-row-9301,train,train
row-9304,CWE-787,tigervnc,b4ada8d0c6dac98c8b91fc64d112569a8ae5fb95,,group-row-9304,train,train
row-9305,CWE-787,tigervnc,b4ada8d0c6dac98c8b91fc64d112569a8ae5fb95,,group-row-9304,train,train
row-9323,CWE-787,libslirp,2655fffed7a9e765bcb4701dd876e9dab975f289,CVE-2020-7039,group-row-9323,train,train
row-9324,CWE-787,libslirp,ce131029d6d4a405cb7d3ac6716d03e58fb4a5d9,CVE-2020-7039,group-row-9323,train,train
row-9325,CWE-787,libslirp,82ebe9c370a0e2970fb5695aa19aa5214a6a1c80,CVE-2020-7039,group-row-9323,train,train
row-9326,CWE-400,ceph,ff72c50a2c43c57aead933eb4903ad1ca6d1748a,CVE-2020-1700,group-row-9326,validation,validation
row-9327,CWE-401,linux,1d3ff0950e2b40dc861b1739029649d03f591820,CVE-2019-20096,group-row-9327,train,train
row-9328,CWE-22,libslirp,14ec36e107a8c9af7d0a80c3571fe39b291ff1d4,CVE-2020-7211,group-row-9328,train,test
row-9329,CWE-416,ImageMagick,916d7bbd2c66a286d379dbd94bc6035c8fab937c,CVE-2019-19952,group-row-9329,train,validation
row-9330,CWE-125,ImageMagick,d17c047f7bff7c0edbf304470cd2ab9d02fbf617,CVE-2019-19949,group-row-9330,train,train
row-9331,CWE-125,ImageMagick6,34adc98afd5c7e7fb774d2ebdaea39e831c24dce,CVE-2019-19949,group-row-9330,train,train
row-9341,CWE-787,ImageMagick6,9e7db22f8c374301db3f968757f0d08070fd4e54,CVE-2019-19948,group-row-9341,train,train
row-9342,CWE-787,ImageMagick,6ae32a9038e360b3491969d5d03d490884f02b4c,CVE-2019-19948,group-row-9341,train,train
row-9343,CWE-119,libyang,32fb4993bc8bb49e93e84016af3c10ea53964be5,CVE-2019-20392,group-row-9343,train,train
row-9344,CWE-119,libyang,32fb4993bc8bb49e93e84016af3c10ea53964be5,CVE-2019-20392,group-row-9343,train,train
row-9345,CWE-119,libyang,32fb4993bc8bb49e93e84016af3c10ea53964be5,CVE-2019-20392,group-row-9343,train,train
row-9346,CWE-119,libyang,32fb4993bc8bb49e93e84016af3c10ea53964be5,CVE-2019-20392,group-row-9343,train,train
row-9347,CWE-119,libyang,32fb4993bc8bb49e93e84016af3c10ea53964be5,CVE-2019-20392,group-row-9343,train,train
row-9348,CWE-119,libyang,32fb4993bc8bb49e93e84016af3c10ea53964be5,CVE-2019-20392,group-row-9343,train,train
row-9349,CWE-119,libyang,32fb4993bc8bb49e93e84016af3c10ea53964be5,CVE-2019-20392,group-row-9343,train,train
row-9350,CWE-119,libyang,32fb4993bc8bb49e93e84016af3c10ea53964be5,CVE-2019-20392,group-row-9343,train,train
row-9351,CWE-119,libyang,32fb4993bc8bb49e93e84016af3c10ea53964be5,CVE-2019-20392,group-row-9343,train,train
row-9352,CWE-119,libyang,32fb4993bc8bb49e93e84016af3c10ea53964be5,CVE-2019-20392,group-row-9343,train,train
row-9353,CWE-119,libyang,32fb4993bc8bb49e93e84016af3c10ea53964be5,CVE-2019-20392,group-row-9343,train,train
row-9355,CWE-415,libyang,88bd6c548ba79bce176cd875e9b56e7e0ef4d8d4,CVE-2019-20397,group-row-9355,train,test
row-9357,CWE-415,libyang,d9feacc4a590d35dbc1af21caf9080008b4450ed,CVE-2019-20393,group-row-9357,train,test
row-9358,CWE-415,libyang,d9feacc4a590d35dbc1af21caf9080008b4450ed,CVE-2019-20393,group-row-9357,train,test
row-9359,CWE-415,libyang,6cc51b1757dfbb7cff92de074ada65e8523289a6,CVE-2019-20394,group-row-9359,train,validation
row-9360,CWE-119,libyang,bdb596ddc07596fa212f231135b87d0b9178f6f8,CVE-2019-20391,group-row-9360,train,train
row-9361,CWE-476,libyang,7852b272ef77f8098c35deea6c6f09cb78176f08,CVE-2019-20398,group-row-9361,train,train
row-9363,CWE-787,gthumb,4faa5ce2358812d23a1147953ee76f59631590ad,CVE-2019-20326,group-row-9363,train,train
row-9364,CWE-787,gthumb,14860321ce3235d420498c4f81f21003d1fb78f4,CVE-2019-20326,group-row-9363,train,train
row-9366,CWE-416,linux,dea37a97265588da604c6ba80160a287b72c7bfd,CVE-2019-19966,group-row-9366,train,train
row-9367,CWE-476,linux,f70267f379b5e5e11bdc5d72a56bf17e5feed01f,CVE-2019-19965,group-row-9367,train,train
row-9368,CWE-416,systemd,637486261528e8aa3da9f26a4487dc254f4b7abb,,group-row-9368,train,train
row-9369,CWE-416,systemd,637486261528e8aa3da9f26a4487dc254f4b7abb,,group-row-9368,train,train
row-9370,CWE-416,systemd,637486261528e8aa3da9f26a4487dc254f4b7abb,,group-row-9368,train,train
row-9374,CWE-416,linux,7dc40713618c884bf07c030d1ab1f47a9dc1f310,CVE-2020-7053,group-row-9374,train,train
row-9375,CWE-416,linux,7dc40713618c884bf07c030d1ab1f47a9dc1f310,CVE-2020-7053,group-row-9374,train,train
row-9376,CWE-416,linux,7dc40713618c884bf07c030d1ab1f47a9dc1f310,CVE-2020-7053,group-row-9374,train,train
row-9377,CWE-416,linux,7dc40713618c884bf07c030d1ab1f47a9dc1f310,CVE-2020-7053,group-row-9374,train,train
row-9378,CWE-416,linux,7dc40713618c884bf07c030d1ab1f47a9dc1f310,CVE-2020-7053,group-row-9374,train,train
row-9379,CWE-416,linux,7dc40713618c884bf07c030d1ab1f47a9dc1f310,CVE-2020-7053,group-row-9374,train,train
row-9401,CWE-787,sudo,fa8ffeb17523494f0e8bb49a25e53635f4509078,CVE-2019-18634,group-row-9401,train,train
row-9402,CWE-787,sudo,fa8ffeb17523494f0e8bb49a25e53635f4509078,CVE-2019-18634,group-row-9401,train,train
row-9403,CWE-125,libsolv,fdb9c9c03508990e4583046b590c30d958f272da,,group-row-9403,train,train
row-9405,CWE-476,opencv,5691d998ead1d9b0542bcfced36c2dceb3a59023,CVE-2019-14493,group-row-9405,train,validation
row-9406,CWE-476,opencv,5691d998ead1d9b0542bcfced36c2dceb3a59023,CVE-2019-14493,group-row-9405,train,validation
row-9407,CWE-476,opencv,5691d998ead1d9b0542bcfced36c2dceb3a59023,CVE-2019-14493,group-row-9405,train,validation
row-9408,CWE-476,opencv,5691d998ead1d9b0542bcfced36c2dceb3a59023,CVE-2019-14493,group-row-9405,train,validation
row-9409,CWE-476,opencv,5691d998ead1d9b0542bcfced36c2dceb3a59023,CVE-2019-14493,group-row-9405,train,validation
row-9410,CWE-476,opencv,5691d998ead1d9b0542bcfced36c2dceb3a59023,CVE-2019-14493,group-row-9405,train,validation
row-9411,CWE-476,opencv,5691d998ead1d9b0542bcfced36c2dceb3a59023,CVE-2019-14493,group-row-9405,train,validation
row-9412,CWE-476,opencv,5691d998ead1d9b0542bcfced36c2dceb3a59023,CVE-2019-14493,group-row-9405,train,validation
row-9413,CWE-476,opencv,5691d998ead1d9b0542bcfced36c2dceb3a59023,CVE-2019-14493,group-row-9405,train,validation
row-9414,CWE-476,opencv,5691d998ead1d9b0542bcfced36c2dceb3a59023,CVE-2019-14493,group-row-9405,train,validation
row-9415,CWE-476,opencv,5691d998ead1d9b0542bcfced36c2dceb3a59023,CVE-2019-14493,group-row-9405,train,validation
row-9416,CWE-476,opencv,5691d998ead1d9b0542bcfced36c2dceb3a59023,CVE-2019-14493,group-row-9405,train,validation
row-9417,CWE-476,opencv,5691d998ead1d9b0542bcfced36c2dceb3a59023,CVE-2019-14493,group-row-9405,train,validation
row-9418,CWE-369,poppler,b224e2f5739fe61de9fa69955d016725b2a4b78d,CVE-2019-14494,group-row-9418,validation,train
row-9421,CWE-125,php-src,2bcbc95f033c31b00595ed39f79c3a99b4ed0501,CVE-2020-7060,group-row-9421,validation,test
row-9422,CWE-120,libslirp,68ccb8021a838066f0951d4b2817eb6b6f10a843,CVE-2020-8608,group-row-9422,train,train
row-9426,CWE-120,ipmitool,7ccea283dd62a05a320c1921e3d8d71a87772637,CVE-2020-5208,group-row-9426,train,train
row-9427,CWE-120,ipmitool,7ccea283dd62a05a320c1921e3d8d71a87772637,CVE-2020-5208,group-row-9426,train,train
row-9428,CWE-120,ipmitool,7ccea283dd62a05a320c1921e3d8d71a87772637,CVE-2020-5208,group-row-9426,train,train
row-9429,CWE-120,ipmitool,7ccea283dd62a05a320c1921e3d8d71a87772637,CVE-2020-5208,group-row-9426,train,train
row-9430,CWE-120,ipmitool,7ccea283dd62a05a320c1921e3d8d71a87772637,CVE-2020-5208,group-row-9426,train,train
row-9431,CWE-120,ipmitool,7ccea283dd62a05a320c1921e3d8d71a87772637,CVE-2020-5208,group-row-9426,train,train
row-9432,CWE-120,ipmitool,d45572d71e70840e0d4c50bf48218492b79c1a10,CVE-2020-5208,group-row-9426,train,train
row-9433,CWE-120,ipmitool,9452be87181a6e83cfcc768b3ed8321763db50e4,CVE-2020-5208,group-row-9426,train,train
row-9434,CWE-120,ipmitool,41d7026946fafbd4d1ec0bcaca3ea30a6e8eed22,CVE-2020-5208,group-row-9426,train,train
row-9435,CWE-120,ipmitool,840fb1cbb4fb365cb9797300e3374d4faefcdb10,CVE-2020-5208,group-row-9426,train,train
row-9442,CWE-787,openjpeg,05f9b91e60debda0e83977e5e63b2e66486f7074,CVE-2020-8112,group-row-9442,validation,train
row-9447,CWE-125,sqlite,39df24a3f02495e5ef6bb5ea8ce029a2c1e377e6,CVE-2020-6405,group-row-9447,train,validation
row-9448,CWE-125,libarchive,22b1db9d46654afc6f0c28f90af8cdc84a199f41,,group-row-9448,train,train
row-9449,CWE-125,libarchive,22b1db9d46654afc6f0c28f90af8cdc84a199f41,,group-row-9448,train,train
row-9450,CWE-401,ImageMagick6,ebe38274941908892c32b7244fa4e0fe7497e528,CVE-2019-16709,group-row-9450,train,train
row-9451,CWE-401,ImageMagick6,13801f5d0bd7a6fdb119682d34946636afdb2629,CVE-2019-16708,group-row-9451,train,train
row-9452,CWE-401,ImageMagick,ba21957ed064e1960f39a0d3aac762f39ddc614a,CVE-2019-16710,group-row-9452,train,train
row-9453,CWE-401,ImageMagick6,80deac0626d2d69e1da836d7d893db1e022b10fc,CVE-2019-16710,group-row-9452,train,train
row-9454,CWE-401,ImageMagick,ba0e05ee5a983c202f1030c7901ed6b3ed7d652c,CVE-2019-16711,group-row-9454,train,train
row-9455,CWE-401,ImageMagick,ba0e05ee5a983c202f1030c7901ed6b3ed7d652c,CVE-2019-16711,group-row-9454,train,train
row-9456,CWE-401,ImageMagick6,448f301a781405a45717bb53578475de06df973a,CVE-2019-16711,group-row-9454,train,train
row-9457,CWE-401,ImageMagick,f050a9b18ba537952abf20db2e18d62f07b4956e,CVE-2019-16713,group-row-9457,train,train
row-9458,CWE-401,ImageMagick6,6954a3f7f1bf1dad417260c5965f2c30a64fa25e,CVE-2019-16713,group-row-9457,train,train
row-9459,CWE-476,libssh,b36272eac1b36982598c10de7af0a501582de07a,CVE-2020-1730,group-row-9459,train,train
row-9460,CWE-125,oniguruma,0463e21432515631a9bc925ce5eb95b097c73719,CVE-2019-19012,group-row-9460,train,train
row-9461,CWE-125,oniguruma,db64ef3189f54917a5008a02bdb000adc514a90a,CVE-2019-19012,group-row-9460,train,train
row-9462,CWE-125,oniguruma,bfc36d3d8139b8be4d3df630d625c58687b0c7d4,CVE-2019-19012,group-row-9460,train,train
row-9463,CWE-125,oniguruma,bfc36d3d8139b8be4d3df630d625c58687b0c7d4,CVE-2019-19012,group-row-9460,train,train
row-9464,CWE-125,oniguruma,778a43dd56925ed58bbe26e3a7bb8202d72c3f3f,CVE-2019-19012,group-row-9460,train,train
row-9465,CWE-125,oniguruma,778a43dd56925ed58bbe26e3a7bb8202d72c3f3f,CVE-2019-19012,group-row-9460,train,train
row-9466,CWE-125,oniguruma,778a43dd56925ed58bbe26e3a7bb8202d72c3f3f,CVE-2019-19012,group-row-9460,train,train
row-9467,CWE-125,oniguruma,778a43dd56925ed58bbe26e3a7bb8202d72c3f3f,CVE-2019-19012,group-row-9460,train,train
row-9468,CWE-125,oniguruma,b6cb7580a7e0c56fc325fe9370b9d34044910aed,CVE-2019-19012,group-row-9460,train,train
row-9469,CWE-125,oniguruma,aa0188eaedc056dca8374ac03d0177429b495515,CVE-2019-19203,group-row-9469,train,train
row-9470,CWE-125,oniguruma,6eb4aca6a7f2f60f473580576d86686ed6a6ebec,CVE-2019-19204,group-row-9470,train,validation
row-9471,CWE-125,Onigmo,29e7e6aedebafd5efbbd90655c8e0d495035d7b4,CVE-2019-19204,group-row-9470,train,validation
row-9472,CWE-125,Onigmo,29e7e6aedebafd5efbbd90655c8e0d495035d7b4,CVE-2019-19204,group-row-9470,train,validation
row-9473,CWE-125,Onigmo,29e7e6aedebafd5efbbd90655c8e0d495035d7b4,CVE-2019-19204,group-row-9470,train,validation
row-9474,CWE-125,Onigmo,29e7e6aedebafd5efbbd90655c8e0d495035d7b4,CVE-2019-19204,group-row-9470,train,validation
row-9478,CWE-190,qemu,b15a22bbcbe6a78dc3d88fe3134985e4cdd87de4,CVE-2020-12829,group-row-9478,train,train
row-9479,CWE-476,php-src,d76f7c6c636b8240e06a1fa29eebb98ad005008a,CVE-2020-7062,group-row-9479,validation,train
row-9497,CWE-190,qemu,ac2071c3791b67fc7af78b8ceb320c01ca1b5df7,CVE-2020-11869,group-row-9497,train,train
row-9498,CWE-401,qemu,6bf21f3d83e95bcc4ba35a7a07cc6655e8b010b0,CVE-2019-20382,group-row-9498,train,train
row-9499,CWE-401,qemu,6bf21f3d83e95bcc4ba35a7a07cc6655e8b010b0,CVE-2019-20382,group-row-9498,train,train
row-9500,CWE-401,qemu,6bf21f3d83e95bcc4ba35a7a07cc6655e8b010b0,CVE-2019-20382,group-row-9498,train,train
row-9501,CWE-401,qemu,6bf21f3d83e95bcc4ba35a7a07cc6655e8b010b0,CVE-2019-20382,group-row-9498,train,train
row-9502,CWE-401,qemu,6bf21f3d83e95bcc4ba35a7a07cc6655e8b010b0,CVE-2019-20382,group-row-9498,train,train
row-9503,CWE-401,qemu,6bf21f3d83e95bcc4ba35a7a07cc6655e8b010b0,CVE-2019-20382,group-row-9498,train,train
row-9504,CWE-401,qemu,6bf21f3d83e95bcc4ba35a7a07cc6655e8b010b0,CVE-2019-20382,group-row-9498,train,train
row-9505,CWE-401,qemu,6bf21f3d83e95bcc4ba35a7a07cc6655e8b010b0,CVE-2019-20382,group-row-9498,train,train
row-9506,CWE-401,qemu,6bf21f3d83e95bcc4ba35a7a07cc6655e8b010b0,CVE-2019-20382,group-row-9498,train,train
row-9507,CWE-401,qemu,6bf21f3d83e95bcc4ba35a7a07cc6655e8b010b0,CVE-2019-20382,group-row-9498,train,train
row-9508,CWE-401,qemu,6bf21f3d83e95bcc4ba35a7a07cc6655e8b010b0,CVE-2019-20382,group-row-9498,train,train
row-9509,CWE-401,qemu,6bf21f3d83e95bcc4ba35a7a07cc6655e8b010b0,CVE-2019-20382,group-row-9498,train,train
row-9510,CWE-401,qemu,6bf21f3d83e95bcc4ba35a7a07cc6655e8b010b0,CVE-2019-20382,group-row-9498,train,train
row-9511,CWE-401,qemu,6bf21f3d83e95bcc4ba35a7a07cc6655e8b010b0,CVE-2019-20382,group-row-9498,train,train
row-9512,CWE-401,qemu,6bf21f3d83e95bcc4ba35a7a07cc6655e8b010b0,CVE-2019-20382,group-row-9498,train,train
row-9513,CWE-401,qemu,6bf21f3d83e95bcc4ba35a7a07cc6655e8b010b0,CVE-2019-20382,group-row-9498,train,train
row-9514,CWE-401,qemu,6bf21f3d83e95bcc4ba35a7a07cc6655e8b010b0,CVE-2019-20382,group-row-9498,train,train
row-9515,CWE-401,qemu,6bf21f3d83e95bcc4ba35a7a07cc6655e8b010b0,CVE-2019-20382,group-row-9498,train,train
row-9516,CWE-401,qemu,6bf21f3d83e95bcc4ba35a7a07cc6655e8b010b0,CVE-2019-20382,group-row-9498,train,train
row-9517,CWE-401,qemu,6bf21f3d83e95bcc4ba35a7a07cc6655e8b010b0,CVE-2019-20382,group-row-9498,train,train
row-9518,CWE-401,qemu,6bf21f3d83e95bcc4ba35a7a07cc6655e8b010b0,CVE-2019-20382,group-row-9498,train,train
row-9519,CWE-401,qemu,6bf21f3d83e95bcc4ba35a7a07cc6655e8b010b0,CVE-2019-20382,group-row-9498,train,train
row-9520,CWE-401,qemu,6bf21f3d83e95bcc4ba35a7a07cc6655e8b010b0,CVE-2019-20382,group-row-9498,train,train
row-9521,CWE-401,qemu,6bf21f3d83e95bcc4ba35a7a07cc6655e8b010b0,CVE-2019-20382,group-row-9498,train,train
row-9522,CWE-401,qemu,6bf21f3d83e95bcc4ba35a7a07cc6655e8b010b0,CVE-2019-20382,group-row-9498,train,train
row-9523,CWE-401,qemu,6bf21f3d83e95bcc4ba35a7a07cc6655e8b010b0,CVE-2019-20382,group-row-9498,train,train
row-9524,CWE-401,qemu,6bf21f3d83e95bcc4ba35a7a07cc6655e8b010b0,CVE-2019-20382,group-row-9498,train,train
row-9525,CWE-401,qemu,6bf21f3d83e95bcc4ba35a7a07cc6655e8b010b0,CVE-2019-20382,group-row-9498,train,train
row-9526,CWE-401,qemu,6bf21f3d83e95bcc4ba35a7a07cc6655e8b010b0,CVE-2019-20382,group-row-9498,train,train
row-9527,CWE-401,qemu,6bf21f3d83e95bcc4ba35a7a07cc6655e8b010b0,CVE-2019-20382,group-row-9498,train,train
row-9528,CWE-401,qemu,6bf21f3d83e95bcc4ba35a7a07cc6655e8b010b0,CVE-2019-20382,group-row-9498,train,train
row-9529,CWE-401,qemu,6bf21f3d83e95bcc4ba35a7a07cc6655e8b010b0,CVE-2019-20382,group-row-9498,train,train
row-9530,CWE-401,qemu,6bf21f3d83e95bcc4ba35a7a07cc6655e8b010b0,CVE-2019-20382,group-row-9498,train,train
row-9531,CWE-401,qemu,6bf21f3d83e95bcc4ba35a7a07cc6655e8b010b0,CVE-2019-20382,group-row-9498,train,train
row-9532,CWE-401,qemu,6bf21f3d83e95bcc4ba35a7a07cc6655e8b010b0,CVE-2019-20382,group-row-9498,train,train
row-9533,CWE-401,qemu,6bf21f3d83e95bcc4ba35a7a07cc6655e8b010b0,CVE-2019-20382,group-row-9498,train,train
row-9534,CWE-401,qemu,6bf21f3d83e95bcc4ba35a7a07cc6655e8b010b0,CVE-2019-20382,group-row-9498,train,train
row-9535,CWE-401,qemu,6bf21f3d83e95bcc4ba35a7a07cc6655e8b010b0,CVE-2019-20382,group-row-9498,train,train
row-9536,CWE-401,qemu,6bf21f3d83e95bcc4ba35a7a07cc6655e8b010b0,CVE-2019-20382,group-row-9498,train,train
row-9537,CWE-401,qemu,6bf21f3d83e95bcc4ba35a7a07cc6655e8b010b0,CVE-2019-20382,group-row-9498,train,train
row-9538,CWE-401,qemu,6bf21f3d83e95bcc4ba35a7a07cc6655e8b010b0,CVE-2019-20382,group-row-9498,train,train
row-9539,CWE-401,qemu,6bf21f3d83e95bcc4ba35a7a07cc6655e8b010b0,CVE-2019-20382,group-row-9498,train,train
row-9540,CWE-125,cpython,a4d78362397fc3bced6ea80fbc7b5f4827aec55e,,group-row-9540,train,train
row-9541,CWE-125,cpython,a4d78362397fc3bced6ea80fbc7b5f4827aec55e,,group-row-9540,train,train
row-9542,CWE-125,cpython,dcfcd146f8e6fc5c2fc16a4c192a0c5f5ca8c53c,,group-row-9542,train,train
row-9543,CWE-125,cpython,dcfcd146f8e6fc5c2fc16a4c192a0c5f5ca8c53c,,group-row-9542,train,train
row-9544,CWE-125,cpython,dcfcd146f8e6fc5c2fc16a4c192a0c5f5ca8c53c,,group-row-9542,train,train
row-9545,CWE-125,cpython,dcfcd146f8e6fc5c2fc16a4c192a0c5f5ca8c53c,,group-row-9542,train,train
row-9546,CWE-125,cpython,dcfcd146f8e6fc5c2fc16a4c192a0c5f5ca8c53c,,group-row-9542,train,train
row-9547,CWE-125,cpython,dcfcd146f8e6fc5c2fc16a4c192a0c5f5ca8c53c,,group-row-9542,train,train
row-9548,CWE-125,cpython,dcfcd146f8e6fc5c2fc16a4c192a0c5f5ca8c53c,,group-row-9542,train,train
row-9549,CWE-125,cpython,dcfcd146f8e6fc5c2fc16a4c192a0c5f5ca8c53c,,group-row-9542,train,train
row-9550,CWE-125,cpython,dcfcd146f8e6fc5c2fc16a4c192a0c5f5ca8c53c,,group-row-9542,train,train
row-9551,CWE-125,cpython,dcfcd146f8e6fc5c2fc16a4c192a0c5f5ca8c53c,,group-row-9542,train,train
row-9552,CWE-125,cpython,dcfcd146f8e6fc5c2fc16a4c192a0c5f5ca8c53c,,group-row-9542,train,train
row-9553,CWE-125,cpython,dcfcd146f8e6fc5c2fc16a4c192a0c5f5ca8c53c,,group-row-9542,train,train
row-9554,CWE-125,cpython,dcfcd146f8e6fc5c2fc16a4c192a0c5f5ca8c53c,,group-row-9542,train,train
row-9555,CWE-125,cpython,dcfcd146f8e6fc5c2fc16a4c192a0c5f5ca8c53c,,group-row-9542,train,train
row-9556,CWE-125,cpython,dcfcd146f8e6fc5c2fc16a4c192a0c5f5ca8c53c,,group-row-9542,train,train
row-9557,CWE-125,cpython,dcfcd146f8e6fc5c2fc16a4c192a0c5f5ca8c53c,,group-row-9542,train,train
row-9558,CWE-125,cpython,dcfcd146f8e6fc5c2fc16a4c192a0c5f5ca8c53c,,group-row-9542,train,train
row-9559,CWE-125,cpython,dcfcd146f8e6fc5c2fc16a4c192a0c5f5ca8c53c,,group-row-9542,train,train
row-9560,CWE-125,cpython,dcfcd146f8e6fc5c2fc16a4c192a0c5f5ca8c53c,,group-row-9542,train,train
row-9561,CWE-125,cpython,dcfcd146f8e6fc5c2fc16a4c192a0c5f5ca8c53c,,group-row-9542,train,train
row-9562,CWE-125,cpython,dcfcd146f8e6fc5c2fc16a4c192a0c5f5ca8c53c,,group-row-9542,train,train
row-9563,CWE-125,cpython,dcfcd146f8e6fc5c2fc16a4c192a0c5f5ca8c53c,,group-row-9542,train,train
row-9564,CWE-125,cpython,dcfcd146f8e6fc5c2fc16a4c192a0c5f5ca8c53c,,group-row-9542,train,train
row-9565,CWE-125,cpython,dcfcd146f8e6fc5c2fc16a4c192a0c5f5ca8c53c,,group-row-9542,train,train
row-9566,CWE-125,cpython,dcfcd146f8e6fc5c2fc16a4c192a0c5f5ca8c53c,,group-row-9542,train,train
row-9567,CWE-125,cpython,dcfcd146f8e6fc5c2fc16a4c192a0c5f5ca8c53c,,group-row-9542,train,train
row-9568,CWE-125,cpython,dcfcd146f8e6fc5c2fc16a4c192a0c5f5ca8c53c,,group-row-9542,train,train
row-9569,CWE-125,cpython,dcfcd146f8e6fc5c2fc16a4c192a0c5f5ca8c53c,,group-row-9542,train,train
row-9570,CWE-125,cpython,dcfcd146f8e6fc5c2fc16a4c192a0c5f5ca8c53c,,group-row-9542,train,train
row-9571,CWE-125,cpython,dcfcd146f8e6fc5c2fc16a4c192a0c5f5ca8c53c,,group-row-9542,train,train
row-9572,CWE-125,cpython,dcfcd146f8e6fc5c2fc16a4c192a0c5f5ca8c53c,,group-row-9542,train,train
row-9573,CWE-125,cpython,dcfcd146f8e6fc5c2fc16a4c192a0c5f5ca8c53c,,group-row-9542,train,train
row-9574,CWE-125,cpython,dcfcd146f8e6fc5c2fc16a4c192a0c5f5ca8c53c,,group-row-9542,train,train
row-9575,CWE-125,cpython,dcfcd146f8e6fc5c2fc16a4c192a0c5f5ca8c53c,,group-row-9542,train,train
row-9576,CWE-125,cpython,dcfcd146f8e6fc5c2fc16a4c192a0c5f5ca8c53c,,group-row-9542,train,train
row-9577,CWE-125,cpython,dcfcd146f8e6fc5c2fc16a4c192a0c5f5ca8c53c,,group-row-9542,train,train
row-9578,CWE-125,cpython,dcfcd146f8e6fc5c2fc16a4c192a0c5f5ca8c53c,,group-row-9542,train,train
row-9579,CWE-125,cpython,dcfcd146f8e6fc5c2fc16a4c192a0c5f5ca8c53c,,group-row-9542,train,train
row-9580,CWE-125,cpython,dcfcd146f8e6fc5c2fc16a4c192a0c5f5ca8c53c,,group-row-9542,train,train
row-9581,CWE-125,cpython,dcfcd146f8e6fc5c2fc16a4c192a0c5f5ca8c53c,,group-row-9542,train,train
row-9582,CWE-125,cpython,dcfcd146f8e6fc5c2fc16a4c192a0c5f5ca8c53c,,group-row-9542,train,train
row-9583,CWE-125,cpython,dcfcd146f8e6fc5c2fc16a4c192a0c5f5ca8c53c,,group-row-9542,train,train
row-9584,CWE-125,typed_ast,dc317ac9cff859aa84eeabe03fb5004982545b3b,CVE-2019-19274,group-row-9584,train,test
row-9585,CWE-125,typed_ast,dc317ac9cff859aa84eeabe03fb5004982545b3b,CVE-2019-19274,group-row-9584,train,test
row-9586,CWE-125,linux,2e90ca68b0d2f5548804f22f0dd61145516171e3,,group-row-9586,train,train
row-9601,CWE-787,libvncserver,54220248886b5001fbbb9fa73c4e1a2cb9413fed,,group-row-9601,test,test
row-9612,CWE-125,libvpx,45daecb4f73a47ab3236a29a3a48c52324cbf19a,CVE-2020-0034,group-row-9612,train,train
row-9613,CWE-125,ImageMagick,868aad754ee599eb7153b84d610f2ecdf7b339f6,CVE-2020-10251,group-row-9613,train,validation
row-9614,CWE-125,ImageMagick6,3456724dff047db5adb32f8cf70c903c1b7d16d4,CVE-2020-10251,group-row-9613,train,validation
row-9615,CWE-617,varnish-cache,2d8fc1a784a1e26d78c30174923a2b14ee2ebf62,CVE-2020-11653,group-row-9615,test,train
row-9616,CWE-617,varnish-cache,2d8fc1a784a1e26d78c30174923a2b14ee2ebf62,CVE-2020-11653,group-row-9615,test,train
row-9617,CWE-787,linux,dcde237319e626d1ec3c9d8b7613032f0fd4663a,CVE-2020-9391,group-row-9617,train,train
row-9618,CWE-787,linux,dcde237319e626d1ec3c9d8b7613032f0fd4663a,CVE-2020-9391,group-row-9617,train,train
row-9619,CWE-787,linux,dcde237319e626d1ec3c9d8b7613032f0fd4663a,CVE-2020-9391,group-row-9617,train,train
row-9624,CWE-125,libreswan,471a3e41a449d7c753bc4edbba4239501bb62ba8,CVE-2020-1763,group-row-9624,train,train
row-9632,CWE-787,linux,42d84c8490f9f0931786f1623191fcab397c3d64,CVE-2020-10942,group-row-9632,train,validation
row-9633,CWE-787,haproxy,5dfc5d5cd0d2128d77253ead3acf03a421ab5b88,CVE-2020-11100,group-row-9633,test,train
row-9636,CWE-787,linux,a5f596830e27e15f7a0ecd6be55e433d776986d8,CVE-2019-9456,group-row-9636,train,train
row-9637,CWE-787,linux,a5f596830e27e15f7a0ecd6be55e433d776986d8,CVE-2019-9456,group-row-9636,train,train
row-9642,CWE-125,php-src,0c77b4307df73217283a4aaf9313e1a33a0967ff,CVE-2020-7064,group-row-9642,validation,train
row-9643,CWE-125,php-src,0c77b4307df73217283a4aaf9313e1a33a0967ff,CVE-2020-7064,group-row-9642,validation,train
row-9644,CWE-787,php-src,69155120e68d2e614d5c300974a1a5610cfa2e8b,CVE-2020-7065,group-row-9644,validation,train
row-9645,CWE-787,qemu,8ffb7265af64ec81748335ec8f20e7ab542c3850,CVE-2020-11102,group-row-9645,train,train
row-9646,CWE-787,qemu,8ffb7265af64ec81748335ec8f20e7ab542c3850,CVE-2020-11102,group-row-9645,train,train
row-9647,CWE-787,qemu,8ffb7265af64ec81748335ec8f20e7ab542c3850,CVE-2020-11102,group-row-9645,train,train
row-9648,CWE-787,qemu,8ffb7265af64ec81748335ec8f20e7ab542c3850,CVE-2020-11102,group-row-9645,train,train
row-9649,CWE-787,qemu,8ffb7265af64ec81748335ec8f20e7ab542c3850,CVE-2020-11102,group-row-9645,train,train
row-9650,CWE-190,linux,d1e7fd6462ca9fc76650fbe6ca800e35b24267da,CVE-2020-12826,group-row-9650,train,train
row-9651,CWE-190,linux,d1e7fd6462ca9fc76650fbe6ca800e35b24267da,CVE-2020-12826,group-row-9650,train,train
row-9654,CWE-476,linux,a246b4d547708f33ff4d4b9a7a5dbac741dc89d8,,group-row-9654,train,train
row-9655,CWE-476,linux,a246b4d547708f33ff4d4b9a7a5dbac741dc89d8,,group-row-9654,train,train
row-9656,CWE-476,linux,a246b4d547708f33ff4d4b9a7a5dbac741dc89d8,,group-row-9654,train,train
row-9657,CWE-787,linux,aa9f7d5172fac9bf1f09e678c35e287a40a7b7dd,CVE-2020-11565,group-row-9657,train,train
row-9658,CWE-22,file-roller,21dfcdbfe258984db89fb65243a1a888924e45a0,CVE-2020-11736,group-row-9658,train,validation
row-9660,CWE-787,re2c,c4603ba5ce229db83a2a4fb93e6d4b4e3ec3776a,,group-row-9660,train,train
row-9661,CWE-476,ceph,375d926a4f2720a29b079c216bafb884eef985c3,CVE-2020-12059,group-row-9661,validation,train
row-9662,CWE-20,ruby,36e9ed7fef6eb2d14becf6c52452e4ab16e4bf01,CVE-2020-10663,group-row-9662,validation,train
row-9664,CWE-190,dpdk,3ae4beb079ce242240c34376a066bbccd0c0b23e,CVE-2020-10722,group-row-9664,train,train
row-9665,CWE-190,dpdk,c78d94189dced04def987a17f16097fcb197a186,CVE-2020-10723,group-row-9665,train,test
row-9666,CWE-125,dpdk,acd4c92fa693bbea695f2bb42bb93fb8567c3ca5,CVE-2020-10724,group-row-9666,train,train
row-9667,CWE-125,dpdk,acd4c92fa693bbea695f2bb42bb93fb8567c3ca5,CVE-2020-10724,group-row-9666,train,train
row-9670,CWE-190,dpdk,d87f1a1cb7b666550bb53e39c1d85d9f7b861e6f,CVE-2020-10726,group-row-9670,train,train
row-9671,CWE-190,dpdk,549de54c4f9fd36b2b11f3df7e81bf2567a2d526,CVE-2020-10726,group-row-9670,train,train
row-9672,CWE-190,dpdk,549de54c4f9fd36b2b11f3df7e81bf2567a2d526,CVE-2020-10726,group-row-9670,train,train
row-9673,CWE-190,dpdk,e7debf602633feb26227cdc8cc7fdd1b1b40946a,CVE-2020-10726,group-row-9670,train,train
row-9674,CWE-190,dpdk,e7debf602633feb26227cdc8cc7fdd1b1b40946a,CVE-2020-10726,group-row-9670,train,train
row-9675,CWE-190,dpdk,e7debf602633feb26227cdc8cc7fdd1b1b40946a,CVE-2020-10726,group-row-9670,train,train
row-9676,CWE-125,openexr,e79d2296496a50826a15c667bf92bdc5a05518b4,,group-row-9676,test,train
row-9677,CWE-125,openexr,e79d2296496a50826a15c667bf92bdc5a05518b4,,group-row-9676,test,train
row-9678,CWE-125,openexr,e79d2296496a50826a15c667bf92bdc5a05518b4,,group-row-9676,test,train
row-9679,CWE-125,openexr,e79d2296496a50826a15c667bf92bdc5a05518b4,,group-row-9676,test,train
row-9680,CWE-125,openexr,e79d2296496a50826a15c667bf92bdc5a05518b4,,group-row-9676,test,train
row-9681,CWE-125,openexr,e79d2296496a50826a15c667bf92bdc5a05518b4,,group-row-9676,test,train
row-9682,CWE-125,openexr,e79d2296496a50826a15c667bf92bdc5a05518b4,,group-row-9676,test,train
row-9683,CWE-125,openexr,e79d2296496a50826a15c667bf92bdc5a05518b4,,group-row-9676,test,train
row-9684,CWE-125,openexr,e79d2296496a50826a15c667bf92bdc5a05518b4,,group-row-9676,test,train
row-9685,CWE-125,openexr,e79d2296496a50826a15c667bf92bdc5a05518b4,,group-row-9676,test,train
row-9686,CWE-125,openexr,e79d2296496a50826a15c667bf92bdc5a05518b4,,group-row-9676,test,train
row-9687,CWE-125,openexr,e79d2296496a50826a15c667bf92bdc5a05518b4,,group-row-9676,test,train
row-9688,CWE-125,openexr,e79d2296496a50826a15c667bf92bdc5a05518b4,,group-row-9676,test,train
row-9689,CWE-125,openexr,e79d2296496a50826a15c667bf92bdc5a05518b4,,group-row-9676,test,train
row-9690,CWE-125,openexr,e79d2296496a50826a15c667bf92bdc5a05518b4,,group-row-9676,test,train
row-9691,CWE-125,openexr,e79d2296496a50826a15c667bf92bdc5a05518b4,,group-row-9676,test,train
row-9692,CWE-125,openexr,e79d2296496a50826a15c667bf92bdc5a05518b4,,group-row-9676,test,train
row-9693,CWE-125,openexr,e79d2296496a50826a15c667bf92bdc5a05518b4,,group-row-9676,test,train
row-9694,CWE-125,openexr,e79d2296496a50826a15c667bf92bdc5a05518b4,,group-row-9676,test,train
row-9695,CWE-125,openexr,e79d2296496a50826a15c667bf92bdc5a05518b4,,group-row-9676,test,train
row-9696,CWE-125,openexr,e79d2296496a50826a15c667bf92bdc5a05518b4,,group-row-9676,test,train
row-9697,CWE-125,openexr,e79d2296496a50826a15c667bf92bdc5a05518b4,,group-row-9676,test,train
row-9698,CWE-125,openexr,e79d2296496a50826a15c667bf92bdc5a05518b4,,group-row-9676,test,train
row-9699,CWE-125,openexr,e79d2296496a50826a15c667bf92bdc5a05518b4,,group-row-9676,test,train
row-9700,CWE-125,openexr,e79d2296496a50826a15c667bf92bdc5a05518b4,,group-row-9676,test,train
row-9701,CWE-125,openexr,e79d2296496a50826a15c667bf92bdc5a05518b4,,group-row-9676,test,train
row-9702,CWE-125,openexr,e79d2296496a50826a15c667bf92bdc5a05518b4,,group-row-9676,test,train
row-9703,CWE-125,openexr,e79d2296496a50826a15c667bf92bdc5a05518b4,,group-row-9676,test,train
row-9704,CWE-125,openexr,e79d2296496a50826a15c667bf92bdc5a05518b4,,group-row-9676,test,train
row-9705,CWE-125,openexr,e79d2296496a50826a15c667bf92bdc5a05518b4,,group-row-9676,test,train
row-9706,CWE-125,openexr,e79d2296496a50826a15c667bf92bdc5a05518b4,,group-row-9676,test,train
row-9707,CWE-125,openexr,e79d2296496a50826a15c667bf92bdc5a05518b4,,group-row-9676,test,train
row-9717,CWE-787,FFmpeg,1812352d767ccf5431aa440123e2e260a4db2726,,group-row-9717,test,train
row-9718,CWE-416,linux,056ad39ee9253873522f6469c3364964a322912b,,group-row-9718,train,train
row-9719,CWE-415,docker-credential-helpers,87c80bfba583eadc087810d17aa631ef4e405efc,CVE-2019-1020014,group-row-9719,train,validation
row-9720,CWE-415,docker-credential-helpers,87c80bfba583eadc087810d17aa631ef4e405efc,CVE-2019-1020014,group-row-9719,train,validation
row-9746,CWE-787,linux,3a9b153c5591548612c3955c9600a98150c81875,,group-row-9746,train,train
row-9748,CWE-416,linux,2f95fa5c955d0a9987ffdc3a095e2f4e62c5f2a9,,group-row-9748,train,train
row-9749,CWE-416,linux,2f95fa5c955d0a9987ffdc3a095e2f4e62c5f2a9,,group-row-9748,train,train
row-9755,CWE-416,edk2,c32be82e99ef272e7fa742c2f06ff9a4c3756613,CVE-2019-14586,group-row-9755,train,train
row-9756,CWE-416,edk2,c32be82e99ef272e7fa742c2f06ff9a4c3756613,CVE-2019-14586,group-row-9755,train,train
row-9762,CWE-476,linux,998912346c0da53a6dbb71fab3a138586b596b30,,group-row-9762,train,train
row-9763,CWE-476,linux,998912346c0da53a6dbb71fab3a138586b596b30,,group-row-9762,train,train
row-9764,CWE-476,linux,485b06aadb933190f4bc44e006076bc27a23f205,,group-row-9764,train,train
row-9765,CWE-476,linux,485b06aadb933190f4bc44e006076bc27a23f205,,group-row-9764,train,train
row-9766,CWE-476,linux,485b06aadb933190f4bc44e006076bc27a23f205,,group-row-9764,train,train
row-9767,CWE-476,linux,485b06aadb933190f4bc44e006076bc27a23f205,,group-row-9764,train,train
row-9774,CWE-401,linux,d80b64ff297e40c2b6f7d7abc1b3eba70d22a068,CVE-2020-12768,group-row-9774,train,train
row-9776,CWE-125,FreeRDP,6b2bc41935e53b0034fe5948aeeab4f32e80f30f,CVE-2020-11042,group-row-9776,train,train
row-9777,CWE-415,FreeRDP,67c2aa52b2ae0341d469071d1bc8aab91f8d2ed8,CVE-2020-11044,group-row-9777,train,train
row-9778,CWE-125,FreeRDP,f8890a645c221823ac133dbf991f8a65ae50d637,,group-row-9778,train,train
row-9781,CWE-125,FreeRDP,f5e73cc7c9cd973b516a618da877c87b80950b65,CVE-2020-11047,group-row-9781,train,train
row-9782,CWE-125,FreeRDP,9301bfe730c66180263248b74353daa99f5a969b,,group-row-9782,train,train
row-9783,CWE-125,FreeRDP,9301bfe730c66180263248b74353daa99f5a969b,,group-row-9782,train,train
row-9785,CWE-125,libslirp,c7ede54cbd2e2b25385325600958ba0124e31cc0,CVE-2020-10756,group-row-9785,train,train
row-9786,CWE-125,FreeRDP,17f547ae11835bb11baa3d045245dc1694866845,CVE-2020-11521,group-row-9786,train,test
row-9787,CWE-125,FreeRDP,17f547ae11835bb11baa3d045245dc1694866845,CVE-2020-11521,group-row-9786,train,test
row-9788,CWE-125,FreeRDP,17f547ae11835bb11baa3d045245dc1694866845,CVE-2020-11521,group-row-9786,train,test
row-9789,CWE-125,FreeRDP,907640a924fa7a9a99c80a48ac225e9d8e41548b,,group-row-9789,train,train
row-9790,CWE-125,FreeRDP,907640a924fa7a9a99c80a48ac225e9d8e41548b,,group-row-9789,train,train
row-9791,CWE-125,FreeRDP,907640a924fa7a9a99c80a48ac225e9d8e41548b,,group-row-9789,train,train
row-9792,CWE-125,FreeRDP,907640a924fa7a9a99c80a48ac225e9d8e41548b,,group-row-9789,train,train
row-9793,CWE-125,FreeRDP,907640a924fa7a9a99c80a48ac225e9d8e41548b,,group-row-9789,train,train
row-9794,CWE-125,FreeRDP,907640a924fa7a9a99c80a48ac225e9d8e41548b,,group-row-9789,train,train
row-9795,CWE-787,FreeRDP,7b1d4b49391b4512402840431757703a96946820,CVE-2020-11524,group-row-9795,train,train
row-9796,CWE-787,FreeRDP,7b1d4b49391b4512402840431757703a96946820,CVE-2020-11524,group-row-9795,train,train
row-9797,CWE-190,FreeRDP,ce21b9d7ecd967e0bc98ed31a6b3757848aa6c9e,CVE-2020-11523,group-row-9797,train,validation
row-9798,CWE-125,FreeRDP,0b6b92a25a77d533b8a92d6acc840a81e103684e,CVE-2020-11525,group-row-9798,train,validation
row-9799,CWE-125,FreeRDP,0b6b92a25a77d533b8a92d6acc840a81e103684e,CVE-2020-11525,group-row-9798,train,validation
row-9800,CWE-125,FreeRDP,0b6b92a25a77d533b8a92d6acc840a81e103684e,CVE-2020-11525,group-row-9798,train,validation
row-9801,CWE-125,FreeRDP,192856cb59974ee4d7d3e72cbeafa676aa7565cf,CVE-2020-11526,group-row-9801,train,test
row-9802,CWE-125,exim,57aa14b216432be381b6295c312065b2fd034f86,CVE-2020-12783,group-row-9802,train,train
row-9803,CWE-125,exim,57aa14b216432be381b6295c312065b2fd034f86,CVE-2020-12783,group-row-9802,train,train
row-9804,CWE-125,exim,57aa14b216432be381b6295c312065b2fd034f86,CVE-2020-12783,group-row-9802,train,train
row-9805,CWE-125,exim,57aa14b216432be381b6295c312065b2fd034f86,CVE-2020-12783,group-row-9802,train,train
row-9806,CWE-125,exim,a04174dc2a84ae1008c23b6a7109e7fa3fb7b8b0,CVE-2020-12783,group-row-9802,train,train
row-9809,CWE-400,unbound,ba0f382eee814e56900a535778d13206b86b6d49,CVE-2020-12662,group-row-9809,validation,train
row-9810,CWE-400,unbound,ba0f382eee814e56900a535778d13206b86b6d49,CVE-2020-12662,group-row-9809,validation,train
row-9811,CWE-400,unbound,ba0f382eee814e56900a535778d13206b86b6d49,CVE-2020-12662,group-row-9809,validation,train
row-9812,CWE-400,unbound,ba0f382eee814e56900a535778d13206b86b6d49,CVE-2020-12662,group-row-9809,validation,train
row-9813,CWE-400,unbound,ba0f382eee814e56900a535778d13206b86b6d49,CVE-2020-12662,group-row-9809,validation,train
row-9814,CWE-400,unbound,ba0f382eee814e56900a535778d13206b86b6d49,CVE-2020-12662,group-row-9809,validation,train
row-9815,CWE-400,unbound,ba0f382eee814e56900a535778d13206b86b6d49,CVE-2020-12662,group-row-9809,validation,train
row-9816,CWE-400,unbound,ba0f382eee814e56900a535778d13206b86b6d49,CVE-2020-12662,group-row-9809,validation,train
row-9817,CWE-400,unbound,ba0f382eee814e56900a535778d13206b86b6d49,CVE-2020-12662,group-row-9809,validation,train
row-9818,CWE-400,unbound,ba0f382eee814e56900a535778d13206b86b6d49,CVE-2020-12662,group-row-9809,validation,train
row-9819,CWE-400,unbound,ba0f382eee814e56900a535778d13206b86b6d49,CVE-2020-12662,group-row-9809,validation,train
row-9820,CWE-400,unbound,ba0f382eee814e56900a535778d13206b86b6d49,CVE-2020-12662,group-row-9809,validation,train
row-9821,CWE-400,unbound,ba0f382eee814e56900a535778d13206b86b6d49,CVE-2020-12662,group-row-9809,validation,train
row-9822,CWE-400,unbound,ba0f382eee814e56900a535778d13206b86b6d49,CVE-2020-12662,group-row-9809,validation,train
row-9823,CWE-400,unbound,ba0f382eee814e56900a535778d13206b86b6d49,CVE-2020-12662,group-row-9809,validation,train
row-9824,CWE-400,unbound,ba0f382eee814e56900a535778d13206b86b6d49,CVE-2020-12662,group-row-9809,validation,train
row-9825,CWE-400,unbound,ba0f382eee814e56900a535778d13206b86b6d49,CVE-2020-12662,group-row-9809,validation,train
row-9826,CWE-400,unbound,ba0f382eee814e56900a535778d13206b86b6d49,CVE-2020-12662,group-row-9809,validation,train
row-9827,CWE-400,unbound,ba0f382eee814e56900a535778d13206b86b6d49,CVE-2020-12662,group-row-9809,validation,train
row-9828,CWE-400,unbound,ba0f382eee814e56900a535778d13206b86b6d49,CVE-2020-12662,group-row-9809,validation,train
row-9829,CWE-400,unbound,ba0f382eee814e56900a535778d13206b86b6d49,CVE-2020-12662,group-row-9809,validation,train
row-9830,CWE-400,unbound,ba0f382eee814e56900a535778d13206b86b6d49,CVE-2020-12662,group-row-9809,validation,train
row-9831,CWE-400,unbound,ba0f382eee814e56900a535778d13206b86b6d49,CVE-2020-12662,group-row-9809,validation,train
row-9832,CWE-400,unbound,ba0f382eee814e56900a535778d13206b86b6d49,CVE-2020-12662,group-row-9809,validation,train
row-9833,CWE-400,unbound,ba0f382eee814e56900a535778d13206b86b6d49,CVE-2020-12662,group-row-9809,validation,train
row-9834,CWE-400,unbound,ba0f382eee814e56900a535778d13206b86b6d49,CVE-2020-12662,group-row-9809,validation,train
row-9835,CWE-400,unbound,ba0f382eee814e56900a535778d13206b86b6d49,CVE-2020-12662,group-row-9809,validation,train
row-9836,CWE-400,unbound,ba0f382eee814e56900a535778d13206b86b6d49,CVE-2020-12662,group-row-9809,validation,train
row-9837,CWE-400,unbound,ba0f382eee814e56900a535778d13206b86b6d49,CVE-2020-12662,group-row-9809,validation,train
row-9838,CWE-400,unbound,ba0f382eee814e56900a535778d13206b86b6d49,CVE-2020-12662,group-row-9809,validation,train
row-9839,CWE-400,unbound,ba0f382eee814e56900a535778d13206b86b6d49,CVE-2020-12662,group-row-9809,validation,train
row-9840,CWE-400,unbound,ba0f382eee814e56900a535778d13206b86b6d49,CVE-2020-12662,group-row-9809,validation,train
row-9841,CWE-400,unbound,ba0f382eee814e56900a535778d13206b86b6d49,CVE-2020-12662,group-row-9809,validation,train
row-9842,CWE-400,unbound,ba0f382eee814e56900a535778d13206b86b6d49,CVE-2020-12662,group-row-9809,validation,train
row-9843,CWE-400,unbound,ba0f382eee814e56900a535778d13206b86b6d49,CVE-2020-12662,group-row-9809,validation,train
row-9844,CWE-400,unbound,ba0f382eee814e56900a535778d13206b86b6d49,CVE-2020-12662,group-row-9809,validation,train
row-9845,CWE-400,unbound,ba0f382eee814e56900a535778d13206b86b6d49,CVE-2020-12662,group-row-9809,validation,train
row-9846,CWE-400,unbound,ba0f382eee814e56900a535778d13206b86b6d49,CVE-2020-12662,group-row-9809,validation,train
row-9847,CWE-400,unbound,ba0f382eee814e56900a535778d13206b86b6d49,CVE-2020-12662,group-row-9809,validation,train
row-9848,CWE-400,unbound,ba0f382eee814e56900a535778d13206b86b6d49,CVE-2020-12662,group-row-9809,validation,train
row-9849,CWE-787,linux,6fcca0fa48118e6d63733eb4644c6cd880c15b8f,CVE-2020-0110,group-row-9849,train,train
row-9850,CWE-190,php-src,a3924ab6542a358a3099de992b63b932a9570add,CVE-2019-11048,group-row-9850,validation,train
row-9851,CWE-190,php-src,a3924ab6542a358a3099de992b63b932a9570add,CVE-2019-11048,group-row-9850,validation,train
row-9852,CWE-415,OpenSC,c246f6f69a749d4f68626b40795a4f69168008f4,,group-row-9852,train,train
row-9854,CWE-190,perl5,0a320d753fe7fca03df259a4dfd8e641e51edaa8,,group-row-9854,train,train
row-9855,CWE-190,perl5,3295b48defa0f8570114877b063fe546dd348b3c,CVE-2020-10878,group-row-9855,train,train
row-9856,CWE-120,perl5,66bbb51b93253a3f87d11c2695cfb7bdb782184a,CVE-2020-12723,group-row-9856,train,train
row-9857,CWE-120,perl5,66bbb51b93253a3f87d11c2695cfb7bdb782184a,CVE-2020-12723,group-row-9856,train,train
row-9859,CWE-20,mariadb-connector-c,2759b87d72926b7c9b5426437a7c8dd15ff57945,,group-row-9859,train,train
row-9860,CWE-125,libexif,435e21f05001fb03f9f186fa7cbc69454afd00d1,,group-row-9860,train,train
row-9861,CWE-125,libexif,435e21f05001fb03f9f186fa7cbc69454afd00d1,,group-row-9860,train,train
row-9862,CWE-125,libexif,435e21f05001fb03f9f186fa7cbc69454afd00d1,,group-row-9860,train,train
row-9863,CWE-125,libexif,435e21f05001fb03f9f186fa7cbc69454afd00d1,,group-row-9860,train,train
row-9870,CWE-125,qemu,aab0e2a661b2b6bf7915c0aefe807fb60d6d9d13,CVE-2019-20808,group-row-9870,train,train
row-9871,CWE-125,qemu,aab0e2a661b2b6bf7915c0aefe807fb60d6d9d13,CVE-2019-20808,group-row-9870,train,train
row-9872,CWE-125,FreeRDP,48361c411e50826cb602c7aab773a8a20e1da6bc,,group-row-9872,train,validation
row-9874,CWE-787,FreeRDP,8305349a943c68b1bc8c158f431dc607655aadea,,group-row-9874,train,train
row-9875,CWE-119,linux,5bfea2d9b17f1034a68147a8b03b9789af5700f9,CVE-2020-10757,group-row-9875,train,train
row-9876,CWE-476,linux,2e7682ebfc750177a4944eeb56e97a3f05734528,,group-row-9876,train,train
row-9877,CWE-295,glib-networking,29513946809590c4912550f6f8620468f9836d94,CVE-2020-13645,group-row-9877,validation,test
row-9878,CWE-295,glib-networking,29513946809590c4912550f6f8620468f9836d94,CVE-2020-13645,group-row-9877,validation,test
row-9890,CWE-787,qemu,e423455c4f23a1a828901c78fe6d03b7dde79319,CVE-2020-13765,group-row-9890,train,test
row-9891,CWE-125,FreeRDP,b73143cf7ee5fe4cdabcbf56908aa15d8a883821,,group-row-9891,train,train
row-9892,CWE-125,FreeRDP,b73143cf7ee5fe4cdabcbf56908aa15d8a883821,,group-row-9891,train,train
row-9893,CWE-125,FreeRDP,c098f21fdaadca57ff649eee1674f6cc321a2ec4,,group-row-9893,train,train
row-9894,CWE-125,FreeRDP,c098f21fdaadca57ff649eee1674f6cc321a2ec4,,group-row-9893,train,train
row-9895,CWE-125,FreeRDP,8241ab42fdf0cc89cf69fc574bf6360c9977a0d4,,group-row-9895,train,train
row-9896,CWE-125,FreeRDP,8fa38359634a9910b91719818ab02f23c320dbae,,group-row-9896,train,train
row-9897,CWE-125,FreeRDP,6b485b146a1b9d6ce72dfd7b5f36456c166e7a16,,group-row-9897,train,train
row-9898,CWE-125,FreeRDP,6b485b146a1b9d6ce72dfd7b5f36456c166e7a16,,group-row-9897,train,train
row-9899,CWE-125,FreeRDP,6b485b146a1b9d6ce72dfd7b5f36456c166e7a16,,group-row-9897,train,train
row-9900,CWE-125,FreeRDP,6b485b146a1b9d6ce72dfd7b5f36456c166e7a16,,group-row-9897,train,train
row-9901,CWE-125,FreeRDP,6b485b146a1b9d6ce72dfd7b5f36456c166e7a16,,group-row-9897,train,train
row-9902,CWE-125,FreeRDP,6b485b146a1b9d6ce72dfd7b5f36456c166e7a16,,group-row-9897,train,train
row-9903,CWE-125,FreeRDP,6b485b146a1b9d6ce72dfd7b5f36456c166e7a16,,group-row-9897,train,train
row-9904,CWE-125,FreeRDP,6b485b146a1b9d6ce72dfd7b5f36456c166e7a16,,group-row-9897,train,train
row-9905,CWE-125,FreeRDP,6b485b146a1b9d6ce72dfd7b5f36456c166e7a16,,group-row-9897,train,train
row-9906,CWE-125,FreeRDP,6b485b146a1b9d6ce72dfd7b5f36456c166e7a16,,group-row-9897,train,train
row-9907,CWE-125,FreeRDP,6b485b146a1b9d6ce72dfd7b5f36456c166e7a16,,group-row-9897,train,train
row-9909,CWE-400,envoy,0e49a495826ea9e29134c1bd54fdeb31a034f40c,CVE-2020-12603,group-row-9909,train,train
row-9910,CWE-400,envoy,0e49a495826ea9e29134c1bd54fdeb31a034f40c,CVE-2020-12603,group-row-9909,train,train
row-9911,CWE-400,envoy,0e49a495826ea9e29134c1bd54fdeb31a034f40c,CVE-2020-12603,group-row-9909,train,train
row-9912,CWE-400,envoy,0e49a495826ea9e29134c1bd54fdeb31a034f40c,CVE-2020-12603,group-row-9909,train,train
row-9913,CWE-400,envoy,0e49a495826ea9e29134c1bd54fdeb31a034f40c,CVE-2020-12603,group-row-9909,train,train
row-9914,CWE-400,envoy,0e49a495826ea9e29134c1bd54fdeb31a034f40c,CVE-2020-12603,group-row-9909,train,train
row-9915,CWE-400,envoy,0e49a495826ea9e29134c1bd54fdeb31a034f40c,CVE-2020-12603,group-row-9909,train,train
row-9916,CWE-400,envoy,0e49a495826ea9e29134c1bd54fdeb31a034f40c,CVE-2020-12603,group-row-9909,train,train
row-9917,CWE-400,envoy,0e49a495826ea9e29134c1bd54fdeb31a034f40c,CVE-2020-12603,group-row-9909,train,train
row-9918,CWE-400,envoy,0e49a495826ea9e29134c1bd54fdeb31a034f40c,CVE-2020-12603,group-row-9909,train,train
row-9919,CWE-400,envoy,0e49a495826ea9e29134c1bd54fdeb31a034f40c,CVE-2020-12603,group-row-9909,train,train
row-9920,CWE-400,envoy,0e49a495826ea9e29134c1bd54fdeb31a034f40c,CVE-2020-12603,group-row-9909,train,train
row-9921,CWE-400,envoy,0e49a495826ea9e29134c1bd54fdeb31a034f40c,CVE-2020-12603,group-row-9909,train,train
row-9922,CWE-400,envoy,0e49a495826ea9e29134c1bd54fdeb31a034f40c,CVE-2020-12603,group-row-9909,train,train
row-9923,CWE-400,envoy,0e49a495826ea9e29134c1bd54fdeb31a034f40c,CVE-2020-12603,group-row-9909,train,train
row-9924,CWE-400,envoy,0e49a495826ea9e29134c1bd54fdeb31a034f40c,CVE-2020-12603,group-row-9909,train,train
row-9925,CWE-400,envoy,0e49a495826ea9e29134c1bd54fdeb31a034f40c,CVE-2020-12603,group-row-9909,train,train
row-9926,CWE-400,envoy,0e49a495826ea9e29134c1bd54fdeb31a034f40c,CVE-2020-12603,group-row-9909,train,train
row-9927,CWE-400,envoy,0e49a495826ea9e29134c1bd54fdeb31a034f40c,CVE-2020-12603,group-row-9909,train,train
row-9928,CWE-400,envoy,0e49a495826ea9e29134c1bd54fdeb31a034f40c,CVE-2020-12603,group-row-9909,train,train
row-9929,CWE-400,envoy,0e49a495826ea9e29134c1bd54fdeb31a034f40c,CVE-2020-12603,group-row-9909,train,train
row-9930,CWE-400,envoy,0e49a495826ea9e29134c1bd54fdeb31a034f40c,CVE-2020-12603,group-row-9909,train,train
row-9931,CWE-400,envoy,0e49a495826ea9e29134c1bd54fdeb31a034f40c,CVE-2020-12603,group-row-9909,train,train
row-9932,CWE-400,envoy,0e49a495826ea9e29134c1bd54fdeb31a034f40c,CVE-2020-12603,group-row-9909,train,train
row-9933,CWE-400,envoy,0e49a495826ea9e29134c1bd54fdeb31a034f40c,CVE-2020-12603,group-row-9909,train,train
row-9934,CWE-400,envoy,0e49a495826ea9e29134c1bd54fdeb31a034f40c,CVE-2020-12603,group-row-9909,train,train
row-9935,CWE-400,envoy,0e49a495826ea9e29134c1bd54fdeb31a034f40c,CVE-2020-12603,group-row-9909,train,train
row-9936,CWE-400,envoy,0e49a495826ea9e29134c1bd54fdeb31a034f40c,CVE-2020-12603,group-row-9909,train,train
row-9937,CWE-400,envoy,0e49a495826ea9e29134c1bd54fdeb31a034f40c,CVE-2020-12603,group-row-9909,train,train
row-9938,CWE-400,envoy,0e49a495826ea9e29134c1bd54fdeb31a034f40c,CVE-2020-12603,group-row-9909,train,train
row-9939,CWE-400,envoy,0e49a495826ea9e29134c1bd54fdeb31a034f40c,CVE-2020-12603,group-row-9909,train,train
row-9940,CWE-400,envoy,0e49a495826ea9e29134c1bd54fdeb31a034f40c,CVE-2020-12603,group-row-9909,train,train
row-9941,CWE-400,envoy,0e49a495826ea9e29134c1bd54fdeb31a034f40c,CVE-2020-12603,group-row-9909,train,train
row-9942,CWE-400,envoy,0e49a495826ea9e29134c1bd54fdeb31a034f40c,CVE-2020-12603,group-row-9909,train,train
row-9943,CWE-400,envoy,0e49a495826ea9e29134c1bd54fdeb31a034f40c,CVE-2020-12603,group-row-9909,train,train
row-9944,CWE-400,envoy,0e49a495826ea9e29134c1bd54fdeb31a034f40c,CVE-2020-12603,group-row-9909,train,train
row-9945,CWE-400,envoy,0e49a495826ea9e29134c1bd54fdeb31a034f40c,CVE-2020-12603,group-row-9909,train,train
row-9946,CWE-400,envoy,0e49a495826ea9e29134c1bd54fdeb31a034f40c,CVE-2020-12603,group-row-9909,train,train
row-9947,CWE-400,envoy,0e49a495826ea9e29134c1bd54fdeb31a034f40c,CVE-2020-12603,group-row-9909,train,train
row-9948,CWE-400,envoy,0e49a495826ea9e29134c1bd54fdeb31a034f40c,CVE-2020-12603,group-row-9909,train,train
row-9949,CWE-400,envoy,0e49a495826ea9e29134c1bd54fdeb31a034f40c,CVE-2020-12603,group-row-9909,train,train
row-9950,CWE-400,envoy,0e49a495826ea9e29134c1bd54fdeb31a034f40c,CVE-2020-12603,group-row-9909,train,train
row-9951,CWE-400,envoy,0e49a495826ea9e29134c1bd54fdeb31a034f40c,CVE-2020-12603,group-row-9909,train,train
row-9952,CWE-770,envoy,7ca28ff7d46454ae930e193d97b7d08156b1ba59,CVE-2020-12605,group-row-9952,train,train
row-9953,CWE-770,envoy,7ca28ff7d46454ae930e193d97b7d08156b1ba59,CVE-2020-12605,group-row-9952,train,train
row-9954,CWE-770,envoy,7ca28ff7d46454ae930e193d97b7d08156b1ba59,CVE-2020-12605,group-row-9952,train,train
row-9955,CWE-770,envoy,7ca28ff7d46454ae930e193d97b7d08156b1ba59,CVE-2020-12605,group-row-9952,train,train
row-9956,CWE-770,envoy,7ca28ff7d46454ae930e193d97b7d08156b1ba59,CVE-2020-12605,group-row-9952,train,train
row-9957,CWE-770,envoy,7ca28ff7d46454ae930e193d97b7d08156b1ba59,CVE-2020-12605,group-row-9952,train,train
row-9958,CWE-770,envoy,7ca28ff7d46454ae930e193d97b7d08156b1ba59,CVE-2020-12605,group-row-9952,train,train
row-9959,CWE-770,envoy,7ca28ff7d46454ae930e193d97b7d08156b1ba59,CVE-2020-12605,group-row-9952,train,train
row-9960,CWE-770,envoy,7ca28ff7d46454ae930e193d97b7d08156b1ba59,CVE-2020-12605,group-row-9952,train,train
row-9961,CWE-770,envoy,7ca28ff7d46454ae930e193d97b7d08156b1ba59,CVE-2020-12605,group-row-9952,train,train
row-9962,CWE-770,envoy,7ca28ff7d46454ae930e193d97b7d08156b1ba59,CVE-2020-12605,group-row-9952,train,train
row-9963,CWE-770,envoy,7ca28ff7d46454ae930e193d97b7d08156b1ba59,CVE-2020-12605,group-row-9952,train,train
row-9964,CWE-770,envoy,7ca28ff7d46454ae930e193d97b7d08156b1ba59,CVE-2020-12605,group-row-9952,train,train
row-9965,CWE-400,envoy,dfddb529e914d794ac552e906b13d71233609bf7,CVE-2020-8663,group-row-9965,train,train
row-9966,CWE-400,envoy,dfddb529e914d794ac552e906b13d71233609bf7,CVE-2020-8663,group-row-9965,train,train
row-9967,CWE-400,envoy,dfddb529e914d794ac552e906b13d71233609bf7,CVE-2020-8663,group-row-9965,train,train
row-9968,CWE-400,envoy,dfddb529e914d794ac552e906b13d71233609bf7,CVE-2020-8663,group-row-9965,train,train
row-9969,CWE-400,envoy,dfddb529e914d794ac552e906b13d71233609bf7,CVE-2020-8663,group-row-9965,train,train
row-9970,CWE-400,envoy,dfddb529e914d794ac552e906b13d71233609bf7,CVE-2020-8663,group-row-9965,train,train
row-9971,CWE-400,envoy,dfddb529e914d794ac552e906b13d71233609bf7,CVE-2020-8663,group-row-9965,train,train
row-9972,CWE-400,envoy,dfddb529e914d794ac552e906b13d71233609bf7,CVE-2020-8663,group-row-9965,train,train
row-9973,CWE-400,envoy,dfddb529e914d794ac552e906b13d71233609bf7,CVE-2020-8663,group-row-9965,train,train
row-9974,CWE-400,envoy,542f84c66e9f6479bc31c6f53157c60472b25240,CVE-2020-8663,group-row-9965,train,train
row-9975,CWE-400,envoy,542f84c66e9f6479bc31c6f53157c60472b25240,CVE-2020-8663,group-row-9965,train,train
row-9976,CWE-400,envoy,542f84c66e9f6479bc31c6f53157c60472b25240,CVE-2020-8663,group-row-9965,train,train
row-9977,CWE-400,envoy,542f84c66e9f6479bc31c6f53157c60472b25240,CVE-2020-8663,group-row-9965,train,train
row-9978,CWE-401,envoy,5eba69a1f375413fb93fab4173f9c393ac8c2818,CVE-2020-12604,group-row-9978,train,train
row-9979,CWE-401,envoy,5eba69a1f375413fb93fab4173f9c393ac8c2818,CVE-2020-12604,group-row-9978,train,train
row-9980,CWE-401,envoy,5eba69a1f375413fb93fab4173f9c393ac8c2818,CVE-2020-12604,group-row-9978,train,train
row-9981,CWE-401,envoy,5eba69a1f375413fb93fab4173f9c393ac8c2818,CVE-2020-12604,group-row-9978,train,train
row-9982,CWE-401,envoy,5eba69a1f375413fb93fab4173f9c393ac8c2818,CVE-2020-12604,group-row-9978,train,train
row-9983,CWE-401,envoy,5eba69a1f375413fb93fab4173f9c393ac8c2818,CVE-2020-12604,group-row-9978,train,train
row-9984,CWE-401,envoy,5eba69a1f375413fb93fab4173f9c393ac8c2818,CVE-2020-12604,group-row-9978,train,train
row-9985,CWE-401,envoy,5eba69a1f375413fb93fab4173f9c393ac8c2818,CVE-2020-12604,group-row-9978,train,train
row-9986,CWE-401,envoy,5eba69a1f375413fb93fab4173f9c393ac8c2818,CVE-2020-12604,group-row-9978,train,train
row-9987,CWE-401,envoy,5eba69a1f375413fb93fab4173f9c393ac8c2818,CVE-2020-12604,group-row-9978,train,train
row-9988,CWE-401,envoy,5eba69a1f375413fb93fab4173f9c393ac8c2818,CVE-2020-12604,group-row-9978,train,train
row-9989,CWE-401,envoy,5eba69a1f375413fb93fab4173f9c393ac8c2818,CVE-2020-12604,group-row-9978,train,train
row-9990,CWE-401,envoy,5eba69a1f375413fb93fab4173f9c393ac8c2818,CVE-2020-12604,group-row-9978,train,train
row-9991,CWE-401,envoy,5eba69a1f375413fb93fab4173f9c393ac8c2818,CVE-2020-12604,group-row-9978,train,train
row-9992,CWE-401,envoy,5eba69a1f375413fb93fab4173f9c393ac8c2818,CVE-2020-12604,group-row-9978,train,train
row-10004,CWE-125,linux,15753588bcd4bbffae1cca33c8ced5722477fe1f,CVE-2020-13143,group-row-10004,train,test
row-10007,CWE-190,libexif,ce03ad7ef4e8aeefce79192bf5b6f69fae396f0c,CVE-2020-0181,group-row-10007,train,train
row-10008,CWE-190,libexif,ce03ad7ef4e8aeefce79192bf5b6f69fae396f0c,CVE-2020-0181,group-row-10007,train,train
row-10009,CWE-125,libjpeg-turbo,3de15e0c344d11d4b90f4a47136467053eb2d09a,,group-row-10009,test,validation
row-10010,CWE-125,FreeRDP,0332cad015fdf7fac7e5c6863484f18a554e0fcf,CVE-2020-11019,group-row-10010,train,train
row-10011,CWE-190,FreeRDP,06c32f170093a6ecde93e3bc07fed6a706bfbeb3,CVE-2020-11038,group-row-10011,train,test
row-10012,CWE-190,FreeRDP,9f77fc3dd2394373e1be753952b00dafa1a9b7da,CVE-2020-11039,group-row-10012,train,validation
row-10013,CWE-125,FreeRDP,363d7046dfec4003b91aecf7867e3b05905f3843,CVE-2020-11040,group-row-10013,train,train
row-10014,CWE-125,FreeRDP,3a06ce058f690b7fc1edad2f352c453376c2ebfe,CVE-2020-11043,group-row-10014,train,train
row-10015,CWE-369,qemu,7a4ede0047a8613b0e3b72c9d351038f013dd357,CVE-2020-14415,group-row-10015,train,test
row-10017,CWE-787,jbig2dec,0726320a4b55078e9d8deb590e477d598b3da66e,,group-row-10017,train,test
row-10036,CWE-125,ImageMagick,824f344ceb823e156ad6e85314d79c087933c2a0,CVE-2020-13902,group-row-10036,train,train
row-10038,CWE-476,samba,d8b9bb274b7e7a390cf3bda9cd732cb2227bdbde,CVE-2020-10730,group-row-10038,train,test
row-10039,CWE-400,samba,cc3a67760cf9faaad3af73b1eed9e2ef85276633,CVE-2020-10745,group-row-10039,train,validation
row-10040,CWE-400,samba,cc3a67760cf9faaad3af73b1eed9e2ef85276633,CVE-2020-10745,group-row-10039,train,validation
row-10041,CWE-400,samba,cc3a67760cf9faaad3af73b1eed9e2ef85276633,CVE-2020-10745,group-row-10039,train,validation
row-10042,CWE-416,samba,32c333def9ad5a1c67abee320cf5f3c4f2cb1e5c,CVE-2020-10760,group-row-10042,train,test
row-10043,CWE-416,samba,32c333def9ad5a1c67abee320cf5f3c4f2cb1e5c,CVE-2020-10760,group-row-10042,train,test
row-10045,CWE-787,libvncserver,0cf1400c61850065de590d403f6d49e32882fd76,,group-row-10045,test,validation
row-10055,CWE-401,linux,9453264ef58638ce8976121ac44c07a3ef375983,CVE-2019-20810,group-row-10055,train,test
row-10057,CWE-125,poppler,cdb7ad95f7c8fbf63ade040d8a07ec96467042fc,CVE-2019-12360,group-row-10057,validation,train
row-10058,CWE-125,poppler,bf4aae25a244b1033a2479b9a8f633224f7d5de5,CVE-2019-12360,group-row-10057,validation,train
row-10059,CWE-415,net-snmp,5f881d3bf24599b90d67a45cae7a3eb099cd71c9,,group-row-10059,train,train
row-10060,CWE-415,net-snmp,5f881d3bf24599b90d67a45cae7a3eb099cd71c9,,group-row-10059,train,train
row-10061,CWE-415,net-snmp,5f881d3bf24599b90d67a45cae7a3eb099cd71c9,,group-row-10059,train,train
row-10062,CWE-415,net-snmp,5f881d3bf24599b90d67a45cae7a3eb099cd71c9,,group-row-10059,train,train
row-10065,CWE-476,linux,9804501fa1228048857910a6bf23e085aade37cc,CVE-2019-19227,group-row-10065,train,train
row-10066,CWE-476,linux,9804501fa1228048857910a6bf23e085aade37cc,CVE-2019-19227,group-row-10065,train,train
row-10067,CWE-787,ImageMagick6,26538669546730c5b2dc36e7d48850f1f6928f94,CVE-2020-19667,group-row-10067,train,train
row-10069,CWE-787,LibRaw,55f0a0c08974b8b79ebfa7762b555a1704b25fb2,CVE-2020-15365,group-row-10069,train,validation
row-10070,CWE-787,LibRaw,55f0a0c08974b8b79ebfa7762b555a1704b25fb2,CVE-2020-15365,group-row-10069,train,validation
row-10071,CWE-787,libvncserver,aac95a9dcf4bbba87b76c72706c3221a842ca433,,group-row-10071,test,validation
row-10072,CWE-787,libvncserver,aac95a9dcf4bbba87b76c72706c3221a842ca433,,group-row-10071,test,validation
row-10073,CWE-787,libvncserver,aac95a9dcf4bbba87b76c72706c3221a842ca433,,group-row-10071,test,validation
row-10074,CWE-125,libexif,5ae5973bed1947f4d447dc80b76d5cefadd90133,CVE-2020-0093,group-row-10074,train,test
row-10075,CWE-125,libexif,f9bb9f263fb00f0603ecbefa8957cad24168cbff,CVE-2020-0182,group-row-10075,train,validation
row-10076,CWE-401,linux,28ebeb8db77035e058a510ce9bd17c2b9a009dba,CVE-2020-15393,group-row-10076,train,validation
row-10082,CWE-787,qemu,5519724a13664b43e225ca05351c60b4468e4555,CVE-2020-15863,group-row-10082,train,test
row-10083,CWE-125,linux,5872331b3d91820e14716632ebb56b1399b34fe1,CVE-2020-14314,group-row-10083,train,train
row-10086,CWE-125,FreeRDP,b8beb55913471952f92770c90c372139d78c16c0,,group-row-10086,train,train
row-10087,CWE-125,FreeRDP,b8beb55913471952f92770c90c372139d78c16c0,,group-row-10086,train,train
row-10088,CWE-125,FreeRDP,b8beb55913471952f92770c90c372139d78c16c0,,group-row-10086,train,train
row-10089,CWE-125,FreeRDP,b8beb55913471952f92770c90c372139d78c16c0,,group-row-10086,train,train
row-10090,CWE-125,FreeRDP,b8beb55913471952f92770c90c372139d78c16c0,,group-row-10086,train,train
row-10091,CWE-125,FreeRDP,b8beb55913471952f92770c90c372139d78c16c0,,group-row-10086,train,train
row-10092,CWE-125,FreeRDP,b8beb55913471952f92770c90c372139d78c16c0,,group-row-10086,train,train
row-10093,CWE-125,FreeRDP,b8beb55913471952f92770c90c372139d78c16c0,,group-row-10086,train,train
row-10098,CWE-125,FreeRDP,0a98c450c58ec150e44781c89aa6f8e7e0f571f5,,group-row-10098,train,train
row-10104,CWE-125,FreeRDP,6ade7b4cbfd71c54b3d724e8f2d6ac76a58e879a,,group-row-10104,train,train
row-10117,CWE-416,MilkyTracker,7afd55c42ad80d01a339197a2d8b5461d214edaf,,group-row-10117,train,test
row-10120,CWE-476,clamav-devel,8bb3716be9c7ab7c6a3a1889267b1072f48af87b,CVE-2020-3481,group-row-10120,validation,train
row-10121,CWE-476,clamav-devel,8bb3716be9c7ab7c6a3a1889267b1072f48af87b,CVE-2020-3481,group-row-10120,validation,train
row-10122,CWE-190,FreeRDP,e08a23f93136f59a52651f66d064b8d4303872e1,CVE-2020-15103,group-row-10122,train,test
row-10123,CWE-190,FreeRDP,e08a23f93136f59a52651f66d064b8d4303872e1,CVE-2020-15103,group-row-10122,train,test
row-10124,CWE-190,FreeRDP,e08a23f93136f59a52651f66d064b8d4303872e1,CVE-2020-15103,group-row-10122,train,test
row-10125,CWE-190,FreeRDP,40393700642ad38437982e8a3afc34ff33ccf28e,CVE-2020-15103,group-row-10122,train,test
row-10128,CWE-617,qemu,035e69b063835a5fd23cacabd63690a3d84532a8,CVE-2020-16092,group-row-10128,train,test
row-10134,CWE-125,lua,127e7a6c8942b362aa3c6627f44d660a4fb75312,,group-row-10134,train,train
row-10135,CWE-125,LuaJIT,53f82e6e2e858a0a62fd1a2ff47e9866693382e6,CVE-2020-15890,group-row-10135,train,train
row-10137,CWE-476,libvncserver,33441d90a506d5f3ae9388f2752901227e430553,,group-row-10137,test,validation
row-10138,CWE-476,libvncserver,38e98ee61d74f5f5ab4aa4c77146faad1962d6d0,,group-row-10138,test,train
row-10139,CWE-476,libvncserver,38e98ee61d74f5f5ab4aa4c77146faad1962d6d0,,group-row-10138,test,train
row-10140,CWE-476,libvncserver,38e98ee61d74f5f5ab4aa4c77146faad1962d6d0,,group-row-10138,test,train
row-10141,CWE-476,libvncserver,38e98ee61d74f5f5ab4aa4c77146faad1962d6d0,,group-row-10138,test,train
row-10142,CWE-476,libvncserver,38e98ee61d74f5f5ab4aa4c77146faad1962d6d0,,group-row-10138,test,train
row-10150,CWE-200,linux-2.6,0d0138ebe24b94065580bd2601f8bb7eb6152f56,CVE-2011-2707,group-row-10150,train,validation
row-10151,CWE-703,lua,a2195644d89812e5b157ce7bac35543e06db05e3,,group-row-10151,train,test
row-10152,CWE-703,lua,a2195644d89812e5b157ce7bac35543e06db05e3,,group-row-10151,train,test
row-10153,CWE-703,lua,a2195644d89812e5b157ce7bac35543e06db05e3,,group-row-10151,train,test
row-10154,CWE-703,lua,a2195644d89812e5b157ce7bac35543e06db05e3,,group-row-10151,train,test
row-10155,CWE-703,lua,a2195644d89812e5b157ce7bac35543e06db05e3,,group-row-10151,train,test
row-10158,CWE-476,evolution-data-server,2cc39592b532cf0dc994fd3694b8e6bf924c9ab5,CVE-2020-16117,group-row-10158,train,test
row-10159,CWE-119,xserver,f7cd1276bbd4fe3a9700096dec33b52b8440788d,CVE-2020-14345,group-row-10159,train,train
row-10160,CWE-119,xserver,f7cd1276bbd4fe3a9700096dec33b52b8440788d,CVE-2020-14345,group-row-10159,train,train
row-10162,CWE-190,libx11,1703b9f3435079d3c6021e1ee2ec34fd4978103d,CVE-2020-14344,group-row-10162,train,train
row-10163,CWE-190,libx11,1a566c9e00e5f35c1f9e7f3d741a02e5170852b2,CVE-2020-14344,group-row-10162,train,train
row-10164,CWE-190,libx11,1a566c9e00e5f35c1f9e7f3d741a02e5170852b2,CVE-2020-14344,group-row-10162,train,train
row-10165,CWE-190,libx11,1a566c9e00e5f35c1f9e7f3d741a02e5170852b2,CVE-2020-14344,group-row-10162,train,train
row-10166,CWE-190,libx11,1a566c9e00e5f35c1f9e7f3d741a02e5170852b2,CVE-2020-14344,group-row-10162,train,train
row-10167,CWE-190,libx11,1a566c9e00e5f35c1f9e7f3d741a02e5170852b2,CVE-2020-14344,group-row-10162,train,train
row-10168,CWE-190,libx11,1a566c9e00e5f35c1f9e7f3d741a02e5170852b2,CVE-2020-14344,group-row-10162,train,train
row-10169,CWE-190,libx11,1a566c9e00e5f35c1f9e7f3d741a02e5170852b2,CVE-2020-14344,group-row-10162,train,train
row-10170,CWE-190,libx11,2fcfcc49f3b1be854bb9085993a01d17c62acf60,CVE-2020-14344,group-row-10162,train,train
row-10171,CWE-190,libx11,388b303c62aa35a245f1704211a023440ad2c488,CVE-2020-14344,group-row-10162,train,train
row-10172,CWE-190,libx11,0e6561efcfaa0ae7b5c74eac7e064b76d687544e,CVE-2020-14344,group-row-10162,train,train
row-10173,CWE-190,libx11,0e6561efcfaa0ae7b5c74eac7e064b76d687544e,CVE-2020-14344,group-row-10162,train,train
row-10174,CWE-476,libssh-mirror,533d881b0f4b24c72b35ecc97fa35d295d063e53,CVE-2020-16135,group-row-10174,train,train
row-10175,CWE-476,libssh-mirror,2782cb0495b7450bd8fe43ce4af886b66fea6c40,CVE-2020-16135,group-row-10174,train,train
row-10176,CWE-476,libssh-mirror,10b3ebbe61a7031a3dae97f05834442220447181,CVE-2020-16135,group-row-10174,train,train
row-10177,CWE-476,libssh-mirror,245ad744b5ab0582fef7cf3905a717b791d7e08b,CVE-2020-16135,group-row-10174,train,train
row-10188,CWE-20,linux-2.6,272b62c1f0f6f742046e45b50b6fec98860208a0,CVE-2011-0463,group-row-10188,train,train
row-10189,CWE-22,librepo,7daea2a2429a54dad68b1de9b37a5f65c5cf2600,CVE-2020-14352,group-row-10189,train,test
row-10201,CWE-416,iproute2,9bf2c538a0eb10d66e2365a655bf6c52f5ba3d10,CVE-2019-20795,group-row-10201,train,validation
row-10206,CWE-119,xserver,446ff2d3177087b8173fa779fa5b77a2a128988b,CVE-2020-14360,group-row-10206,train,validation
row-10213,CWE-617,bind9,6ed167ad0a647dff20c8cb08c944a7967df2d415,CVE-2020-8622,group-row-10213,train,test
row-10214,CWE-617,bind9,8d807cc21655eaa6e6a08afafeec3682c0f3f2ab,CVE-2020-8623,group-row-10214,train,train
row-10215,CWE-617,bind9,8d807cc21655eaa6e6a08afafeec3682c0f3f2ab,CVE-2020-8623,group-row-10214,train,train
row-10216,CWE-617,bind9,8d807cc21655eaa6e6a08afafeec3682c0f3f2ab,CVE-2020-8623,group-row-10214,train,train
row-10217,CWE-617,bind9,8d807cc21655eaa6e6a08afafeec3682c0f3f2ab,CVE-2020-8623,group-row-10214,train,train
row-10218,CWE-617,bind9,8d807cc21655eaa6e6a08afafeec3682c0f3f2ab,CVE-2020-8623,group-row-10214,train,train
row-10219,CWE-617,bind9,8d807cc21655eaa6e6a08afafeec3682c0f3f2ab,CVE-2020-8623,group-row-10214,train,train
row-10220,CWE-617,bind9,8d807cc21655eaa6e6a08afafeec3682c0f3f2ab,CVE-2020-8623,group-row-10214,train,train
row-10221,CWE-617,bind9,8d807cc21655eaa6e6a08afafeec3682c0f3f2ab,CVE-2020-8623,group-row-10214,train,train
row-10222,CWE-617,bind9,8d807cc21655eaa6e6a08afafeec3682c0f3f2ab,CVE-2020-8623,group-row-10214,train,train
row-10223,CWE-617,bind9,8d807cc21655eaa6e6a08afafeec3682c0f3f2ab,CVE-2020-8623,group-row-10214,train,train
row-10224,CWE-617,bind9,8d807cc21655eaa6e6a08afafeec3682c0f3f2ab,CVE-2020-8623,group-row-10214,train,train
row-10226,CWE-120,ghostpdl,849e74e5ab450dd581942192da7101e0664fa5af,CVE-2020-16298,group-row-10226,test,validation
row-10227,CWE-369,ghostpdl,eaba1d97b62831b42c51840cc8ee2bc4576c942e,CVE-2020-16310,group-row-10227,test,validation
row-10228,CWE-476,ghostpdl,407c98a38c3a6ac1681144ed45cc2f4fc374c91f,CVE-2020-16307,group-row-10228,test,train
row-10229,CWE-476,ghostpdl,407c98a38c3a6ac1681144ed45cc2f4fc374c91f,CVE-2020-16307,group-row-10228,test,train
row-10230,CWE-476,ghostpdl,407c98a38c3a6ac1681144ed45cc2f4fc374c91f,CVE-2020-16307,group-row-10228,test,train
row-10231,CWE-476,ghostpdl,aadb53eb834b3def3ef68d78865ff87a68901804,CVE-2020-16306,group-row-10231,test,test
row-10232,CWE-476,ghostpdl,aadb53eb834b3def3ef68d78865ff87a68901804,CVE-2020-16306,group-row-10231,test,test
row-10233,CWE-120,ghostpdl,f54414c8b15b2c27d1dcadd92cfe84f6d15f18dc,CVE-2020-16301,group-row-10233,test,train
row-10234,CWE-787,ghostpdl,714e8995cd582d418276915cbbec3c70711fb19e,CVE-2020-16300,group-row-10234,test,validation
row-10237,CWE-787,ghostpdl,9f39ed4a92578a020ae10459643e1fe72573d134,CVE-2020-16296,group-row-10237,test,train
row-10238,CWE-787,ghostpdl,9f39ed4a92578a020ae10459643e1fe72573d134,CVE-2020-16296,group-row-10237,test,train
row-10239,CWE-787,ghostpdl,bf72f1a3dd5392ee8291e3b1518a0c2c5dc6ba39,CVE-2020-16297,group-row-10239,test,train
row-10240,CWE-787,ghostpdl,bf72f1a3dd5392ee8291e3b1518a0c2c5dc6ba39,CVE-2020-16297,group-row-10239,test,train
row-10241,CWE-120,ghostpdl,89f58f1aa95b3482cadf6977da49457194ee5358,CVE-2020-16294,group-row-10241,test,test
row-10243,CWE-476,ghostpdl,7870f4951bcc6a153f317e3439e14d0e929fd231,CVE-2020-16293,group-row-10243,test,validation
row-10244,CWE-476,ghostpdl,7870f4951bcc6a153f317e3439e14d0e929fd231,CVE-2020-16293,group-row-10243,test,validation
row-10245,CWE-787,ghostpdl,863ada11f9a942a622a581312e2be022d9e2a6f7,CVE-2020-16292,group-row-10245,test,train
row-10246,CWE-787,ghostpdl,450da26a76286a8342ec0864b3d113856709f8f6,CVE-2020-16287,group-row-10246,test,train
row-10247,CWE-787,ghostpdl,d31e25ed5b130499e0d880e4609b1b4824699768,CVE-2020-16289,group-row-10247,test,train
row-10248,CWE-787,ghostpdl,a6f7464dddc689386668a38b92dfd03cc1b38a10,CVE-2020-16309,group-row-10248,test,train
row-10249,CWE-787,ghostpdl,2793769ff107d8d22dadd30c6e68cd781b569550,CVE-2020-16305,group-row-10249,test,train
row-10252,CWE-787,ghostpdl,027c546e0dd11e0526f1780a7f3c2c66acffe209,CVE-2020-16304,group-row-10252,test,train
row-10253,CWE-120,ghostpdl,366ad48d076c1aa4c8f83c65011258a04e348207,CVE-2020-16302,group-row-10253,test,validation
row-10261,CWE-59,chrony,e18903a6b56341481a2e08469c0602010bf7bfe3,CVE-2020-14367,group-row-10261,train,train
row-10262,CWE-59,chrony,e18903a6b56341481a2e08469c0602010bf7bfe3,CVE-2020-14367,group-row-10261,train,train
row-10263,CWE-59,chrony,e18903a6b56341481a2e08469c0602010bf7bfe3,CVE-2020-14367,group-row-10261,train,train
row-10264,CWE-59,chrony,e18903a6b56341481a2e08469c0602010bf7bfe3,CVE-2020-14367,group-row-10261,train,train
row-10265,CWE-59,chrony,e18903a6b56341481a2e08469c0602010bf7bfe3,CVE-2020-14367,group-row-10261,train,train
row-10266,CWE-59,chrony,e18903a6b56341481a2e08469c0602010bf7bfe3,CVE-2020-14367,group-row-10261,train,train
row-10267,CWE-59,chrony,e18903a6b56341481a2e08469c0602010bf7bfe3,CVE-2020-14367,group-row-10261,train,train
row-10268,CWE-59,chrony,e18903a6b56341481a2e08469c0602010bf7bfe3,CVE-2020-14367,group-row-10261,train,train
row-10269,CWE-59,chrony,e18903a6b56341481a2e08469c0602010bf7bfe3,CVE-2020-14367,group-row-10261,train,train
row-10270,CWE-59,chrony,e18903a6b56341481a2e08469c0602010bf7bfe3,CVE-2020-14367,group-row-10261,train,train
row-10271,CWE-59,chrony,e18903a6b56341481a2e08469c0602010bf7bfe3,CVE-2020-14367,group-row-10261,train,train
row-10272,CWE-59,chrony,e18903a6b56341481a2e08469c0602010bf7bfe3,CVE-2020-14367,group-row-10261,train,train
row-10273,CWE-59,chrony,e18903a6b56341481a2e08469c0602010bf7bfe3,CVE-2020-14367,group-row-10261,train,train
row-10274,CWE-59,chrony,e18903a6b56341481a2e08469c0602010bf7bfe3,CVE-2020-14367,group-row-10261,train,train
row-10275,CWE-59,chrony,e18903a6b56341481a2e08469c0602010bf7bfe3,CVE-2020-14367,group-row-10261,train,train
row-10276,CWE-59,chrony,e18903a6b56341481a2e08469c0602010bf7bfe3,CVE-2020-14367,group-row-10261,train,train
row-10277,CWE-59,chrony,e18903a6b56341481a2e08469c0602010bf7bfe3,CVE-2020-14367,group-row-10261,train,train
row-10278,CWE-59,chrony,e18903a6b56341481a2e08469c0602010bf7bfe3,CVE-2020-14367,group-row-10261,train,train
row-10279,CWE-59,chrony,e18903a6b56341481a2e08469c0602010bf7bfe3,CVE-2020-14367,group-row-10261,train,train
row-10280,CWE-59,chrony,e18903a6b56341481a2e08469c0602010bf7bfe3,CVE-2020-14367,group-row-10261,train,train
row-10281,CWE-59,chrony,e18903a6b56341481a2e08469c0602010bf7bfe3,CVE-2020-14367,group-row-10261,train,train
row-10282,CWE-125,LuaJIT,12ab596997b9cb27846a5b254d11230c3f9c50c8,CVE-2020-24372,group-row-10282,train,train
row-10283,CWE-125,LuaJIT,e296f56b825c688c3530a981dc6b495d972f3d01,CVE-2020-24372,group-row-10282,train,train
row-10284,CWE-125,LuaJIT,e296f56b825c688c3530a981dc6b495d972f3d01,CVE-2020-24372,group-row-10282,train,train
row-10285,CWE-125,LuaJIT,e296f56b825c688c3530a981dc6b495d972f3d01,CVE-2020-24372,group-row-10282,train,train
row-10300,CWE-190,libx11,acdaaadcb3d85c61fd43669fc5dddf0f8c3f911d,CVE-2020-14363,group-row-10300,train,train
row-10302,CWE-416,nasm,6ac6ac57e3d01ea8ed4ea47706eb724b59176461,CVE-2020-24241,group-row-10302,train,train
row-10306,CWE-416,tip,8019ad13ef7f64be44d4f892af9c840179009254,CVE-2020-14381,group-row-10306,train,train
row-10307,CWE-416,tip,8019ad13ef7f64be44d4f892af9c840179009254,CVE-2020-14381,group-row-10306,train,train
row-10308,CWE-416,tip,8019ad13ef7f64be44d4f892af9c840179009254,CVE-2020-14381,group-row-10306,train,train
row-10309,CWE-416,tip,8019ad13ef7f64be44d4f892af9c840179009254,CVE-2020-14381,group-row-10306,train,train
row-10310,CWE-787,cryptsetup,52f5cb8cedf22fb3e14c744814ec8af7614146c7,CVE-2020-14382,group-row-10310,train,train
row-10312,CWE-787,linux,acf69c946233259ab4d64f8869d4037a198c7f06,CVE-2020-14386,group-row-10312,train,train
row-10313,CWE-120,linux,1cc5ef91d2ff94d2bf2de3b3585423e8a1051cb6,CVE-2020-25211,group-row-10313,train,train
row-10314,CWE-787,linux,b4487b93545214a9db8cbf32e86411677b0cca21,CVE-2020-25212,group-row-10314,train,train
row-10315,CWE-787,linux,b4487b93545214a9db8cbf32e86411677b0cca21,CVE-2020-25212,group-row-10314,train,train
row-10355,CWE-59,unbound,ad387832979b6ce4c93f64fe706301cd7d034e87,CVE-2020-28935,group-row-10355,validation,validation
row-10356,CWE-120,brotli,223d80cfbec8fd346e32906c732c8ede21f0cea6,CVE-2020-8927,group-row-10356,train,train
row-10357,CWE-120,brotli,223d80cfbec8fd346e32906c732c8ede21f0cea6,CVE-2020-8927,group-row-10356,train,train
row-10358,CWE-120,brotli,223d80cfbec8fd346e32906c732c8ede21f0cea6,CVE-2020-8927,group-row-10356,train,train
row-10359,CWE-120,brotli,223d80cfbec8fd346e32906c732c8ede21f0cea6,CVE-2020-8927,group-row-10356,train,train
row-10360,CWE-120,brotli,223d80cfbec8fd346e32906c732c8ede21f0cea6,CVE-2020-8927,group-row-10356,train,train
row-10361,CWE-120,brotli,223d80cfbec8fd346e32906c732c8ede21f0cea6,CVE-2020-8927,group-row-10356,train,train
row-10362,CWE-120,brotli,223d80cfbec8fd346e32906c732c8ede21f0cea6,CVE-2020-8927,group-row-10356,train,train
row-10363,CWE-120,brotli,223d80cfbec8fd346e32906c732c8ede21f0cea6,CVE-2020-8927,group-row-10356,train,train
row-10364,CWE-120,brotli,223d80cfbec8fd346e32906c732c8ede21f0cea6,CVE-2020-8927,group-row-10356,train,train
row-10365,CWE-120,brotli,223d80cfbec8fd346e32906c732c8ede21f0cea6,CVE-2020-8927,group-row-10356,train,train
row-10366,CWE-120,brotli,223d80cfbec8fd346e32906c732c8ede21f0cea6,CVE-2020-8927,group-row-10356,train,train
row-10367,CWE-120,brotli,223d80cfbec8fd346e32906c732c8ede21f0cea6,CVE-2020-8927,group-row-10356,train,train
row-10368,CWE-120,brotli,223d80cfbec8fd346e32906c732c8ede21f0cea6,CVE-2020-8927,group-row-10356,train,train
row-10369,CWE-120,brotli,223d80cfbec8fd346e32906c732c8ede21f0cea6,CVE-2020-8927,group-row-10356,train,train
row-10370,CWE-120,brotli,223d80cfbec8fd346e32906c732c8ede21f0cea6,CVE-2020-8927,group-row-10356,train,train
row-10371,CWE-120,brotli,223d80cfbec8fd346e32906c732c8ede21f0cea6,CVE-2020-8927,group-row-10356,train,train
row-10372,CWE-120,brotli,223d80cfbec8fd346e32906c732c8ede21f0cea6,CVE-2020-8927,group-row-10356,train,train
row-10373,CWE-20,net,66d42ed8b25b64eb63111a2b8582c5afc8bf1105,CVE-2020-25643,group-row-10373,train,train
row-10374,CWE-125,linux,973c096f6a85e5b5f2a295126ba6928d9a6afd45,,group-row-10374,train,validation
row-10375,CWE-125,linux,973c096f6a85e5b5f2a295126ba6928d9a6afd45,,group-row-10374,train,validation
row-10376,CWE-125,linux,973c096f6a85e5b5f2a295126ba6928d9a6afd45,,group-row-10374,train,validation
row-10377,CWE-125,linux,973c096f6a85e5b5f2a295126ba6928d9a6afd45,,group-row-10374,train,validation
row-10378,CWE-125,linux,973c096f6a85e5b5f2a295126ba6928d9a6afd45,,group-row-10374,train,validation
row-10379,CWE-125,linux,973c096f6a85e5b5f2a295126ba6928d9a6afd45,,group-row-10374,train,validation
row-10380,CWE-125,linux,973c096f6a85e5b5f2a295126ba6928d9a6afd45,,group-row-10374,train,validation
row-10381,CWE-125,linux,973c096f6a85e5b5f2a295126ba6928d9a6afd45,,group-row-10374,train,validation
row-10382,CWE-125,linux,973c096f6a85e5b5f2a295126ba6928d9a6afd45,,group-row-10374,train,validation
row-10383,CWE-125,linux,973c096f6a85e5b5f2a295126ba6928d9a6afd45,,group-row-10374,train,validation
row-10384,CWE-125,linux,973c096f6a85e5b5f2a295126ba6928d9a6afd45,,group-row-10374,train,validation
row-10385,CWE-125,linux,973c096f6a85e5b5f2a295126ba6928d9a6afd45,,group-row-10374,train,validation
row-10386,CWE-125,linux,973c096f6a85e5b5f2a295126ba6928d9a6afd45,,group-row-10374,train,validation
row-10387,CWE-125,linux,973c096f6a85e5b5f2a295126ba6928d9a6afd45,,group-row-10374,train,validation
row-10401,CWE-787,oniguruma,cbe9f8bd9cfc6c3c87a60fbae58fa1a85db59df0,CVE-2020-26159,group-row-10401,train,test
row-10402,CWE-415,bluez,1cd644db8c23a2f530ddb93cebed7dacc5f5721a,,group-row-10402,train,test
row-10403,CWE-415,bluez,1cd644db8c23a2f530ddb93cebed7dacc5f5721a,,group-row-10402,train,test
row-10404,CWE-415,bluez,1cd644db8c23a2f530ddb93cebed7dacc5f5721a,,group-row-10402,train,test
row-10407,CWE-787,OpenSC,6903aebfddc466d966c7b865fae34572bf3ed23e,,group-row-10407,train,validation
row-10408,CWE-787,OpenSC,ed55fcd2996930bf58b9bb57e9ba7b1f3a753c43,CVE-2020-26571,group-row-10408,train,train
row-10409,CWE-787,OpenSC,9d294de90d1cc66956389856e60b6944b27b4817,,group-row-10409,train,train
row-10412,CWE-835,wireshark,3ff940652962c099b73ae3233322b8697b0d10ab,CVE-2020-26575,group-row-10412,train,train
row-10413,CWE-835,wireshark,3ff940652962c099b73ae3233322b8697b0d10ab,CVE-2020-26575,group-row-10412,train,train
row-10414,CWE-476,wireshark,4a948427100b6c109f4ec7b4361f0d2aec5e5c3f,CVE-2020-25866,group-row-10414,train,train
row-10415,CWE-476,wireshark,4a948427100b6c109f4ec7b4361f0d2aec5e5c3f,CVE-2020-25866,group-row-10414,train,train
row-10416,CWE-476,wireshark,4a948427100b6c109f4ec7b4361f0d2aec5e5c3f,CVE-2020-25866,group-row-10414,train,train
row-10417,CWE-770,spice-vd_agent,1a8b93ca6ac0b690339ab7f0afc6fc45d198d332,CVE-2020-25650,group-row-10417,train,train
row-10418,CWE-770,spice-vd_agent,1a8b93ca6ac0b690339ab7f0afc6fc45d198d332,CVE-2020-25650,group-row-10417,train,train
row-10419,CWE-770,spice-vd_agent,9d35d8a86fb310fc1f29d428c0a96995948d2357,CVE-2020-25650,group-row-10417,train,train
row-10420,CWE-200,spice-vd_agent,e4bfd1b632b6c14e8411dbe3565115a78cd3d256,CVE-2020-25651,group-row-10420,train,train
row-10421,CWE-200,spice-vd_agent,b7db1c20c9f80154fb54392eb44add3486d3e427,CVE-2020-25651,group-row-10420,train,train
row-10422,CWE-770,spice-vd_agent,91caa9223857708475d29df1768208fed1675340,CVE-2020-25652,group-row-10422,train,test
row-10423,CWE-770,spice-vd_agent,812ca777469a377c84b9861d7d326bfc72563304,CVE-2020-25652,group-row-10422,train,test
row-10434,CWE-416,linux,6ca03f90527e499dd5e32d6522909e2ad390896b,CVE-2020-25656,group-row-10434,train,test
row-10435,CWE-416,linux,82e61c3909db51d91b9d3e2071557b6435018b80,CVE-2020-25656,group-row-10434,train,test
row-10436,CWE-416,linux,82e61c3909db51d91b9d3e2071557b6435018b80,CVE-2020-25656,group-row-10434,train,test
row-10437,CWE-787,libarchive,4f085eea879e2be745f4d9bf57e8513ae48157f4,,group-row-10437,train,test
row-10438,CWE-787,libarchive,4f085eea879e2be745f4d9bf57e8513ae48157f4,,group-row-10437,train,test
row-10439,CWE-787,libarchive,4f085eea879e2be745f4d9bf57e8513ae48157f4,,group-row-10437,train,test
row-10440,CWE-787,libarchive,4f085eea879e2be745f4d9bf57e8513ae48157f4,,group-row-10437,train,test
row-10442,CWE-476,edk2,26442d11e620a9e81c019a24a4ff38441c64ba10,CVE-2019-14584,group-row-10442,train,validation
row-10473,CWE-416,ImageMagick,a47e7a994766b92b10d4a87df8c1c890c8b170f3,CVE-2020-25663,group-row-10473,train,train
row-10474,CWE-787,ImageMagick,1f450bb5ba53d275de6d1cd086c98a0b549ad393,CVE-2020-25664,group-row-10474,train,train
row-10475,CWE-125,ImageMagick,cfd829bd3581b092e0a267b3deba46fa90b9bc88,CVE-2020-25665,group-row-10475,train,train
row-10476,CWE-190,ImageMagick,94691f00839dbdf43edb1508af945ab19b388573,CVE-2020-25666,group-row-10476,train,train
row-10477,CWE-125,ImageMagick,986b5dff173413fa712db27eb677cdef15f0bab6,CVE-2020-25667,group-row-10477,train,train
row-10479,CWE-476,samba,595dd9fc4162dd70ad937db8669a0fddbbba9584,CVE-2020-14323,group-row-10479,train,train
row-10480,CWE-476,samba,0b259a48a70bde4dfd482e0720e593ae5a9c414a,CVE-2020-14323,group-row-10479,train,train
row-10481,CWE-125,ImageMagick,67b871032183a29d3ca0553db6ce1ae80fddb9aa,CVE-2020-25674,group-row-10481,train,train
row-10482,CWE-190,ImageMagick,64dc80b2e1907f7f20bf34d4df9483f938b0de71,CVE-2020-25675,group-row-10482,train,train
row-10483,CWE-190,ImageMagick,64dc80b2e1907f7f20bf34d4df9483f938b0de71,CVE-2020-25675,group-row-10482,train,train
row-10484,CWE-190,ImageMagick,406da3af9e09649cda152663c179902edf5ab3ac,CVE-2020-25676,group-row-10484,train,train
row-10485,CWE-190,ImageMagick,406da3af9e09649cda152663c179902edf5ab3ac,CVE-2020-25676,group-row-10484,train,train
row-10486,CWE-190,ImageMagick,406da3af9e09649cda152663c179902edf5ab3ac,CVE-2020-25676,group-row-10484,train,train
row-10487,CWE-369,ImageMagick,a81ca9a1b46a96be83682af3389f0a6f3d0d389d,CVE-2020-27750,group-row-10487,train,train
row-10488,CWE-369,ImageMagick,a81ca9a1b46a96be83682af3389f0a6f3d0d389d,CVE-2020-27750,group-row-10487,train,train
row-10489,CWE-190,ImageMagick,f60d59cc3a7e3402d403361e0985ffa56f746a82,CVE-2020-27751,group-row-10489,train,test
row-10490,CWE-190,ImageMagick,f60d59cc3a7e3402d403361e0985ffa56f746a82,CVE-2020-27751,group-row-10489,train,test
row-10491,CWE-416,linux,77e70d351db7de07a46ac49b87a6c3c7a60fca7e,,group-row-10491,train,train
row-10492,CWE-416,linux,77e70d351db7de07a46ac49b87a6c3c7a60fca7e,,group-row-10491,train,train
row-10493,CWE-416,linux,77e70d351db7de07a46ac49b87a6c3c7a60fca7e,,group-row-10491,train,train
row-10503,CWE-787,tmux,a868bacb46e3c900530bed47a1c6f85b0fbe701c,,group-row-10503,train,train
row-10504,CWE-787,ImageMagick,a9d563d3d73874312080d30dc4ba07cecad56192,CVE-2020-27752,group-row-10504,train,train
row-10505,CWE-401,ImageMagick,bb3acad195de95db86c7509d8072db01890470e0,CVE-2020-27753,group-row-10505,train,train
row-10506,CWE-401,ImageMagick,bb3acad195de95db86c7509d8072db01890470e0,CVE-2020-27753,group-row-10505,train,train
row-10507,CWE-401,ImageMagick,bb3acad195de95db86c7509d8072db01890470e0,CVE-2020-27753,group-row-10505,train,train
row-10508,CWE-401,ImageMagick,bb3acad195de95db86c7509d8072db01890470e0,CVE-2020-27753,group-row-10505,train,train
row-10509,CWE-190,ImageMagick6,d5df600d43c8706df513a3273d09aee6f54a9233,CVE-2020-27754,group-row-10509,train,train
row-10510,CWE-401,ImageMagick,f28e9e56e1b56d4e1f09d2a56d70892ae295d6a4,CVE-2020-27755,group-row-10510,train,train
row-10511,CWE-369,ImageMagick,f35eca82b0c294ff9d0ccad104a881c3ae2ba913,CVE-2020-27756,group-row-10511,train,test
row-10512,CWE-190,ImageMagick,e88532bd4418e95b70cbc415fe911d22ab27a5fd,CVE-2020-27757,group-row-10512,train,train
row-10513,CWE-190,ImageMagick,f0a8d407b2801174fd8923941a9e7822f7f9a506,CVE-2020-27758,group-row-10513,train,train
row-10514,CWE-190,ImageMagick,d44f8a35558951a21367d306a42e5a097f3a43fe,CVE-2020-27759,group-row-10514,train,train
row-10515,CWE-369,ImageMagick,c5fcdea6a6ae27cf3db20c28b176e87b1a584e06,CVE-2020-27760,group-row-10515,train,train
row-10516,CWE-369,ImageMagick,c5fcdea6a6ae27cf3db20c28b176e87b1a584e06,CVE-2020-27760,group-row-10515,train,train
row-10517,CWE-476,openldap,6abfd60078af02d56edb3b6897692cdd09a08971,CVE-2020-25692,group-row-10517,train,train
row-10518,CWE-476,openldap,a08a2db4063f54a6217a0f091aebd02f8bdb482e,CVE-2020-25692,group-row-10517,train,train
row-10519,CWE-476,openldap,4c774220a752bf8e3284984890dc0931fe73165d,CVE-2020-25692,group-row-10517,train,train
row-10520,CWE-190,ImageMagick,db5e12e24f1378ce8c93a5c35991dcdd23a67bb0,CVE-2020-27761,group-row-10520,train,train
row-10521,CWE-190,ImageMagick,7db3fa20893d557259da6e99e111954de83d2495,CVE-2020-27762,group-row-10521,train,train
row-10522,CWE-369,ImageMagick,43539e67a47d2f8de832d33a5b26dc2a7a12294f,CVE-2020-27763,group-row-10522,train,validation
row-10524,CWE-369,ImageMagick,a4c89f2a61069ad7637bc7749cc1a839de442526,CVE-2020-27765,group-row-10524,train,train
row-10525,CWE-369,ImageMagick,a4c89f2a61069ad7637bc7749cc1a839de442526,CVE-2020-27765,group-row-10524,train,train
row-10526,CWE-190,ImageMagick,564f2a35e523e2b6cce9485018157f03ec05a947,CVE-2020-27767,group-row-10526,train,train
row-10527,CWE-190,ImageMagick,564f2a35e523e2b6cce9485018157f03ec05a947,CVE-2020-27767,group-row-10526,train,train
row-10528,CWE-190,ImageMagick,564f2a35e523e2b6cce9485018157f03ec05a947,CVE-2020-27767,group-row-10526,train,train
row-10529,CWE-190,ImageMagick,564f2a35e523e2b6cce9485018157f03ec05a947,CVE-2020-27767,group-row-10526,train,train
row-10530,CWE-190,ImageMagick,564f2a35e523e2b6cce9485018157f03ec05a947,CVE-2020-27767,group-row-10526,train,train
row-10531,CWE-190,ImageMagick,95d4e94e0353e503b71a53f5e6fad173c7c70c90,CVE-2020-27768,group-row-10531,train,train
row-10532,CWE-190,ImageMagick,95d4e94e0353e503b71a53f5e6fad173c7c70c90,CVE-2020-27768,group-row-10531,train,train
row-10533,CWE-190,ImageMagick,95d4e94e0353e503b71a53f5e6fad173c7c70c90,CVE-2020-27768,group-row-10531,train,train
row-10534,CWE-190,ImageMagick,95d4e94e0353e503b71a53f5e6fad173c7c70c90,CVE-2020-27768,group-row-10531,train,train
row-10535,CWE-190,ImageMagick,95d4e94e0353e503b71a53f5e6fad173c7c70c90,CVE-2020-27768,group-row-10531,train,train
row-10536,CWE-190,ImageMagick,95d4e94e0353e503b71a53f5e6fad173c7c70c90,CVE-2020-27768,group-row-10531,train,train
row-10537,CWE-190,ImageMagick,95d4e94e0353e503b71a53f5e6fad173c7c70c90,CVE-2020-27768,group-row-10531,train,train
row-10538,CWE-190,ImageMagick,95d4e94e0353e503b71a53f5e6fad173c7c70c90,CVE-2020-27768,group-row-10531,train,train
row-10539,CWE-190,ImageMagick,95d4e94e0353e503b71a53f5e6fad173c7c70c90,CVE-2020-27768,group-row-10531,train,train
row-10540,CWE-190,ImageMagick,95d4e94e0353e503b71a53f5e6fad173c7c70c90,CVE-2020-27768,group-row-10531,train,train
row-10541,CWE-190,ImageMagick,95d4e94e0353e503b71a53f5e6fad173c7c70c90,CVE-2020-27768,group-row-10531,train,train
row-10542,CWE-190,ImageMagick,95d4e94e0353e503b71a53f5e6fad173c7c70c90,CVE-2020-27768,group-row-10531,train,train
row-10543,CWE-190,ImageMagick,95d4e94e0353e503b71a53f5e6fad173c7c70c90,CVE-2020-27768,group-row-10531,train,train
row-10544,CWE-190,ImageMagick,95d4e94e0353e503b71a53f5e6fad173c7c70c90,CVE-2020-27768,group-row-10531,train,train
row-10545,CWE-190,ImageMagick,95d4e94e0353e503b71a53f5e6fad173c7c70c90,CVE-2020-27768,group-row-10531,train,train
row-10546,CWE-190,ImageMagick,95d4e94e0353e503b71a53f5e6fad173c7c70c90,CVE-2020-27768,group-row-10531,train,train
row-10547,CWE-190,ImageMagick,7b058696133c6d36e0b48a454e357482db71982e,CVE-2020-27769,group-row-10547,train,validation
row-10548,CWE-190,ImageMagick,7b058696133c6d36e0b48a454e357482db71982e,CVE-2020-27769,group-row-10547,train,validation
row-10549,CWE-190,ImageMagick,be90a5395695f0d19479a5d46b06c678be7f7927,CVE-2020-27770,group-row-10549,train,test
row-10555,CWE-401,tip,7bdb157cdebbf95a1cd94ed2e01b338714075d00,CVE-2020-25704,group-row-10555,train,test
row-10556,CWE-787,raptor,590681e546cd9aa18d57dc2ea1858cb734a3863f,CVE-2017-18926,group-row-10556,train,train
row-10565,CWE-369,libvncserver,673c07a75ed844d74676f3ccdcfdc706a7052dba,CVE-2020-25708,group-row-10565,test,train
row-10566,CWE-120,slurm,c3142dd87e06621ff148791c3d2f298b5c0b3a81,CVE-2020-27745,group-row-10566,train,train
row-10567,CWE-120,slurm,c3142dd87e06621ff148791c3d2f298b5c0b3a81,CVE-2020-27745,group-row-10566,train,train
row-10569,CWE-190,ImageMagick,872ffe6d0131beec8b47568a4874ffaca91a872e,CVE-2020-27771,group-row-10569,train,train
row-10570,CWE-190,ImageMagick,9dd1c7e1f8f6c137bfd3293be2554f59456c7b62,CVE-2020-27771,group-row-10569,train,train
row-10571,CWE-190,ImageMagick,a1142af44f61c038ad3eccc099c5b9548b507846,CVE-2020-27772,group-row-10571,train,validation
row-10572,CWE-369,ImageMagick,3d71aa8265ffaaf686021a6fbd54c037f71ee3a2,CVE-2020-27773,group-row-10572,train,train
row-10573,CWE-190,ImageMagick,29cee9152d1b5487cfd19443ca48935eea0cabe2,CVE-2020-27774,group-row-10573,train,train
row-10574,CWE-190,ImageMagick,a2166bfb1049bac4c0f7b8b5d3ef86a1f48470b2,CVE-2020-27775,group-row-10574,train,train
row-10575,CWE-787,cairo,c986a7310bb06582b7d8a566d5f007ba4e5e75bf,CVE-2020-35492,group-row-10575,train,train
row-10576,CWE-787,cairo,c986a7310bb06582b7d8a566d5f007ba4e5e75bf,CVE-2020-35492,group-row-10575,train,train
row-10577,CWE-787,cairo,c986a7310bb06582b7d8a566d5f007ba4e5e75bf,CVE-2020-35492,group-row-10575,train,train
row-10578,CWE-787,cairo,c986a7310bb06582b7d8a566d5f007ba4e5e75bf,CVE-2020-35492,group-row-10575,train,train
row-10579,CWE-787,cairo,c986a7310bb06582b7d8a566d5f007ba4e5e75bf,CVE-2020-35492,group-row-10575,train,train
row-10580,CWE-787,cairo,c986a7310bb06582b7d8a566d5f007ba4e5e75bf,CVE-2020-35492,group-row-10575,train,train
row-10581,CWE-787,cairo,c986a7310bb06582b7d8a566d5f007ba4e5e75bf,CVE-2020-35492,group-row-10575,train,train
row-10582,CWE-400,c-ares,0d252eb3b2147179296a3bdb4ef97883c97c54d3,CVE-2020-8277,group-row-10582,train,test
row-10583,CWE-400,c-ares,0d252eb3b2147179296a3bdb4ef97883c97c54d3,CVE-2020-8277,group-row-10582,train,test
row-10584,CWE-617,qemu,2fdb42d840400d58f2e706ecca82c142b97bcbd6,CVE-2020-25723,group-row-10584,train,validation
row-10585,CWE-617,qemu,2fdb42d840400d58f2e706ecca82c142b97bcbd6,CVE-2020-25723,group-row-10584,train,validation
row-10586,CWE-617,openldap,67670f4544e28fb09eb7319c39f404e1d3229e65,CVE-2020-25709,group-row-10586,train,validation
row-10587,CWE-617,openldap,bdb0d459187522a6063df13871b82ba8dcc6efe2,CVE-2020-25710,group-row-10587,train,train
row-10592,CWE-787,pdfresurrect,1b422459f07353adce2878806d5247d9e91fb397,,group-row-10592,train,train
row-10593,CWE-787,pdfresurrect,1b422459f07353adce2878806d5247d9e91fb397,,group-row-10592,train,train
row-10596,CWE-835,mongo,0a076417d1d7fba3632b73349a1fd29a83e68816,CVE-2018-20803,group-row-10596,validation,validation
row-10612,CWE-20,mongo,35c1b1f588f04926a958ad2fe4d9c59d79f81e8b,CVE-2018-20804,group-row-10612,validation,test
row-10636,CWE-20,mongo,c7f14b7be4a1f622fe81ef60f946a5aac17f3d0e,CVE-2020-7925,group-row-10636,validation,validation
row-10637,CWE-190,mongo,21d8699ed6c517b45e1613e20231cd8eba894985,CVE-2019-2392,group-row-10637,validation,train
row-10638,CWE-190,mongo,21d8699ed6c517b45e1613e20231cd8eba894985,CVE-2019-2392,group-row-10637,validation,train
row-10639,CWE-416,mongo,d6133a3a5464fac202f512b0310dfeb200c126f9,CVE-2019-2393,group-row-10639,validation,validation
row-10640,CWE-416,mongo,d6133a3a5464fac202f512b0310dfeb200c126f9,CVE-2019-2393,group-row-10639,validation,validation
row-10641,CWE-416,linux,c1f6e3c818dd734c30f6a7eeebf232ba2cf3181d,CVE-2020-27786,group-row-10641,train,train
row-10642,CWE-416,linux,c1f6e3c818dd734c30f6a7eeebf232ba2cf3181d,CVE-2020-27786,group-row-10641,train,train
row-10643,CWE-416,linux,c1f6e3c818dd734c30f6a7eeebf232ba2cf3181d,CVE-2020-27786,group-row-10641,train,train
row-10651,CWE-416,linux,3d2a9d642512c21a12d19b9250e7a835dcb41a79,CVE-2020-27835,group-row-10651,train,test
row-10652,CWE-416,linux,3d2a9d642512c21a12d19b9250e7a835dcb41a79,CVE-2020-27835,group-row-10651,train,test
row-10653,CWE-416,linux,3d2a9d642512c21a12d19b9250e7a835dcb41a79,CVE-2020-27835,group-row-10651,train,test
row-10654,CWE-416,linux,3d2a9d642512c21a12d19b9250e7a835dcb41a79,CVE-2020-27835,group-row-10651,train,test
row-10655,CWE-416,linux,3d2a9d642512c21a12d19b9250e7a835dcb41a79,CVE-2020-27835,group-row-10651,train,test
row-10656,CWE-416,linux,3d2a9d642512c21a12d19b9250e7a835dcb41a79,CVE-2020-27835,group-row-10651,train,test
row-10657,CWE-416,linux,3d2a9d642512c21a12d19b9250e7a835dcb41a79,CVE-2020-27835,group-row-10651,train,test
row-10658,CWE-416,linux,3d2a9d642512c21a12d19b9250e7a835dcb41a79,CVE-2020-27835,group-row-10651,train,test
row-10659,CWE-416,linux,3d2a9d642512c21a12d19b9250e7a835dcb41a79,CVE-2020-27835,group-row-10651,train,test
row-10660,CWE-416,linux,3d2a9d642512c21a12d19b9250e7a835dcb41a79,CVE-2020-27835,group-row-10651,train,test
row-10661,CWE-416,linux,3d2a9d642512c21a12d19b9250e7a835dcb41a79,CVE-2020-27835,group-row-10651,train,test
row-10662,CWE-416,linux,3d2a9d642512c21a12d19b9250e7a835dcb41a79,CVE-2020-27835,group-row-10651,train,test
row-10663,CWE-416,linux,3d2a9d642512c21a12d19b9250e7a835dcb41a79,CVE-2020-27835,group-row-10651,train,test
row-10664,CWE-416,linux,3d2a9d642512c21a12d19b9250e7a835dcb41a79,CVE-2020-27835,group-row-10651,train,test
row-10665,CWE-416,linux,e8d5f92b8d30bb4ade76494490c3c065e12411b1,,group-row-10665,train,validation
row-10666,CWE-416,linux,e8d5f92b8d30bb4ade76494490c3c065e12411b1,,group-row-10665,train,validation
row-10667,CWE-416,linux,e8d5f92b8d30bb4ade76494490c3c065e12411b1,,group-row-10665,train,validation
row-10668,CWE-416,linux,e8d5f92b8d30bb4ade76494490c3c065e12411b1,,group-row-10665,train,validation
row-10675,CWE-787,qemu,4bfb024bc76973d40a359476dc0291f46e435442,CVE-2020-27821,group-row-10675,train,train
row-10676,CWE-787,qemu,4bfb024bc76973d40a359476dc0291f46e435442,CVE-2020-27821,group-row-10675,train,train
row-10678,CWE-416,linux,16d51a590a8ce3befb1308e0e7ab77f3b661af33,CVE-2019-20934,group-row-10678,train,train
row-10679,CWE-416,linux,16d51a590a8ce3befb1308e0e7ab77f3b661af33,CVE-2019-20934,group-row-10678,train,train
row-10680,CWE-416,linux,16d51a590a8ce3befb1308e0e7ab77f3b661af33,CVE-2019-20934,group-row-10678,train,train
row-10681,CWE-416,linux,16d51a590a8ce3befb1308e0e7ab77f3b661af33,CVE-2019-20934,group-row-10678,train,train
row-10682,CWE-125,linux,3c4e0dff2095c579b142d5a0693257f1c58b4804,CVE-2020-28974,group-row-10682,train,train
row-10683,CWE-125,linux,3c4e0dff2095c579b142d5a0693257f1c58b4804,CVE-2020-28974,group-row-10682,train,train
row-10684,CWE-787,c-blosc2,c4c6470e88210afc95262c8b9fcc27e30ca043ee,,group-row-10684,train,train
row-10698,CWE-787,p11-kit,2617f3ef888e103324a28811886b99ed0a56346d,CVE-2020-29363,group-row-10698,train,train
row-10699,CWE-190,p11-kit,5307a1d21a50cacd06f471a873a018d23ba4b963,CVE-2020-29361,group-row-10699,train,test
row-10700,CWE-190,p11-kit,5307a1d21a50cacd06f471a873a018d23ba4b963,CVE-2020-29361,group-row-10699,train,test
row-10701,CWE-190,p11-kit,5307a1d21a50cacd06f471a873a018d23ba4b963,CVE-2020-29361,group-row-10699,train,test
row-10702,CWE-190,p11-kit,5307a1d21a50cacd06f471a873a018d23ba4b963,CVE-2020-29361,group-row-10699,train,test
row-10703,CWE-190,p11-kit,5307a1d21a50cacd06f471a873a018d23ba4b963,CVE-2020-29361,group-row-10699,train,test
row-10704,CWE-190,p11-kit,5307a1d21a50cacd06f471a873a018d23ba4b963,CVE-2020-29361,group-row-10699,train,test
row-10705,CWE-190,p11-kit,5307a1d21a50cacd06f471a873a018d23ba4b963,CVE-2020-29361,group-row-10699,train,test
row-10706,CWE-190,p11-kit,5307a1d21a50cacd06f471a873a018d23ba4b963,CVE-2020-29361,group-row-10699,train,test
row-10707,CWE-190,p11-kit,5307a1d21a50cacd06f471a873a018d23ba4b963,CVE-2020-29361,group-row-10699,train,test
row-10708,CWE-190,p11-kit,5307a1d21a50cacd06f471a873a018d23ba4b963,CVE-2020-29361,group-row-10699,train,test
row-10709,CWE-190,p11-kit,bd670b1d4984b27d6a397b9ddafaf89ab26e4e7f,CVE-2020-29361,group-row-10699,train,test
row-10710,CWE-190,p11-kit,bd670b1d4984b27d6a397b9ddafaf89ab26e4e7f,CVE-2020-29361,group-row-10699,train,test
row-10715,CWE-20,jasper,4cd52b5daac62b00a0a328451544807ddecf775f,CVE-2020-27828,group-row-10715,train,train
row-10740,CWE-787,openjpeg,b2072402b7e14d22bba6fb8cde2a1e9996e9a919,CVE-2020-27823,group-row-10740,validation,test
row-10742,CWE-416,linux,c8bcd9c5be24fb9e6132e97da5a35e55a83e36b9,CVE-2020-29660,group-row-10742,train,validation
row-10743,CWE-416,linux,c8bcd9c5be24fb9e6132e97da5a35e55a83e36b9,CVE-2020-29660,group-row-10742,train,validation
row-10744,CWE-416,linux,c8bcd9c5be24fb9e6132e97da5a35e55a83e36b9,CVE-2020-29660,group-row-10742,train,validation
row-10745,CWE-416,linux,c8bcd9c5be24fb9e6132e97da5a35e55a83e36b9,CVE-2020-29660,group-row-10742,train,validation
row-10746,CWE-416,linux,c8bcd9c5be24fb9e6132e97da5a35e55a83e36b9,CVE-2020-29660,group-row-10742,train,validation
row-10747,CWE-416,linux,54ffccbf053b5b6ca4f6e45094b942fab92a25fc,CVE-2020-29661,group-row-10747,train,test
row-10766,CWE-20,openjpeg,73fdf28342e4594019af26eb6a347a34eceb6296,CVE-2020-27844,group-row-10766,validation,validation
row-10767,CWE-20,openjpeg,4edb8c83374f52cd6a8f2c7c875e8ffacccb5fa5,CVE-2020-27844,group-row-10766,validation,validation
row-10768,CWE-20,openjpeg,4edb8c83374f52cd6a8f2c7c875e8ffacccb5fa5,CVE-2020-27844,group-row-10766,validation,validation
row-10769,CWE-20,openjpeg,4edb8c83374f52cd6a8f2c7c875e8ffacccb5fa5,CVE-2020-27844,group-row-10766,validation,validation
row-10770,CWE-20,openjpeg,4edb8c83374f52cd6a8f2c7c875e8ffacccb5fa5,CVE-2020-27844,group-row-10766,validation,validation
row-10771,CWE-20,openjpeg,4edb8c83374f52cd6a8f2c7c875e8ffacccb5fa5,CVE-2020-27844,group-row-10766,validation,validation
row-10772,CWE-20,openjpeg,4edb8c83374f52cd6a8f2c7c875e8ffacccb5fa5,CVE-2020-27844,group-row-10766,validation,validation
row-10773,CWE-20,openjpeg,4edb8c83374f52cd6a8f2c7c875e8ffacccb5fa5,CVE-2020-27844,group-row-10766,validation,validation
row-10774,CWE-20,openjpeg,4edb8c83374f52cd6a8f2c7c875e8ffacccb5fa5,CVE-2020-27844,group-row-10766,validation,validation
row-10775,CWE-20,openjpeg,4edb8c83374f52cd6a8f2c7c875e8ffacccb5fa5,CVE-2020-27844,group-row-10766,validation,validation
row-10776,CWE-125,openjpeg,8f5aff1dff510a964d3901d0fba281abec98ab63,CVE-2020-27845,group-row-10776,validation,test
row-10777,CWE-125,openjpeg,8f5aff1dff510a964d3901d0fba281abec98ab63,CVE-2020-27845,group-row-10776,validation,test
row-10778,CWE-125,openjpeg,8f5aff1dff510a964d3901d0fba281abec98ab63,CVE-2020-27845,group-row-10776,validation,test
row-10779,CWE-125,openjpeg,8f5aff1dff510a964d3901d0fba281abec98ab63,CVE-2020-27845,group-row-10776,validation,test
row-10780,CWE-125,openjpeg,8f5aff1dff510a964d3901d0fba281abec98ab63,CVE-2020-27845,group-row-10776,validation,test
row-10781,CWE-401,linux,fa0dc04df259ba2df3ce1920e9690c7842f8fa4b,CVE-2021-20265,group-row-10781,train,validation
row-10782,CWE-400,ovs,79349cbab0b2a755140eedb91833ad2760520a83,CVE-2020-35498,group-row-10782,train,test
row-10783,CWE-400,ovs,79349cbab0b2a755140eedb91833ad2760520a83,CVE-2020-35498,group-row-10782,train,test
row-10784,CWE-400,ovs,79349cbab0b2a755140eedb91833ad2760520a83,CVE-2020-35498,group-row-10782,train,test
row-10785,CWE-400,ovs,79349cbab0b2a755140eedb91833ad2760520a83,CVE-2020-35498,group-row-10782,train,test
row-10786,CWE-400,ovs,abd7a457652e6734902720fe6a5dddb3fc0d1e3b,CVE-2020-35498,group-row-10782,train,test
row-10787,CWE-400,ovs,48ceca0446b1c2c2c03e7551048c5b19ed23cc97,CVE-2020-35498,group-row-10782,train,test
row-10788,CWE-400,ovs,35c280072c1c3ed58202745b7d27fbbd0736999b,CVE-2020-35498,group-row-10782,train,test
row-10789,CWE-400,ovs,35c280072c1c3ed58202745b7d27fbbd0736999b,CVE-2020-35498,group-row-10782,train,test
row-10790,CWE-400,ovs,ad0d22f6435b43ecfc30c0e877d490d36721f200,CVE-2020-35498,group-row-10782,train,test
row-10791,CWE-400,ovs,354e7d860e444fd1472541b0fdc3b8678aa74828,CVE-2020-35498,group-row-10782,train,test
row-10792,CWE-476,qemu,0db895361b8a82e1114372ff9f4857abea605701,CVE-2020-35504,group-row-10792,train,train
row-10793,CWE-476,qemu,0db895361b8a82e1114372ff9f4857abea605701,CVE-2020-35504,group-row-10792,train,train
row-10794,CWE-476,qemu,0db895361b8a82e1114372ff9f4857abea605701,CVE-2020-35504,group-row-10792,train,train
row-10795,CWE-476,qemu,e392255766071c8cac480da3a9ae4f94e56d7cbc,CVE-2020-35504,group-row-10792,train,train
row-10796,CWE-476,qemu,e5455b8c1c6170c788f3c0fd577cc3be53539a99,CVE-2020-35504,group-row-10792,train,train
row-10797,CWE-476,qemu,e5455b8c1c6170c788f3c0fd577cc3be53539a99,CVE-2020-35504,group-row-10792,train,train
row-10798,CWE-476,qemu,e5455b8c1c6170c788f3c0fd577cc3be53539a99,CVE-2020-35504,group-row-10792,train,train
row-10799,CWE-476,qemu,e5455b8c1c6170c788f3c0fd577cc3be53539a99,CVE-2020-35504,group-row-10792,train,train
row-10800,CWE-476,qemu,e5455b8c1c6170c788f3c0fd577cc3be53539a99,CVE-2020-35504,group-row-10792,train,train
row-10801,CWE-476,qemu,c5fef9112b15c4b5494791cdf8bbb40bc1938dd3,CVE-2020-35504,group-row-10792,train,train
row-10802,CWE-476,qemu,c5fef9112b15c4b5494791cdf8bbb40bc1938dd3,CVE-2020-35504,group-row-10792,train,train
row-10803,CWE-476,qemu,c5fef9112b15c4b5494791cdf8bbb40bc1938dd3,CVE-2020-35504,group-row-10792,train,train
row-10804,CWE-476,qemu,c5fef9112b15c4b5494791cdf8bbb40bc1938dd3,CVE-2020-35504,group-row-10792,train,train
row-10805,CWE-476,qemu,7b320a8e67a534925048cbabfa51431e0349dafd,CVE-2020-35504,group-row-10792,train,train
row-10806,CWE-476,qemu,7b320a8e67a534925048cbabfa51431e0349dafd,CVE-2020-35504,group-row-10792,train,train
row-10807,CWE-476,qemu,7b320a8e67a534925048cbabfa51431e0349dafd,CVE-2020-35504,group-row-10792,train,train
row-10808,CWE-476,qemu,7b320a8e67a534925048cbabfa51431e0349dafd,CVE-2020-35504,group-row-10792,train,train
row-10809,CWE-476,qemu,7b320a8e67a534925048cbabfa51431e0349dafd,CVE-2020-35504,group-row-10792,train,train
row-10810,CWE-476,qemu,99545751734035b76bd372c4e7215bb337428d89,CVE-2020-35504,group-row-10792,train,train
row-10811,CWE-476,qemu,fa7505c154d4d00ad89a747be2eda556643ce00e,CVE-2020-35504,group-row-10792,train,train
row-10812,CWE-476,qemu,fbc6510e3379fa8f8370bf71198f0ce733bf07f9,CVE-2020-35504,group-row-10792,train,train
row-10813,CWE-476,qemu,0ebb5fd80589835153a0c2baa1b8cc7a04e67a93,CVE-2020-35504,group-row-10792,train,train
row-10814,CWE-476,qemu,324c8809897c8c53ad05c3a7147d272f1711cd5e,CVE-2020-35504,group-row-10792,train,train
row-10815,CWE-476,qemu,324c8809897c8c53ad05c3a7147d272f1711cd5e,CVE-2020-35504,group-row-10792,train,train
row-10816,CWE-476,qemu,607206948cacda4a80be5b976dba490970a18a76,CVE-2020-35504,group-row-10792,train,train
row-10817,CWE-476,qemu,607206948cacda4a80be5b976dba490970a18a76,CVE-2020-35504,group-row-10792,train,train
row-10818,CWE-125,flac,2e7931c27eb15e387da440a37f12437e35b22dd4,CVE-2020-0499,group-row-10818,train,test
row-10821,CWE-787,kitty,82c137878c2b99100a3cdc1c0f0efea069313901,,group-row-10821,train,validation
row-10823,CWE-476,src,6c3220444ed06b5796dedfd53a0f4becd903c0d1,,group-row-10823,train,train
row-10824,CWE-787,WavPack,89df160596132e3bd666322e1c20b2ebd4b92cd0,CVE-2020-35738,group-row-10824,train,train
row-10825,CWE-787,WavPack,89df160596132e3bd666322e1c20b2ebd4b92cd0,CVE-2020-35738,group-row-10824,train,train
row-10832,CWE-125,qemu,ff0507c239a246fd7215b31c5658fc6a3ee1e4c5,CVE-2020-11947,group-row-10832,train,validation
row-10833,CWE-787,poppler,ae614bf8ab42c9d0c7ac57ecdfdcbcfc4ff6c639,CVE-2020-35702,group-row-10833,validation,train
row-10835,CWE-20,php-src,2d3d72412a6734e19a38ed10f385227a6238e4a6,CVE-2020-7071,group-row-10835,validation,test
row-10836,CWE-20,php-src,4a89e726bd4d0571991dc22a9a1ad4509e8fe347,CVE-2020-7071,group-row-10835,validation,test
row-10837,CWE-20,php-src,4a89e726bd4d0571991dc22a9a1ad4509e8fe347,CVE-2020-7071,group-row-10835,validation,test
row-10838,CWE-20,php-src,9c673083cd46ee2a954a62156acbe4b6e657c048,CVE-2020-7071,group-row-10835,validation,test
row-10840,CWE-787,Pillow,eb8c1206d6b170d4e798a00db7432e023853da5c,CVE-2020-35654,group-row-10840,train,test
row-10841,CWE-787,Pillow,eb8c1206d6b170d4e798a00db7432e023853da5c,CVE-2020-35654,group-row-10840,train,test
row-10842,CWE-369,ImageMagick,fbd9a963db1ae5551c45dc8af57db0abd7695774,CVE-2021-20176,group-row-10842,train,train
row-10843,CWE-369,ImageMagick6,90255f0834eead08d59f46b0bda7b1580451cc0f,CVE-2021-20176,group-row-10842,train,train
row-10844,CWE-787,gst-plugins-bad,11353b3f6e2f047cc37483d21e6a37ae558896bc,CVE-2021-3185,group-row-10844,train,train
row-10859,CWE-125,qemu,813212288970c39b1800f63e83ac6e96588095c6,CVE-2020-29443,group-row-10859,train,train
row-10860,CWE-125,tar,d9d4435692150fa8ff68e1b1a473d187cc3fd777,CVE-2021-20193,group-row-10860,train,train
row-10874,CWE-125,linux,be4c60b563edee3712d392aaeb0943a768df7023,CVE-2020-0427,group-row-10874,train,train
row-10875,CWE-125,linux,be4c60b563edee3712d392aaeb0943a768df7023,CVE-2020-0427,group-row-10874,train,train
row-10876,CWE-476,char-misc,f0992098cadb4c9c6a00703b66cafe604e178fea,CVE-2020-27830,group-row-10876,train,train
row-10877,CWE-476,char-misc,f0992098cadb4c9c6a00703b66cafe604e178fea,CVE-2020-27830,group-row-10876,train,train
row-10878,CWE-401,wireshark,f4374967bbf9c12746b8ec3cd54dddada9dd353e,CVE-2020-26418,group-row-10878,train,test
row-10879,CWE-401,wireshark,f4374967bbf9c12746b8ec3cd54dddada9dd353e,CVE-2020-26418,group-row-10878,train,test
row-10880,CWE-401,wireshark,f4374967bbf9c12746b8ec3cd54dddada9dd353e,CVE-2020-26418,group-row-10878,train,test
row-10881,CWE-401,wireshark,f4374967bbf9c12746b8ec3cd54dddada9dd353e,CVE-2020-26418,group-row-10878,train,test
row-10882,CWE-401,wireshark,f4374967bbf9c12746b8ec3cd54dddada9dd353e,CVE-2020-26418,group-row-10878,train,test
row-10883,CWE-401,wireshark,f4374967bbf9c12746b8ec3cd54dddada9dd353e,CVE-2020-26418,group-row-10878,train,test
row-10884,CWE-401,wireshark,f4374967bbf9c12746b8ec3cd54dddada9dd353e,CVE-2020-26418,group-row-10878,train,test
row-10885,CWE-401,wireshark,f4374967bbf9c12746b8ec3cd54dddada9dd353e,CVE-2020-26418,group-row-10878,train,test
row-10886,CWE-401,wireshark,f4374967bbf9c12746b8ec3cd54dddada9dd353e,CVE-2020-26418,group-row-10878,train,test
row-10887,CWE-401,wireshark,f4374967bbf9c12746b8ec3cd54dddada9dd353e,CVE-2020-26418,group-row-10878,train,test
row-10888,CWE-401,wireshark,f4374967bbf9c12746b8ec3cd54dddada9dd353e,CVE-2020-26418,group-row-10878,train,test
row-10889,CWE-401,wireshark,a9fc769d7bb4b491efb61c699d57c9f35269d871,CVE-2020-26419,group-row-10889,train,train
row-10893,CWE-401,wireshark,33e63d19e5496c151bad69f65cdbc7cba2b4c211,CVE-2020-26420,group-row-10893,train,validation
row-10894,CWE-401,wireshark,33e63d19e5496c151bad69f65cdbc7cba2b4c211,CVE-2020-26420,group-row-10893,train,validation
row-10895,CWE-401,wireshark,33e63d19e5496c151bad69f65cdbc7cba2b4c211,CVE-2020-26420,group-row-10893,train,validation
row-10896,CWE-401,wireshark,33e63d19e5496c151bad69f65cdbc7cba2b4c211,CVE-2020-26420,group-row-10893,train,validation
row-10897,CWE-401,wireshark,33e63d19e5496c151bad69f65cdbc7cba2b4c211,CVE-2020-26420,group-row-10893,train,validation
row-10898,CWE-125,wireshark,d5f2657825e63e4126ebd7d13a59f3c6e8a9e4e1,CVE-2020-26421,group-row-10898,train,train
row-10899,CWE-401,mutt,4a2becbdb4422aaffe3ce314991b9d670b7adf17,CVE-2021-3181,group-row-10899,test,train
row-10900,CWE-787,linux,35556bed836f8dc07ac55f69c8d17dce3e7f0e25,CVE-2020-0465,group-row-10900,train,train
row-10901,CWE-787,linux,35556bed836f8dc07ac55f69c8d17dce3e7f0e25,CVE-2020-0465,group-row-10900,train,train
row-10902,CWE-787,linux,35556bed836f8dc07ac55f69c8d17dce3e7f0e25,CVE-2020-0465,group-row-10900,train,train
row-10903,CWE-787,linux,35556bed836f8dc07ac55f69c8d17dce3e7f0e25,CVE-2020-0465,group-row-10900,train,train
row-10904,CWE-416,linux,a9ed4a6560b8562b7e2e2bed9527e88001f7b682,CVE-2020-0466,group-row-10904,train,train
row-10905,CWE-416,linux,a9ed4a6560b8562b7e2e2bed9527e88001f7b682,CVE-2020-0466,group-row-10904,train,train
row-10906,CWE-416,linux,a9ed4a6560b8562b7e2e2bed9527e88001f7b682,CVE-2020-0466,group-row-10904,train,train
row-10907,CWE-416,linux,52c479697c9b73f628140dcdfcd39ea302d05482,CVE-2020-0466,group-row-10904,train,train
row-10908,CWE-125,jasper,49174ab592cdfa6f1a929a2ee3d4b4976f9459fd,CVE-2021-3272,group-row-10908,train,train
row-10911,CWE-617,openldap,02dfc32d658fadc25e4040f78e36592f6e1e1ca0,CVE-2020-36222,group-row-10911,train,validation
row-10912,CWE-617,openldap,02dfc32d658fadc25e4040f78e36592f6e1e1ca0,CVE-2020-36222,group-row-10911,train,validation
row-10913,CWE-617,openldap,6ed057b5b728b50746c869bcc9c1f85d0bbbf6ed,CVE-2020-36222,group-row-10911,train,validation
row-10914,CWE-617,openldap,6ed057b5b728b50746c869bcc9c1f85d0bbbf6ed,CVE-2020-36222,group-row-10911,train,validation
row-10915,CWE-617,openldap,6ed057b5b728b50746c869bcc9c1f85d0bbbf6ed,CVE-2020-36222,group-row-10911,train,validation
row-10916,CWE-125,openldap,21981053a1195ae1555e23df4d9ac68d34ede9dd,CVE-2020-36223,group-row-10916,train,train
row-10921,CWE-835,openldap,9d0e8485f3113505743baabf1167e01e4558ccf5,CVE-2020-36227,group-row-10921,train,train
row-10924,CWE-617,openldap,8c1d96ee36ed98b32cd0e28b7069c7b8ea09d793,CVE-2020-36230,group-row-10924,train,train
row-10926,CWE-400,lldpd,a8d3c90feca548fc0656d95b5d278713db86ff61,CVE-2020-27827,group-row-10926,train,train
row-10927,CWE-400,ovs,78e712c0b1dacc2f12d2a03d98f083d8672867f0,CVE-2020-27827,group-row-10926,train,train
row-10930,CWE-416,gnutls,75a937d97f4fefc6f9b08e3791f151445f551cb3,CVE-2021-20232,group-row-10930,test,validation
row-10931,CWE-416,gnutls,15beb4b193b2714d88107e7dffca781798684e7e,CVE-2021-20231,group-row-10931,test,train
row-10934,CWE-416,qemu,3791642c8d60029adf9b00bcb4e34d7d8a1aea4d,CVE-2021-3392,group-row-10934,train,train
row-10935,CWE-416,qemu,3791642c8d60029adf9b00bcb4e34d7d8a1aea4d,CVE-2021-3392,group-row-10934,train,train
row-10936,CWE-416,qemu,3791642c8d60029adf9b00bcb4e34d7d8a1aea4d,CVE-2021-3392,group-row-10934,train,train
row-10937,CWE-787,qemu,edfe2eb4360cde4ed5d95bda7777edcb3510f76a,CVE-2021-20221,group-row-10937,train,train
row-10938,CWE-295,stunnel,ebad9ddc4efb2635f37174c9d800d06206f1edf9,,group-row-10938,train,train
row-10939,CWE-295,stunnel,ebad9ddc4efb2635f37174c9d800d06206f1edf9,,group-row-10938,train,train
row-10940,CWE-295,stunnel,ebad9ddc4efb2635f37174c9d800d06206f1edf9,,group-row-10938,train,train
row-10941,CWE-295,stunnel,ebad9ddc4efb2635f37174c9d800d06206f1edf9,,group-row-10938,train,train
row-10942,CWE-295,stunnel,ebad9ddc4efb2635f37174c9d800d06206f1edf9,,group-row-10938,train,train
row-10943,CWE-295,stunnel,ebad9ddc4efb2635f37174c9d800d06206f1edf9,,group-row-10938,train,train
row-10944,CWE-295,stunnel,ebad9ddc4efb2635f37174c9d800d06206f1edf9,,group-row-10938,train,train
row-10945,CWE-295,stunnel,ebad9ddc4efb2635f37174c9d800d06206f1edf9,,group-row-10938,train,train
row-10946,CWE-295,stunnel,ebad9ddc4efb2635f37174c9d800d06206f1edf9,,group-row-10938,train,train
row-10947,CWE-295,stunnel,ebad9ddc4efb2635f37174c9d800d06206f1edf9,,group-row-10938,train,train
row-10948,CWE-295,stunnel,ebad9ddc4efb2635f37174c9d800d06206f1edf9,,group-row-10938,train,train
row-10949,CWE-295,stunnel,ebad9ddc4efb2635f37174c9d800d06206f1edf9,,group-row-10938,train,train
row-10950,CWE-295,stunnel,ebad9ddc4efb2635f37174c9d800d06206f1edf9,,group-row-10938,train,train
row-10951,CWE-295,stunnel,ebad9ddc4efb2635f37174c9d800d06206f1edf9,,group-row-10938,train,train
row-10952,CWE-295,stunnel,ebad9ddc4efb2635f37174c9d800d06206f1edf9,,group-row-10938,train,train
row-10953,CWE-295,stunnel,ebad9ddc4efb2635f37174c9d800d06206f1edf9,,group-row-10938,train,train
row-10954,CWE-295,stunnel,ebad9ddc4efb2635f37174c9d800d06206f1edf9,,group-row-10938,train,train
row-10955,CWE-295,stunnel,ebad9ddc4efb2635f37174c9d800d06206f1edf9,,group-row-10938,train,train
row-10956,CWE-295,stunnel,ebad9ddc4efb2635f37174c9d800d06206f1edf9,,group-row-10938,train,train
row-10957,CWE-295,stunnel,ebad9ddc4efb2635f37174c9d800d06206f1edf9,,group-row-10938,train,train
row-10958,CWE-295,stunnel,ebad9ddc4efb2635f37174c9d800d06206f1edf9,,group-row-10938,train,train
row-10959,CWE-295,stunnel,ebad9ddc4efb2635f37174c9d800d06206f1edf9,,group-row-10938,train,train
row-10960,CWE-295,stunnel,ebad9ddc4efb2635f37174c9d800d06206f1edf9,,group-row-10938,train,train
row-10961,CWE-295,stunnel,ebad9ddc4efb2635f37174c9d800d06206f1edf9,,group-row-10938,train,train
row-10962,CWE-295,stunnel,ebad9ddc4efb2635f37174c9d800d06206f1edf9,,group-row-10938,train,train
row-10963,CWE-295,stunnel,ebad9ddc4efb2635f37174c9d800d06206f1edf9,,group-row-10938,train,train
row-10964,CWE-295,stunnel,ebad9ddc4efb2635f37174c9d800d06206f1edf9,,group-row-10938,train,train
row-10965,CWE-295,stunnel,ebad9ddc4efb2635f37174c9d800d06206f1edf9,,group-row-10938,train,train
row-10966,CWE-295,stunnel,ebad9ddc4efb2635f37174c9d800d06206f1edf9,,group-row-10938,train,train
row-10967,CWE-295,stunnel,ebad9ddc4efb2635f37174c9d800d06206f1edf9,,group-row-10938,train,train
row-10968,CWE-476,php-src,3c939e3f69955d087e0bb671868f7267dfb2a502,CVE-2021-21702,group-row-10968,validation,train
row-10969,CWE-476,php-src,3c939e3f69955d087e0bb671868f7267dfb2a502,CVE-2021-21702,group-row-10968,validation,train
row-10970,CWE-476,php-src,3c939e3f69955d087e0bb671868f7267dfb2a502,CVE-2021-21702,group-row-10968,validation,train
row-10971,CWE-476,php-src,3c939e3f69955d087e0bb671868f7267dfb2a502,CVE-2021-21702,group-row-10968,validation,train
row-10972,CWE-476,php-src,3c939e3f69955d087e0bb671868f7267dfb2a502,CVE-2021-21702,group-row-10968,validation,train
row-10973,CWE-476,php-src,3c939e3f69955d087e0bb671868f7267dfb2a502,CVE-2021-21702,group-row-10968,validation,train
row-10974,CWE-476,php-src,3c939e3f69955d087e0bb671868f7267dfb2a502,CVE-2021-21702,group-row-10968,validation,train
row-10980,CWE-22,gnome-autoar,adb067e645732fdbe7103516e506d09eb6a54429,CVE-2020-36241,group-row-10980,test,test
row-10981,CWE-22,gnome-autoar,adb067e645732fdbe7103516e506d09eb6a54429,CVE-2020-36241,group-row-10980,test,test
row-10982,CWE-787,connman,e4079a20f617a4b076af503f6e4e8b0304c9f2cb,CVE-2021-26675,group-row-10982,train,train
row-10991,CWE-835,gdk-pixbuf,bdd3acbd48a575d418ba6bf1b32d7bda2fae1c81,CVE-2020-29385,group-row-10991,test,train
row-10992,CWE-125,rpm,8f4b3c3cab8922a2022b9e47c71f1ecf906077ef,CVE-2021-20266,group-row-10992,train,train
row-10993,CWE-125,rpm,8f4b3c3cab8922a2022b9e47c71f1ecf906077ef,CVE-2021-20266,group-row-10992,train,train
row-10996,CWE-119,qemu,dfba99f17feb6d4a129da19d38df1bcd8579d1c3,CVE-2021-3409,group-row-10996,train,train
row-10997,CWE-119,qemu,b263d8f928001b5cfa2a993ea43b7a5b3a1811e8,CVE-2021-3409,group-row-10996,train,train
row-10998,CWE-119,qemu,8be45cc947832b3c02144c9d52921f499f2d77fe,CVE-2021-3409,group-row-10996,train,train
row-10999,CWE-119,qemu,bc6f28995ff88f5d82c38afcfd65406f0ae375aa,CVE-2021-3409,group-row-10996,train,train
row-11000,CWE-119,qemu,5cd7aa3451b76bb19c0f6adc2b931f091e5d7fcd,CVE-2021-3409,group-row-10996,train,train
row-11001,CWE-119,qemu,cffb446e8fd19a14e1634c7a3a8b07be3f01d5c9,CVE-2021-3409,group-row-10996,train,train
row-11002,CWE-617,openldap,3539fc33212b528c56b716584f2c2994af7c30b0,CVE-2021-27212,group-row-11002,train,train
row-11003,CWE-617,openldap,9badb73425a67768c09bcaed1a9c26c684af6c30,CVE-2021-27212,group-row-11002,train,train
row-11004,CWE-787,LibRaw,4feaed4dea636cee4fee010f615881ccf76a096d,,group-row-11004,train,train
row-11005,CWE-369,ImageMagick,8d25d94a363b104acd6ff23df7470aeedb806c51,CVE-2021-20246,group-row-11005,train,train
row-11006,CWE-369,ImageMagick6,a78d92dc0f468e79c3d761aae9707042952cdaca,CVE-2021-20245,group-row-11006,train,train
row-11007,CWE-369,ImageMagick,329dd528ab79531d884c0ba131e97d43f872ab5d,CVE-2021-20244,group-row-11007,train,train
row-11008,CWE-476,openexr,74504503cff86e986bac441213c403b0ba28d58f,,group-row-11008,test,train
row-11011,CWE-787,linux,ec98ea7070e94cc25a422ec97d1421e28d97b7ee,CVE-2021-27365,group-row-11011,train,test
row-11012,CWE-787,linux,ec98ea7070e94cc25a422ec97d1421e28d97b7ee,CVE-2021-27365,group-row-11011,train,test
row-11013,CWE-787,linux,ec98ea7070e94cc25a422ec97d1421e28d97b7ee,CVE-2021-27365,group-row-11011,train,test
row-11014,CWE-787,linux,ec98ea7070e94cc25a422ec97d1421e28d97b7ee,CVE-2021-27365,group-row-11011,train,test
row-11015,CWE-787,linux,ec98ea7070e94cc25a422ec97d1421e28d97b7ee,CVE-2021-27365,group-row-11011,train,test
row-11016,CWE-787,linux,ec98ea7070e94cc25a422ec97d1421e28d97b7ee,CVE-2021-27365,group-row-11011,train,test
row-11017,CWE-787,linux,ec98ea7070e94cc25a422ec97d1421e28d97b7ee,CVE-2021-27365,group-row-11011,train,test
row-11018,CWE-787,linux,ec98ea7070e94cc25a422ec97d1421e28d97b7ee,CVE-2021-27365,group-row-11011,train,test
row-11021,CWE-125,linux,f9dbdf97a5bd92b1a49cee3d591b55b11fd7a6d5,CVE-2021-27364,group-row-11021,train,train
row-11029,CWE-119,libtiff,98a254f5b92cea22f5436555ff7fceb12afee84d,CVE-2020-35522,group-row-11029,train,test
row-11030,CWE-119,libtiff,98a254f5b92cea22f5436555ff7fceb12afee84d,CVE-2020-35522,group-row-11029,train,test
row-11031,CWE-119,libtiff,98a254f5b92cea22f5436555ff7fceb12afee84d,CVE-2020-35522,group-row-11029,train,test
row-11032,CWE-190,libtiff,c8d613ef497058fe653c467fc84c70a62a4a71b2,CVE-2020-35523,group-row-11032,train,train
row-11033,CWE-787,libtiff,7be2e452ddcf6d7abca88f41d3761e6edab72b22,CVE-2020-35524,group-row-11033,train,train
row-11042,CWE-190,redis,d32f2e9999ce003bad0bd2c3bca29f64dcce4433,CVE-2021-21309,group-row-11042,test,test
row-11043,CWE-190,redis,d32f2e9999ce003bad0bd2c3bca29f64dcce4433,CVE-2021-21309,group-row-11042,test,test
row-11044,CWE-190,redis,d32f2e9999ce003bad0bd2c3bca29f64dcce4433,CVE-2021-21309,group-row-11042,test,test
row-11045,CWE-190,redis,d32f2e9999ce003bad0bd2c3bca29f64dcce4433,CVE-2021-21309,group-row-11042,test,test
row-11046,CWE-190,redis,d32f2e9999ce003bad0bd2c3bca29f64dcce4433,CVE-2021-21309,group-row-11042,test,test
row-11047,CWE-190,redis,d32f2e9999ce003bad0bd2c3bca29f64dcce4433,CVE-2021-21309,group-row-11042,test,test
row-11048,CWE-835,qemu,705df5466c98f3efdd2b68d3b31dad86858acad7,CVE-2021-3416,group-row-11048,train,train
row-11049,CWE-835,qemu,1caff0340f49c93d535c6558a5138d20d475315c,CVE-2021-3416,group-row-11048,train,train
row-11050,CWE-835,qemu,331d2ac9ea307c990dc86e6493e8f0c48d14bb33,CVE-2021-3416,group-row-11048,train,train
row-11051,CWE-835,qemu,26194a58f4eb83c5bdf4061a1628508084450ba1,CVE-2021-3416,group-row-11048,train,train
row-11052,CWE-835,qemu,8c92060d3c0248bd4d515719a35922cd2391b9b4,CVE-2021-3416,group-row-11048,train,train
row-11053,CWE-835,qemu,8c552542b81e56ff532dd27ec6e5328954bdda73,CVE-2021-3416,group-row-11048,train,train
row-11054,CWE-835,qemu,5311fb805a4403bba024e83886fa0e7572265de4,CVE-2021-3416,group-row-11048,train,train
row-11055,CWE-835,qemu,99ccfaa1edafd79f7a3a0ff7b58ae4da7c514928,CVE-2021-3416,group-row-11048,train,train
row-11056,CWE-835,qemu,e73adfbeec9d4e008630c814759052ed945c3fed,CVE-2021-3416,group-row-11048,train,train
row-11057,CWE-835,qemu,37cee01784ff0df13e5209517e1b3594a5e792d1,CVE-2021-3416,group-row-11048,train,train
row-11093,CWE-787,Pillow,3fee28eb9479bf7d59e0fa08068f9cc4a6e2f04c,CVE-2021-25289,group-row-11093,train,train
row-11094,CWE-787,Pillow,86f02f7c70862a0954bfe8133736d352db978eaa,CVE-2021-25290,group-row-11094,train,train
row-11095,CWE-125,Pillow,cbdce6c5d054fccaf4af34b47f212355c64ace7a,CVE-2021-25291,group-row-11095,train,train
row-11096,CWE-125,Pillow,4853e522bddbec66022c0915b9a56255d0188bf9,CVE-2021-25293,group-row-11096,train,test
row-11097,CWE-125,Pillow,4853e522bddbec66022c0915b9a56255d0188bf9,CVE-2021-25293,group-row-11096,train,test
row-11098,CWE-125,Pillow,4853e522bddbec66022c0915b9a56255d0188bf9,CVE-2021-25293,group-row-11096,train,test
row-11099,CWE-617,libnbd,fb4440de9cc76e9c14bd3ddf3333e78621f40ad0,CVE-2021-20286,group-row-11099,train,train
row-11100,CWE-617,libnbd,fb4440de9cc76e9c14bd3ddf3333e78621f40ad0,CVE-2021-20286,group-row-11099,train,train
row-11105,CWE-20,mongo,722f06f3217c029ef9c50062c8cc775966fd7ead,CVE-2018-25004,group-row-11105,validation,test
row-11106,CWE-20,mongo,722f06f3217c029ef9c50062c8cc775966fd7ead,CVE-2018-25004,group-row-11105,validation,test
row-11107,CWE-20,mongo,722f06f3217c029ef9c50062c8cc775966fd7ead,CVE-2018-25004,group-row-11105,validation,test
row-11108,CWE-20,mongo,722f06f3217c029ef9c50062c8cc775966fd7ead,CVE-2018-25004,group-row-11105,validation,test
row-11109,CWE-20,mongo,722f06f3217c029ef9c50062c8cc775966fd7ead,CVE-2018-25004,group-row-11105,validation,test
row-11110,CWE-20,mongo,d315547544d7146b93a8e6e94cc4b88cd0d19c95,CVE-2018-25004,group-row-11105,validation,test
row-11111,CWE-20,mongo,d315547544d7146b93a8e6e94cc4b88cd0d19c95,CVE-2018-25004,group-row-11105,validation,test
row-11112,CWE-20,mongo,d315547544d7146b93a8e6e94cc4b88cd0d19c95,CVE-2018-25004,group-row-11105,validation,test
row-11113,CWE-20,mongo,5c7c6729c37514760fd34da462b6961a2e385417,CVE-2018-25004,group-row-11105,validation,test
row-11114,CWE-20,mongo,5c7c6729c37514760fd34da462b6961a2e385417,CVE-2018-25004,group-row-11105,validation,test
row-11115,CWE-20,mongo,5c7c6729c37514760fd34da462b6961a2e385417,CVE-2018-25004,group-row-11105,validation,test
row-11117,CWE-369,libjpeg-turbo,1719d12e51641cce5c77e259516649ba5ef6303c,CVE-2021-20205,group-row-11117,test,train
row-11127,CWE-120,libmicrohttpd,a110ae6276660bee3caab30e9ff3f12f85cf3241,CVE-2021-3466,group-row-11127,validation,validation
row-11128,CWE-120,libmicrohttpd,a110ae6276660bee3caab30e9ff3f12f85cf3241,CVE-2021-3466,group-row-11127,validation,validation
row-11129,CWE-120,libmicrohttpd,a110ae6276660bee3caab30e9ff3f12f85cf3241,CVE-2021-3466,group-row-11127,validation,validation
row-11130,CWE-125,leptonica,5ee24b398bb67666f6d173763eaaedd9c36fb1e5,,group-row-11130,train,train
row-11131,CWE-476,openexr,b0c63c0b96eb9b0d3998f603e12f9f414fb0d44a,CVE-2021-20296,group-row-11131,test,train
row-11132,CWE-190,openexr,c3ed4a1db1f39bf4524a644cb2af81dc8cfab33f,CVE-2021-3474,group-row-11132,test,train
row-11135,CWE-190,openexr,2a18ed424a854598c2a20b5dd7e782b436a1e753,CVE-2021-3475,group-row-11135,test,train
row-11136,CWE-190,openexr,eec0dba242bedd2778c973ae4af112107b33d9c9,CVE-2021-3476,group-row-11136,test,train
row-11137,CWE-190,openexr,eec0dba242bedd2778c973ae4af112107b33d9c9,CVE-2021-3476,group-row-11136,test,train
row-11138,CWE-770,openexr,d80f11f4f55100d007ae80a162bf257ec291612c,CVE-2021-3479,group-row-11138,test,train
row-11139,CWE-770,openexr,d80f11f4f55100d007ae80a162bf257ec291612c,CVE-2021-3479,group-row-11138,test,train
row-11140,CWE-770,openexr,d80f11f4f55100d007ae80a162bf257ec291612c,CVE-2021-3479,group-row-11138,test,train
row-11141,CWE-770,openexr,d80f11f4f55100d007ae80a162bf257ec291612c,CVE-2021-3479,group-row-11138,test,train
row-11142,CWE-190,openexr,ed560b8a932c78d5e8e5990ce36fe7808b35d9f0,CVE-2021-20300,group-row-11142,test,train
row-11143,CWE-476,openexr,25e9515b06a6bc293d871622b8cafaee7af84e0f,CVE-2021-20299,group-row-11143,test,train
row-11144,CWE-787,openexr,85fd638ae0d5fa132434f4cbf32590261c1dba97,CVE-2021-20298,group-row-11144,test,test
row-11145,CWE-190,openexr,51a92d67f53c08230734e74564c807043cbfe41e,CVE-2021-20304,group-row-11145,test,train
row-11146,CWE-190,openexr,51a92d67f53c08230734e74564c807043cbfe41e,CVE-2021-20304,group-row-11145,test,train
row-11147,CWE-125,openexr,467be80b75642efbbe6bdace558079f68c16acb1,CVE-2021-3477,group-row-11147,test,test
row-11148,CWE-770,openexr,bc88cdb6c97fbf5bc5d11ad8ca55306da931283a,CVE-2021-3478,group-row-11148,test,test
row-11149,CWE-125,leptonica,8d6e1755518cfb98536d6c3daf0601f226d16842,,group-row-11149,train,validation
row-11150,CWE-125,leptonica,3c18c43b6a3f753f0dfff99610d46ad46b8bfac4,,group-row-11150,train,train
row-11151,CWE-125,leptonica,3c18c43b6a3f753f0dfff99610d46ad46b8bfac4,,group-row-11150,train,train
row-11152,CWE-125,leptonica,5ba34b1fe741d69d43a6c8cf767756997eadd87c,,group-row-11152,train,train
row-11153,CWE-125,leptonica,5ba34b1fe741d69d43a6c8cf767756997eadd87c,,group-row-11152,train,train
row-11154,CWE-476,jasper,f94e7499a8b1471a4905c4f9c9e12e60fe88264b,CVE-2021-3443,group-row-11154,train,train
row-11159,CWE-476,varnish-modules,2c120e576ebb73bc247790184702ba58dc0afc39,CVE-2021-28543,group-row-11159,train,train
row-11160,CWE-20,squid,dfd818595b54942cb1adc45f6aed95c9b706e3a8,CVE-2020-25097,group-row-11160,train,train
row-11161,CWE-59,gnome-autoar,8109c368c6cfdb593faaf698c2bf5da32bb1ace4,CVE-2021-28650,group-row-11161,test,validation
row-11162,CWE-59,gnome-autoar,8109c368c6cfdb593faaf698c2bf5da32bb1ace4,CVE-2021-28650,group-row-11161,test,validation
row-11166,CWE-787,linux,74b6b20df8cfe90ada777d621b54c32e69e27cd7,CVE-2021-28660,group-row-11166,train,validation
row-11168,CWE-787,samba,fab6b79b7724f0b636963be528483e3e946884aa,CVE-2021-20277,group-row-11168,train,train
row-11173,CWE-120,linux,cc7a0bb058b85ea03db87169c60c7cfdd5d34678,CVE-2021-28972,group-row-11173,train,train
row-11174,CWE-120,linux,cc7a0bb058b85ea03db87169c60c7cfdd5d34678,CVE-2021-28972,group-row-11173,train,train
row-11177,CWE-200,curl,7214288898f5625a6cc196e22a74232eada7861c,CVE-2021-22876,group-row-11177,train,validation
row-11196,CWE-476,jasper,c4144a6fdb2660794136d1daaa80682ee40b138b,CVE-2021-3467,group-row-11196,train,train
row-11197,CWE-787,nettle,a63893791280d441c713293491da97c79c0950fe,CVE-2021-20305,group-row-11197,train,test
row-11198,CWE-787,nettle,a63893791280d441c713293491da97c79c0950fe,CVE-2021-20305,group-row-11197,train,test
row-11199,CWE-787,nettle,a63893791280d441c713293491da97c79c0950fe,CVE-2021-20305,group-row-11197,train,test
row-11200,CWE-787,nettle,a63893791280d441c713293491da97c79c0950fe,CVE-2021-20305,group-row-11197,train,test
row-11201,CWE-787,nettle,a63893791280d441c713293491da97c79c0950fe,CVE-2021-20305,group-row-11197,train,test
row-11202,CWE-787,nettle,971bed6ab4b27014eb23085e8176917e1a096fd5,CVE-2021-20305,group-row-11197,train,test
row-11203,CWE-787,nettle,74ee0e82b6891e090f20723750faeb19064e31b2,CVE-2021-20305,group-row-11197,train,test
row-11204,CWE-787,nettle,74ee0e82b6891e090f20723750faeb19064e31b2,CVE-2021-20305,group-row-11197,train,test
row-11205,CWE-787,nettle,74ee0e82b6891e090f20723750faeb19064e31b2,CVE-2021-20305,group-row-11197,train,test
row-11206,CWE-787,nettle,51f643eee00e2caa65c8a2f5857f49acdf3ef1ce,CVE-2021-20305,group-row-11197,train,test
row-11207,CWE-787,nettle,401c8d53d8a8cf1e79980e62bda3f946f8e07c14,CVE-2021-20305,group-row-11197,train,test
row-11208,CWE-787,nettle,ae3801a0e5cce276c270973214385c86048d5f7b,CVE-2021-20305,group-row-11197,train,test
row-11209,CWE-787,nettle,63f222c60b03470c0005aa9bc4296fbf585f68b9,CVE-2021-20305,group-row-11197,train,test
row-11211,CWE-770,kopano-core,512457466b87039c6a8d25887fdaca6173619546,CVE-2021-28994,group-row-11211,train,validation
row-11212,CWE-20,NetworkManager,420784e342da4883f6debdfe10cde68507b10d27,CVE-2021-20297,group-row-11212,train,train
row-11213,CWE-787,redis,9824fe3e392caa04dc1b4071886e9ac402dd6d95,CVE-2021-3470,group-row-11213,test,train
row-11218,CWE-416,linux,f6bbf0010ba004f5e90c7aefdebc0ee4bd3283b9,CVE-2021-29266,group-row-11218,train,train
row-11224,CWE-401,linux,f60a85cad677c4f9bb4cadd764f1d106c38c7cf8,CVE-2021-29649,group-row-11224,train,train
row-11225,CWE-401,linux,f60a85cad677c4f9bb4cadd764f1d106c38c7cf8,CVE-2021-29649,group-row-11224,train,train
row-11226,CWE-401,linux,f60a85cad677c4f9bb4cadd764f1d106c38c7cf8,CVE-2021-29649,group-row-11224,train,train
row-11229,CWE-401,linux,fb18802a338b36f675a388fc03d2aa504a0d0899,CVE-2021-30002,group-row-11229,train,train
row-11231,CWE-369,ImageMagick,94174beff065cb5683d09d79e992c3ebbdead311,CVE-2021-20309,group-row-11231,train,train
row-11232,CWE-369,ImageMagick6,f1e68d22d1b35459421710587a0dcbab6900b51f,CVE-2021-20309,group-row-11231,train,train
row-11233,CWE-369,ImageMagick,75f6f5032690077cae3eaeda3c0165cc765eaeb5,CVE-2021-20310,group-row-11233,train,train
row-11234,CWE-369,ImageMagick,70aa86f5d5d8aa605a918ed51f7574f433a18482,CVE-2021-20311,group-row-11234,train,train
row-11235,CWE-369,ImageMagick,70aa86f5d5d8aa605a918ed51f7574f433a18482,CVE-2021-20311,group-row-11234,train,train
row-11236,CWE-369,ImageMagick,70aa86f5d5d8aa605a918ed51f7574f433a18482,CVE-2021-20311,group-row-11234,train,train
row-11237,CWE-369,ImageMagick,70aa86f5d5d8aa605a918ed51f7574f433a18482,CVE-2021-20311,group-row-11234,train,train
row-11238,CWE-369,ImageMagick,70aa86f5d5d8aa605a918ed51f7574f433a18482,CVE-2021-20311,group-row-11234,train,train
row-11239,CWE-369,ImageMagick,70aa86f5d5d8aa605a918ed51f7574f433a18482,CVE-2021-20311,group-row-11234,train,train
row-11240,CWE-369,ImageMagick,70aa86f5d5d8aa605a918ed51f7574f433a18482,CVE-2021-20311,group-row-11234,train,train
row-11241,CWE-369,ImageMagick,70aa86f5d5d8aa605a918ed51f7574f433a18482,CVE-2021-20311,group-row-11234,train,train
row-11242,CWE-369,ImageMagick,70aa86f5d5d8aa605a918ed51f7574f433a18482,CVE-2021-20311,group-row-11234,train,train
row-11243,CWE-369,ImageMagick,70aa86f5d5d8aa605a918ed51f7574f433a18482,CVE-2021-20311,group-row-11234,train,train
row-11244,CWE-787,linux,4edbe1d7bcffcd6269f3b5eb63f710393ff2ec7a,,group-row-11244,train,train
row-11245,CWE-476,linux,919f4ebc598701670e80e31573a58f1f2d2bf918,CVE-2021-30178,group-row-11245,train,train
row-11246,CWE-59,file-roller,e970f4966bf388f6e7c277357c8b186c645683ae,CVE-2020-36314,group-row-11246,train,test
row-11247,CWE-59,file-roller,e970f4966bf388f6e7c277357c8b186c645683ae,CVE-2020-36314,group-row-11246,train,test
row-11248,CWE-59,file-roller,e970f4966bf388f6e7c277357c8b186c645683ae,CVE-2020-36314,group-row-11246,train,test
row-11249,CWE-59,file-roller,e970f4966bf388f6e7c277357c8b186c645683ae,CVE-2020-36314,group-row-11246,train,test
row-11250,CWE-787,openexr,ae6d203892cc9311917a7f4f05354ef792b3e58e,CVE-2021-23169,group-row-11250,test,train
row-11251,CWE-787,openexr,ae6d203892cc9311917a7f4f05354ef792b3e58e,CVE-2021-23169,group-row-11250,test,train
row-11252,CWE-787,openexr,ae6d203892cc9311917a7f4f05354ef792b3e58e,CVE-2021-23169,group-row-11250,test,train
row-11253,CWE-787,openexr,ae6d203892cc9311917a7f4f05354ef792b3e58e,CVE-2021-23169,group-row-11250,test,train
row-11254,CWE-835,linux,e72436bc3a5206f95bb384e741154166ddb3202e,CVE-2020-36310,group-row-11254,train,train
row-11255,CWE-416,linux,0774a964ef561b7170d8d1b1bfe6f88002b6d219,CVE-2020-36313,group-row-11255,train,train
row-11256,CWE-416,linux,0774a964ef561b7170d8d1b1bfe6f88002b6d219,CVE-2020-36313,group-row-11255,train,train
row-11257,CWE-416,linux,0774a964ef561b7170d8d1b1bfe6f88002b6d219,CVE-2020-36313,group-row-11255,train,train
row-11258,CWE-401,linux,f65886606c2d3b562716de030706dfe1bea4ed5e,CVE-2020-36312,group-row-11258,train,train
row-11260,CWE-416,linux,829933ef05a951c8ff140e814656d73e74915faf,CVE-2021-3483,group-row-11260,train,train
row-11298,CWE-125,hivex,8f1935733b10d974a1a4176d38dd151ed98cf381,CVE-2021-3504,group-row-11298,train,train
row-11303,CWE-787,linux,04c4f2ee3f68c9a4bf1653d15f1a9a435ae33f7a,CVE-2021-3501,group-row-11303,train,train
row-11306,CWE-22,envoy,5333b928d8bcffa26ab19bf018369a835f697585,CVE-2021-29492,group-row-11306,train,train
row-11307,CWE-22,envoy,5333b928d8bcffa26ab19bf018369a835f697585,CVE-2021-29492,group-row-11306,train,train
row-11308,CWE-22,envoy,5333b928d8bcffa26ab19bf018369a835f697585,CVE-2021-29492,group-row-11306,train,train
row-11309,CWE-22,envoy,5333b928d8bcffa26ab19bf018369a835f697585,CVE-2021-29492,group-row-11306,train,train
row-11310,CWE-22,envoy,5333b928d8bcffa26ab19bf018369a835f697585,CVE-2021-29492,group-row-11306,train,train
row-11311,CWE-22,envoy,5333b928d8bcffa26ab19bf018369a835f697585,CVE-2021-29492,group-row-11306,train,train
row-11312,CWE-22,envoy,5333b928d8bcffa26ab19bf018369a835f697585,CVE-2021-29492,group-row-11306,train,train
row-11313,CWE-22,envoy,5333b928d8bcffa26ab19bf018369a835f697585,CVE-2021-29492,group-row-11306,train,train
row-11314,CWE-22,envoy,5333b928d8bcffa26ab19bf018369a835f697585,CVE-2021-29492,group-row-11306,train,train
row-11315,CWE-22,envoy,5333b928d8bcffa26ab19bf018369a835f697585,CVE-2021-29492,group-row-11306,train,train
row-11316,CWE-22,envoy,5333b928d8bcffa26ab19bf018369a835f697585,CVE-2021-29492,group-row-11306,train,train
row-11317,CWE-22,envoy,5333b928d8bcffa26ab19bf018369a835f697585,CVE-2021-29492,group-row-11306,train,train
row-11318,CWE-22,envoy,5333b928d8bcffa26ab19bf018369a835f697585,CVE-2021-29492,group-row-11306,train,train
row-11319,CWE-22,envoy,5333b928d8bcffa26ab19bf018369a835f697585,CVE-2021-29492,group-row-11306,train,train
row-11320,CWE-835,pdfresurrect,7e35d1806e111fd28610ccc86bb33f54792ac370,CVE-2021-3508,group-row-11320,train,train
row-11321,CWE-476,389-ds-base,d7eef2fcfbab2ef8aa6ee0bf60f0a9b16ede66e0,CVE-2021-3514,group-row-11321,train,train
row-11322,CWE-476,389-ds-base,2e5b526012612d1d6ccace46398bee679a730271,CVE-2021-3514,group-row-11321,train,train
row-11323,CWE-770,wireshark,b7a0650e061b5418ab4a8f72c6e4b00317aff623,CVE-2021-22207,group-row-11323,train,validation
row-11324,CWE-770,wireshark,b7a0650e061b5418ab4a8f72c6e4b00317aff623,CVE-2021-22207,group-row-11323,train,validation
row-11325,CWE-125,exiv2,f6ee71526eef5649a529ac6da3f2843e3b63e227,CVE-2021-29470,group-row-11325,train,train
row-11326,CWE-416,libxml2,1358d157d0bd83be1dfe356a69213df9fac0b539,CVE-2021-3516,group-row-11326,test,train
row-11327,CWE-787,libxml2,bf22713507fe1fc3a2c4b525cf0a88c2dc87a3a2,CVE-2021-3517,group-row-11327,test,train
row-11328,CWE-416,libxml2,1098c30a040e72a4654968547f415be4e4c40fe7,CVE-2021-3518,group-row-11328,test,train
row-11329,CWE-190,unbound,226298bbd36f1f0fd9608e98c2ae85988b7bbdb8,CVE-2019-25032,group-row-11329,validation,train
row-11330,CWE-190,unbound,09707fc403a7e0d7f5ef0029c597c2645ba49dd5,CVE-2019-25033,group-row-11330,validation,train
row-11331,CWE-190,unbound,a3545867fcdec50307c776ce0af28d07046a52dd,CVE-2019-25034,group-row-11331,validation,test
row-11332,CWE-787,unbound,fa23ee8f31ba9a018c720ea822faaee639dc7a9c,CVE-2019-25035,group-row-11332,validation,train
row-11333,CWE-617,unbound,d2eb78e871153f22332d30c6647f3815148f21e5,CVE-2019-25037,group-row-11333,validation,train
row-11334,CWE-190,unbound,02080f6b180232f43b77f403d0c038e9360a460f,CVE-2019-25038,group-row-11334,validation,train
row-11335,CWE-190,unbound,02080f6b180232f43b77f403d0c038e9360a460f,CVE-2019-25038,group-row-11334,validation,train
row-11336,CWE-835,unbound,2d444a5037acff6024630b88092d9188f2f5d8fe,CVE-2019-25040,group-row-11336,validation,train
row-11337,CWE-787,unbound,6c3a0b54ed8ace93d5b5ca7b8078dc87e75cd640,CVE-2019-25042,group-row-11337,validation,train
row-11338,CWE-617,ceph,f44a8ae8aa27ecef69528db9aec220f12492810e,CVE-2021-3531,group-row-11338,validation,train
row-11339,CWE-770,qemu,7ec54f9eb62b5d177e30eb8b1cad795a5f8d8986,CVE-2021-3527,group-row-11339,train,train
row-11340,CWE-770,qemu,7ec54f9eb62b5d177e30eb8b1cad795a5f8d8986,CVE-2021-3527,group-row-11339,train,train
row-11341,CWE-770,qemu,7ec54f9eb62b5d177e30eb8b1cad795a5f8d8986,CVE-2021-3527,group-row-11339,train,train
row-11342,CWE-770,qemu,05a40b172e4d691371534828078be47e7fff524c,CVE-2021-3527,group-row-11339,train,train
row-11343,CWE-787,fluent-bit,cadff53c093210404aed01c4cf586adb8caa07af,,group-row-11343,train,train
row-11354,CWE-476,libxml2,babe75030c7f64a37826bb3342317134568bef61,CVE-2021-3537,group-row-11354,test,test
row-11355,CWE-190,redis,92e3b1802f72ca0c5b0bde97f01d9b57a758d85c,CVE-2021-29477,group-row-11355,test,train
row-11356,CWE-190,redis,394614a5f91d88380f480c4610926a865b5b0f16,CVE-2021-29477,group-row-11355,test,train
row-11357,CWE-190,redis,789f10156009b404950ad717642a9496ed887083,CVE-2021-29478,group-row-11357,test,validation
row-11358,CWE-125,mutt,7c4779ac24d2fb68a2a47b58c7904118f40965d5,CVE-2021-32055,group-row-11358,test,train
row-11359,CWE-125,neomutt,fa1db5785e5cfd9d3cd27b7571b9fe268d2ec2dc,,group-row-11359,train,train
row-11360,CWE-125,Pillow,3bf5eddb89afdf690eceaa52bc4d3546ba9a5f87,CVE-2021-25287,group-row-11360,train,train
row-11361,CWE-835,Pillow,bb6c11fb889e6c11b0ee122b828132ee763b5856,CVE-2021-28676,group-row-11361,train,train
row-11362,CWE-476,exif,f6334d9d32437ef13dc902f0a88a2be0063d9d1c,,group-row-11362,train,validation
row-11373,CWE-20,squid,6c9c44d0e9cf7b72bb233360c5308aa063af3d69,CVE-2021-33620,group-row-11373,train,validation
row-11374,CWE-20,squid,6c9c44d0e9cf7b72bb233360c5308aa063af3d69,CVE-2021-33620,group-row-11373,train,validation
row-11375,CWE-20,squid,6c9c44d0e9cf7b72bb233360c5308aa063af3d69,CVE-2021-33620,group-row-11373,train,validation
row-11376,CWE-20,squid,6c9c44d0e9cf7b72bb233360c5308aa063af3d69,CVE-2021-33620,group-row-11373,train,validation
row-11377,CWE-20,squid,1e05a85bd28c22c9ca5d3ac9f5e86d6269ec0a8c,CVE-2021-33620,group-row-11373,train,validation
row-11378,CWE-125,bpf,049c4e13714ecbca567b4d5f6d563f05d431c80e,CVE-2021-3490,group-row-11378,train,validation
row-11379,CWE-125,bpf,049c4e13714ecbca567b4d5f6d563f05d431c80e,CVE-2021-3490,group-row-11378,train,validation
row-11380,CWE-125,bpf,049c4e13714ecbca567b4d5f6d563f05d431c80e,CVE-2021-3490,group-row-11378,train,validation
row-11381,CWE-787,bpf,4b81ccebaeee885ab1aa1438133f2991e3a2b6ea,CVE-2021-3489,group-row-11381,train,test
row-11382,CWE-787,linux,d1f82808877bb10d3deee7cf3374a4eb3fb582db,CVE-2021-3491,group-row-11382,train,validation
row-11383,CWE-415,radare2,049de62730f4954ef9a642f2eeebbca30a8eccdc,CVE-2021-32613,group-row-11383,train,train
row-11384,CWE-415,radare2,049de62730f4954ef9a642f2eeebbca30a8eccdc,CVE-2021-32613,group-row-11383,train,train
row-11385,CWE-415,radare2,049de62730f4954ef9a642f2eeebbca30a8eccdc,CVE-2021-32613,group-row-11383,train,train
row-11386,CWE-416,linux,c3e2219216c92919a6bd1711f340f5faa98695e6,CVE-2019-25044,group-row-11386,train,train
row-11387,CWE-416,linux,c3e2219216c92919a6bd1711f340f5faa98695e6,CVE-2019-25044,group-row-11386,train,train
row-11388,CWE-416,linux,c3e2219216c92919a6bd1711f340f5faa98695e6,CVE-2019-25044,group-row-11386,train,train
row-11389,CWE-416,linux,c3e2219216c92919a6bd1711f340f5faa98695e6,CVE-2019-25044,group-row-11386,train,train
row-11390,CWE-416,linux,c3e2219216c92919a6bd1711f340f5faa98695e6,CVE-2019-25044,group-row-11386,train,train
row-11391,CWE-416,linux,ad5d07f4a9cd671233ae20983848874731102c08,CVE-2021-33033,group-row-11391,train,validation
row-11392,CWE-416,linux,ad5d07f4a9cd671233ae20983848874731102c08,CVE-2021-33033,group-row-11391,train,validation
row-11393,CWE-416,linux,ad5d07f4a9cd671233ae20983848874731102c08,CVE-2021-33033,group-row-11391,train,validation
row-11394,CWE-416,linux,ad5d07f4a9cd671233ae20983848874731102c08,CVE-2021-33033,group-row-11391,train,validation
row-11395,CWE-416,linux,ad5d07f4a9cd671233ae20983848874731102c08,CVE-2021-33033,group-row-11391,train,validation
row-11396,CWE-416,linux,1165affd484889d4986cf3b724318935a0b120d8,CVE-2021-33033,group-row-11391,train,validation
row-11397,CWE-416,linux,5c4c8c9544099bb9043a10a5318130a943e32fc3,CVE-2021-33034,group-row-11397,train,train
row-11398,CWE-416,linux,5c4c8c9544099bb9043a10a5318130a943e32fc3,CVE-2021-33034,group-row-11397,train,train
row-11400,CWE-120,libx11,8d2e02ae650f00c4a53deb625211a0527126c605,CVE-2021-31535,group-row-11400,train,train
row-11401,CWE-120,libx11,8d2e02ae650f00c4a53deb625211a0527126c605,CVE-2021-31535,group-row-11400,train,train
row-11402,CWE-120,libx11,8d2e02ae650f00c4a53deb625211a0527126c605,CVE-2021-31535,group-row-11400,train,train
row-11403,CWE-120,libx11,8d2e02ae650f00c4a53deb625211a0527126c605,CVE-2021-31535,group-row-11400,train,train
row-11404,CWE-120,libx11,8d2e02ae650f00c4a53deb625211a0527126c605,CVE-2021-31535,group-row-11400,train,train
row-11405,CWE-120,libx11,8d2e02ae650f00c4a53deb625211a0527126c605,CVE-2021-31535,group-row-11400,train,train
row-11406,CWE-120,libx11,8d2e02ae650f00c4a53deb625211a0527126c605,CVE-2021-31535,group-row-11400,train,train
row-11407,CWE-120,libx11,8d2e02ae650f00c4a53deb625211a0527126c605,CVE-2021-31535,group-row-11400,train,train
row-11408,CWE-120,libx11,8d2e02ae650f00c4a53deb625211a0527126c605,CVE-2021-31535,group-row-11400,train,train
row-11409,CWE-120,libx11,8d2e02ae650f00c4a53deb625211a0527126c605,CVE-2021-31535,group-row-11400,train,train
row-11410,CWE-120,libx11,8d2e02ae650f00c4a53deb625211a0527126c605,CVE-2021-31535,group-row-11400,train,train
row-11411,CWE-120,libx11,8d2e02ae650f00c4a53deb625211a0527126c605,CVE-2021-31535,group-row-11400,train,train
row-11412,CWE-120,libx11,8d2e02ae650f00c4a53deb625211a0527126c605,CVE-2021-31535,group-row-11400,train,train
row-11413,CWE-120,libx11,8d2e02ae650f00c4a53deb625211a0527126c605,CVE-2021-31535,group-row-11400,train,train
row-11414,CWE-120,libx11,8d2e02ae650f00c4a53deb625211a0527126c605,CVE-2021-31535,group-row-11400,train,train
row-11415,CWE-120,libx11,8d2e02ae650f00c4a53deb625211a0527126c605,CVE-2021-31535,group-row-11400,train,train
row-11416,CWE-401,squid,47a085ff06598b64817875769022b8707a0af7db,CVE-2021-28651,group-row-11416,train,train
row-11417,CWE-401,squid,26e65059bc06ebce508737b5cd0866478691566a,CVE-2021-28652,group-row-11417,train,validation
row-11418,CWE-401,squid,26e65059bc06ebce508737b5cd0866478691566a,CVE-2021-28652,group-row-11417,train,validation
row-11419,CWE-401,squid,26e65059bc06ebce508737b5cd0866478691566a,CVE-2021-28652,group-row-11417,train,validation
row-11420,CWE-401,squid,26e65059bc06ebce508737b5cd0866478691566a,CVE-2021-28652,group-row-11417,train,validation
row-11421,CWE-401,squid,26e65059bc06ebce508737b5cd0866478691566a,CVE-2021-28652,group-row-11417,train,validation
row-11422,CWE-401,squid,0003e3518dc95e4b5ab46b5140af79b22253048e,CVE-2021-28652,group-row-11417,train,validation
row-11424,CWE-119,libvirt,4c4d0e2da07b5a035b26a0ff13ec27070f7c7b1a,CVE-2021-3559,group-row-11424,train,train
row-11425,CWE-120,libsolv,0077ef29eb46d2e1df2f230fc95a1d9748d49dec,CVE-2021-3200,group-row-11425,train,train
row-11437,CWE-787,cracklib,33d7fa4585247cd2247a1ffa032ad245836c6edb,CVE-2016-6318,group-row-11437,train,train
row-11446,CWE-617,libyang,5ce30801f9ccc372bbe9b7c98bb5324b15fb010a,CVE-2021-28905,group-row-11446,train,train
row-11447,CWE-617,libyang,5ce30801f9ccc372bbe9b7c98bb5324b15fb010a,CVE-2021-28905,group-row-11446,train,train
row-11448,CWE-617,libyang,5ce30801f9ccc372bbe9b7c98bb5324b15fb010a,CVE-2021-28905,group-row-11446,train,train
row-11449,CWE-617,libyang,5ce30801f9ccc372bbe9b7c98bb5324b15fb010a,CVE-2021-28905,group-row-11446,train,train
row-11450,CWE-617,libyang,5ce30801f9ccc372bbe9b7c98bb5324b15fb010a,CVE-2021-28905,group-row-11446,train,train
row-11451,CWE-617,libyang,5ce30801f9ccc372bbe9b7c98bb5324b15fb010a,CVE-2021-28905,group-row-11446,train,train
row-11452,CWE-617,libyang,5ce30801f9ccc372bbe9b7c98bb5324b15fb010a,CVE-2021-28905,group-row-11446,train,train
row-11453,CWE-617,libyang,5ce30801f9ccc372bbe9b7c98bb5324b15fb010a,CVE-2021-28905,group-row-11446,train,train
row-11454,CWE-617,libyang,5ce30801f9ccc372bbe9b7c98bb5324b15fb010a,CVE-2021-28905,group-row-11446,train,train
row-11455,CWE-617,libyang,5ce30801f9ccc372bbe9b7c98bb5324b15fb010a,CVE-2021-28905,group-row-11446,train,train
row-11456,CWE-617,libyang,5ce30801f9ccc372bbe9b7c98bb5324b15fb010a,CVE-2021-28905,group-row-11446,train,train
row-11457,CWE-617,libyang,5ce30801f9ccc372bbe9b7c98bb5324b15fb010a,CVE-2021-28905,group-row-11446,train,train
row-11458,CWE-617,libyang,5ce30801f9ccc372bbe9b7c98bb5324b15fb010a,CVE-2021-28905,group-row-11446,train,train
row-11459,CWE-617,libyang,5ce30801f9ccc372bbe9b7c98bb5324b15fb010a,CVE-2021-28905,group-row-11446,train,train
row-11460,CWE-617,libyang,5ce30801f9ccc372bbe9b7c98bb5324b15fb010a,CVE-2021-28905,group-row-11446,train,train
row-11461,CWE-617,libyang,5ce30801f9ccc372bbe9b7c98bb5324b15fb010a,CVE-2021-28905,group-row-11446,train,train
row-11462,CWE-617,libyang,5ce30801f9ccc372bbe9b7c98bb5324b15fb010a,CVE-2021-28905,group-row-11446,train,train
row-11463,CWE-617,libyang,5ce30801f9ccc372bbe9b7c98bb5324b15fb010a,CVE-2021-28905,group-row-11446,train,train
row-11464,CWE-617,libyang,5ce30801f9ccc372bbe9b7c98bb5324b15fb010a,CVE-2021-28905,group-row-11446,train,train
row-11465,CWE-617,libyang,5ce30801f9ccc372bbe9b7c98bb5324b15fb010a,CVE-2021-28905,group-row-11446,train,train
row-11466,CWE-617,libyang,5ce30801f9ccc372bbe9b7c98bb5324b15fb010a,CVE-2021-28905,group-row-11446,train,train
row-11469,CWE-787,libtpms,505ef841c00b4c096b1977c667cb957bec3a1d8b,CVE-2021-3569,group-row-11469,train,validation
row-11470,CWE-787,libtpms,505ef841c00b4c096b1977c667cb957bec3a1d8b,CVE-2021-3569,group-row-11469,train,validation
row-11479,CWE-119,linux,f8be156be163a052a067306417cd0ff679068c97,CVE-2021-22543,group-row-11479,train,train
row-11480,CWE-787,httpd,3b6431eb9c9dba603385f70a2131ab4a01bf0d3b,CVE-2020-35452,group-row-11480,train,train
row-11481,CWE-476,httpd,67bd9bfe6c38831e14fe7122f1d84391472498f8,CVE-2021-26690,group-row-11481,train,train
row-11482,CWE-787,httpd,7e09dd714fc62c08c5b0319ed7b9702594faf49b,CVE-2021-26691,group-row-11482,train,train
row-11483,CWE-787,httpd,7e09dd714fc62c08c5b0319ed7b9702594faf49b,CVE-2021-26691,group-row-11482,train,train
row-11486,CWE-476,htmldoc,19c582fb32eac74b57e155cffbb529377a9e751a,,group-row-11486,train,train
row-11487,CWE-20,nettle,0ad0b5df315665250dfdaa4a1e087f4799edaefe,CVE-2021-3580,group-row-11487,train,train
row-11488,CWE-20,nettle,0ad0b5df315665250dfdaa4a1e087f4799edaefe,CVE-2021-3580,group-row-11487,train,train
row-11489,CWE-20,nettle,0ad0b5df315665250dfdaa4a1e087f4799edaefe,CVE-2021-3580,group-row-11487,train,train
row-11490,CWE-20,nettle,0ad0b5df315665250dfdaa4a1e087f4799edaefe,CVE-2021-3580,group-row-11487,train,train
row-11491,CWE-20,nettle,485b5e2820a057e873b1ba812fdb39cae4adf98c,CVE-2021-3580,group-row-11487,train,train
row-11492,CWE-20,nettle,485b5e2820a057e873b1ba812fdb39cae4adf98c,CVE-2021-3580,group-row-11487,train,train
row-11493,CWE-20,nettle,485b5e2820a057e873b1ba812fdb39cae4adf98c,CVE-2021-3580,group-row-11487,train,train
row-11494,CWE-20,nettle,485b5e2820a057e873b1ba812fdb39cae4adf98c,CVE-2021-3580,group-row-11487,train,train
row-11495,CWE-20,nettle,485b5e2820a057e873b1ba812fdb39cae4adf98c,CVE-2021-3580,group-row-11487,train,train
row-11496,CWE-20,nettle,485b5e2820a057e873b1ba812fdb39cae4adf98c,CVE-2021-3580,group-row-11487,train,train
row-11497,CWE-20,nettle,485b5e2820a057e873b1ba812fdb39cae4adf98c,CVE-2021-3580,group-row-11487,train,train
row-11498,CWE-20,nettle,485b5e2820a057e873b1ba812fdb39cae4adf98c,CVE-2021-3580,group-row-11487,train,train
row-11499,CWE-476,httpd,f990e5ecad40b100a8a5c7c1033c46044a9cb244,CVE-2021-31618,group-row-11499,train,train
row-11501,CWE-125,linux,51c19bf3d5cfaa66571e4b88ba2a6f6295311101,CVE-2020-36386,group-row-11501,train,train
row-11502,CWE-416,linux,6d816e088c359866f9867057e04f244c608c42fe,CVE-2020-36387,group-row-11502,train,train
row-11503,CWE-416,linux,6d816e088c359866f9867057e04f244c608c42fe,CVE-2020-36387,group-row-11502,train,train
row-11504,CWE-416,linux,6d816e088c359866f9867057e04f244c608c42fe,CVE-2020-36387,group-row-11502,train,train
row-11505,CWE-416,linux,6d816e088c359866f9867057e04f244c608c42fe,CVE-2020-36387,group-row-11502,train,train
row-11506,CWE-416,linux,6d816e088c359866f9867057e04f244c608c42fe,CVE-2020-36387,group-row-11502,train,train
row-11507,CWE-416,linux,6d816e088c359866f9867057e04f244c608c42fe,CVE-2020-36387,group-row-11502,train,train
row-11508,CWE-416,linux,6d816e088c359866f9867057e04f244c608c42fe,CVE-2020-36387,group-row-11502,train,train
row-11509,CWE-416,linux,6d816e088c359866f9867057e04f244c608c42fe,CVE-2020-36387,group-row-11502,train,train
row-11510,CWE-416,linux,a0ff660058b88d12625a783ce9e5c1371c87951f,CVE-2018-25015,group-row-11510,train,train
row-11511,CWE-416,linux,a0ff660058b88d12625a783ce9e5c1371c87951f,CVE-2018-25015,group-row-11510,train,train
row-11512,CWE-416,linux,dbb2483b2a46fbaf833cfb5deb5ed9cace9c7399,CVE-2019-25045,group-row-11512,train,test
row-11513,CWE-416,linux,dbb2483b2a46fbaf833cfb5deb5ed9cace9c7399,CVE-2019-25045,group-row-11512,train,test
row-11514,CWE-416,linux,dbb2483b2a46fbaf833cfb5deb5ed9cace9c7399,CVE-2019-25045,group-row-11512,train,test
row-11515,CWE-416,linux,dbb2483b2a46fbaf833cfb5deb5ed9cace9c7399,CVE-2019-25045,group-row-11512,train,test
row-11534,CWE-476,ImageMagick,43dfb1894761c4929d5d5c98dc80ba4e59a0d114,,group-row-11534,train,train
row-11536,CWE-119,openexr,25259a84827234a283f6f9db72978198c7a3f268,CVE-2021-3605,group-row-11536,test,train
row-11537,CWE-125,linux,298a58e165e447ccfaae35fe9f651f9d7e15166f,,group-row-11537,train,train
row-11538,CWE-125,linux,298a58e165e447ccfaae35fe9f651f9d7e15166f,,group-row-11537,train,train
row-11540,CWE-787,qemu,79fa99831debc9782087e834382c577215f2f511,CVE-2021-3611,group-row-11540,train,train
row-11541,CWE-835,zziplib,ac9ae39ef419e9f0f83da1e583314d8c7cda34a6,CVE-2020-18442,group-row-11541,validation,train
row-11542,CWE-416,linux,f5449e74802c1112dea984aec8af7a33c4516af1,CVE-2020-36385,group-row-11542,train,train
row-11543,CWE-416,linux,f5449e74802c1112dea984aec8af7a33c4516af1,CVE-2020-36385,group-row-11542,train,train
row-11544,CWE-416,linux,f5449e74802c1112dea984aec8af7a33c4516af1,CVE-2020-36385,group-row-11542,train,train
row-11545,CWE-416,linux,f5449e74802c1112dea984aec8af7a33c4516af1,CVE-2020-36385,group-row-11542,train,train
row-11548,CWE-401,matio,a47b7cd3aca70e9a0bddf8146eb4ab0cbd19c2c3,CVE-2019-20052,group-row-11548,validation,test
row-11549,CWE-401,matio,a47b7cd3aca70e9a0bddf8146eb4ab0cbd19c2c3,CVE-2019-20052,group-row-11548,validation,test
row-11557,CWE-400,hivex,771728218dac2fbf6997a7e53225e75a4c6b7255,CVE-2021-3622,group-row-11557,train,train
row-11558,CWE-400,hivex,771728218dac2fbf6997a7e53225e75a4c6b7255,CVE-2021-3622,group-row-11557,train,train
row-11559,CWE-703,postsrsd,077be98d8c8a9847e4ae0c7dc09e7474cbe27db2,,group-row-11559,train,test
row-11563,CWE-787,olm,ccc0d122ee1b4d5e5ca4ec1432086be17d5f901b,CVE-2021-34813,group-row-11563,train,train
row-11564,CWE-787,olm,ccc0d122ee1b4d5e5ca4ec1432086be17d5f901b,CVE-2021-34813,group-row-11563,train,train
row-11565,CWE-20,php-src,a5538c62293fa782fcc382d0635cfc0c8b9190e3,CVE-2021-21705,group-row-11565,validation,train
row-11566,CWE-787,php-src,08da7c73726f7b86b67d6f0ff87c73c585a7834a,CVE-2021-21704,group-row-11566,validation,train
row-11567,CWE-125,libuv,b7466e31e4bee160d82a68fca11b1f61d46debae,CVE-2021-22918,group-row-11567,train,train
row-11568,CWE-125,libuv,b7466e31e4bee160d82a68fca11b1f61d46debae,CVE-2021-22918,group-row-11567,train,train
row-11569,CWE-125,libuv,b7466e31e4bee160d82a68fca11b1f61d46debae,CVE-2021-22918,group-row-11567,train,train
row-11570,CWE-125,libuv,b7466e31e4bee160d82a68fca11b1f61d46debae,CVE-2021-22918,group-row-11567,train,train
row-11571,CWE-416,selinux,f34d3d30c8325e4847a6b696fe7a3936a8a361f3,CVE-2021-36084,group-row-11571,train,train
row-11572,CWE-416,selinux,2d35fcc7e9e976a2346b1de20e54f8663e8a6cba,CVE-2021-36085,group-row-11572,train,train
row-11573,CWE-416,selinux,c49a8ea09501ad66e799ea41b8154b6770fec2c8,CVE-2021-36086,group-row-11573,train,train
row-11574,CWE-125,selinux,340f0eb7f3673e8aacaf0a96cbfcd4d12a405521,CVE-2021-36087,group-row-11574,train,validation
row-11575,CWE-125,selinux,340f0eb7f3673e8aacaf0a96cbfcd4d12a405521,CVE-2021-36087,group-row-11574,train,validation
row-11576,CWE-125,selinux,340f0eb7f3673e8aacaf0a96cbfcd4d12a405521,CVE-2021-36087,group-row-11574,train,validation
row-11577,CWE-125,selinux,340f0eb7f3673e8aacaf0a96cbfcd4d12a405521,CVE-2021-36087,group-row-11574,train,validation
row-11578,CWE-125,selinux,340f0eb7f3673e8aacaf0a96cbfcd4d12a405521,CVE-2021-36087,group-row-11574,train,validation
row-11580,CWE-787,linux,b29c457a6511435960115c0f548c4360d5f4801d,CVE-2021-22555,group-row-11580,train,train
row-11581,CWE-787,linux,b29c457a6511435960115c0f548c4360d5f4801d,CVE-2021-22555,group-row-11580,train,train
row-11582,CWE-787,linux,b29c457a6511435960115c0f548c4360d5f4801d,CVE-2021-22555,group-row-11580,train,train
row-11583,CWE-787,linux,b29c457a6511435960115c0f548c4360d5f4801d,CVE-2021-22555,group-row-11580,train,train
row-11584,CWE-787,linux,b29c457a6511435960115c0f548c4360d5f4801d,CVE-2021-22555,group-row-11580,train,train
row-11585,CWE-787,linux,9fa492cdc160cd27ce1046cb36f47d3b2b1efa21,CVE-2021-22555,group-row-11580,train,train
row-11586,CWE-787,linux,9fa492cdc160cd27ce1046cb36f47d3b2b1efa21,CVE-2021-22555,group-row-11580,train,train
row-11587,CWE-787,linux,9fa492cdc160cd27ce1046cb36f47d3b2b1efa21,CVE-2021-22555,group-row-11580,train,train
row-11588,CWE-787,linux,9fa492cdc160cd27ce1046cb36f47d3b2b1efa21,CVE-2021-22555,group-row-11580,train,train
row-11589,CWE-787,linux,9fa492cdc160cd27ce1046cb36f47d3b2b1efa21,CVE-2021-22555,group-row-11580,train,train
row-11590,CWE-787,linux,9fa492cdc160cd27ce1046cb36f47d3b2b1efa21,CVE-2021-22555,group-row-11580,train,train
row-11591,CWE-787,linux,9fa492cdc160cd27ce1046cb36f47d3b2b1efa21,CVE-2021-22555,group-row-11580,train,train
row-11592,CWE-787,linux,9fa492cdc160cd27ce1046cb36f47d3b2b1efa21,CVE-2021-22555,group-row-11580,train,train
row-11593,CWE-787,linux,9fa492cdc160cd27ce1046cb36f47d3b2b1efa21,CVE-2021-22555,group-row-11580,train,train
row-11594,CWE-787,linux,9fa492cdc160cd27ce1046cb36f47d3b2b1efa21,CVE-2021-22555,group-row-11580,train,train
row-11595,CWE-787,linux,9fa492cdc160cd27ce1046cb36f47d3b2b1efa21,CVE-2021-22555,group-row-11580,train,train
row-11596,CWE-787,htslib,dcd4b7304941a8832fba2d0fc4c1e716e7a4e72c,,group-row-11596,train,train
row-11598,CWE-416,linux,0771cbb3b97d3c1d68eecd7f00055f599954c34e,CVE-2021-3640,group-row-11598,train,train
row-11599,CWE-416,linux,0771cbb3b97d3c1d68eecd7f00055f599954c34e,CVE-2021-3640,group-row-11598,train,train
row-11602,CWE-120,Pillow,518ee3722a99d7f7d890db82a20bd81c1c0327fb,CVE-2021-34552,group-row-11602,train,train
row-11603,CWE-120,Pillow,518ee3722a99d7f7d890db82a20bd81c1c0327fb,CVE-2021-34552,group-row-11602,train,train
row-11604,CWE-120,Pillow,5f4504bb03f4edeeef8c2633dc5ba03a4c2a8a97,CVE-2021-34552,group-row-11602,train,train
row-11605,CWE-120,Pillow,5f4504bb03f4edeeef8c2633dc5ba03a4c2a8a97,CVE-2021-34552,group-row-11602,train,train
row-11612,CWE-476,krb5,fc98f520caefff2e5ee9a0026fdf5109944b3562,,group-row-11612,test,train
row-11615,CWE-787,gdal,767e3a56144f676ca738ef8f700e0e56035bd05a,,group-row-11615,train,train
row-11616,CWE-787,gdal,27b9bf644bcf1208f7d6594bdd104cc8a8bb0646,,group-row-11616,train,train
row-11617,CWE-416,ovs,77cccc74deede443e8b9102299efc869a52b65b2,CVE-2021-36980,group-row-11617,train,test
row-11618,CWE-787,qpdf,dc92574c10f3e2516ec6445b88c5d584f40df4e5,,group-row-11618,validation,validation
row-11619,CWE-787,qpdf,dc92574c10f3e2516ec6445b88c5d584f40df4e5,,group-row-11618,validation,validation
row-11620,CWE-787,qpdf,dc92574c10f3e2516ec6445b88c5d584f40df4e5,,group-row-11618,validation,validation
row-11621,CWE-787,qpdf,dc92574c10f3e2516ec6445b88c5d584f40df4e5,,group-row-11618,validation,validation
row-11633,CWE-703,libheif,2710c930918609caaf0a664e9c7bc3dce05d5b58,,group-row-11633,train,test
row-11634,CWE-703,libheif,2710c930918609caaf0a664e9c7bc3dce05d5b58,,group-row-11633,train,test
row-11635,CWE-125,libheif,f7399b62d7fbc596f1b2871578c1d2053bedf1dd,,group-row-11635,train,train
row-11657,CWE-787,linux,f62f3c20647ebd5fb6ecb8f0b477b9281c44c10a,CVE-2021-37576,group-row-11657,train,train
row-11658,CWE-190,util-linux,1c9143d0c1f979c3daf10e1c37b5b1e916c22a1c,CVE-2021-37600,group-row-11658,train,train
row-11661,CWE-835,linux,67f0d6d9883c13174669f88adac4f0ee656cc16a,CVE-2021-3679,group-row-11661,train,test
row-11671,CWE-787,atomicparsley,d72ccf06c98259d7261e0f3ac4fd8717778782c1,,group-row-11671,train,test
row-11672,CWE-190,exiv2,9b7a19f957af53304655ed1efe32253a1b11a8d0,CVE-2021-31292,group-row-11672,train,train
row-11673,CWE-120,linux,d00d8da5869a2608e97cfede094dfc5e11462a46,CVE-2021-38160,group-row-11673,train,train
row-11674,CWE-120,linux,d00d8da5869a2608e97cfede094dfc5e11462a46,CVE-2021-38160,group-row-11673,train,train
row-11675,CWE-190,cpio,dd96882877721703e19272fe25034560b794061b,CVE-2021-38185,group-row-11675,train,train
row-11676,CWE-190,cpio,dd96882877721703e19272fe25034560b794061b,CVE-2021-38185,group-row-11675,train,train
row-11677,CWE-190,cpio,dd96882877721703e19272fe25034560b794061b,CVE-2021-38185,group-row-11675,train,train
row-11678,CWE-190,cpio,dd96882877721703e19272fe25034560b794061b,CVE-2021-38185,group-row-11675,train,train
row-11679,CWE-190,cpio,dd96882877721703e19272fe25034560b794061b,CVE-2021-38185,group-row-11675,train,train
row-11680,CWE-190,cpio,dd96882877721703e19272fe25034560b794061b,CVE-2021-38185,group-row-11675,train,train
row-11681,CWE-190,cpio,dd96882877721703e19272fe25034560b794061b,CVE-2021-38185,group-row-11675,train,train
row-11682,CWE-190,cpio,dd96882877721703e19272fe25034560b794061b,CVE-2021-38185,group-row-11675,train,train
row-11683,CWE-190,cpio,dd96882877721703e19272fe25034560b794061b,CVE-2021-38185,group-row-11675,train,train
row-11686,CWE-703,linux,dd99e9f98fbf423ff6d365b37a98e8879170f17c,,group-row-11686,train,validation
row-11687,CWE-703,linux,dd99e9f98fbf423ff6d365b37a98e8879170f17c,,group-row-11686,train,validation
row-11688,CWE-476,linux,60b7ed54a41b550d50caf7f2418db4a7e75b5bdc,,group-row-11688,train,train
row-11693,CWE-416,linux,b5fdf5c6e6bee35837e160c00ac89327bdad031b,,group-row-11693,train,train
row-11694,CWE-416,linux,b5fdf5c6e6bee35837e160c00ac89327bdad031b,,group-row-11693,train,train
row-11695,CWE-416,linux,b5fdf5c6e6bee35837e160c00ac89327bdad031b,,group-row-11693,train,train
row-11697,CWE-476,linux,bddc0c411a45d3718ac535a070f349be8eca8d48,,group-row-11697,train,train
row-11698,CWE-476,linux,bddc0c411a45d3718ac535a070f349be8eca8d48,,group-row-11697,train,train
row-11703,CWE-787,bpf,c4eb1f403243fc7bbb7de644db8587c03de36da6,CVE-2021-38166,group-row-11703,train,validation
row-11707,CWE-787,qtbase,6b400e3147dcfd8cc3a393ace1bd118c93762e0c,CVE-2021-38593,group-row-11707,train,train
row-11712,CWE-416,linux,a58d9166a756a0f4a6618e4f593232593d6df134,CVE-2021-29657,group-row-11712,train,test
row-11713,CWE-416,linux,a58d9166a756a0f4a6618e4f593232593d6df134,CVE-2021-29657,group-row-11712,train,test
row-11714,CWE-416,linux,a58d9166a756a0f4a6618e4f593232593d6df134,CVE-2021-29657,group-row-11712,train,test
row-11715,CWE-200,linux,427215d85e8d1476da1a86b8d67aceb485eb3631,,group-row-11715,train,test
row-11716,CWE-200,linux,427215d85e8d1476da1a86b8d67aceb485eb3631,,group-row-11715,train,test
row-11717,CWE-617,bind9,15996f0cb15631b95a801e3e88928494a69ad6ee,CVE-2021-25218,group-row-11717,train,train
row-11718,CWE-476,krb5,d775c95af7606a51bf79547a94fa52ddd1cb7f49,,group-row-11718,test,train
row-11720,CWE-119,libtpms,ea62fd9679f8c6fc5e79471b33cfbd8227bfed72,CVE-2021-3746,group-row-11720,train,train
row-11721,CWE-22,squashfs-tools,79b5a555058eef4e1e7ff220c344d39f8cd09646,,group-row-11721,train,train
row-11722,CWE-22,squashfs-tools,79b5a555058eef4e1e7ff220c344d39f8cd09646,,group-row-11721,train,train
row-11723,CWE-22,squashfs-tools,79b5a555058eef4e1e7ff220c344d39f8cd09646,,group-row-11721,train,train
row-11724,CWE-22,squashfs-tools,79b5a555058eef4e1e7ff220c344d39f8cd09646,,group-row-11721,train,train
row-11731,CWE-835,wireshark,0137c24d60934f131b25506a88c9464e4dc827de,CVE-2021-22222,group-row-11731,train,train
row-11732,CWE-835,wireshark,0d8be1fb797b3d65f1c2c204da76af8e8de6d3cc,CVE-2021-22222,group-row-11731,train,train
row-11733,CWE-835,wireshark,618661b22e34a59b21117db723d8ff91e064d4ba,CVE-2021-22235,group-row-11733,train,validation
row-11740,CWE-20,ghostpdl,a9bd3dec9fde03327a4a2c69dad1036bf9632e20,CVE-2021-3781,group-row-11740,test,test
row-11741,CWE-20,ghostpdl,a9bd3dec9fde03327a4a2c69dad1036bf9632e20,CVE-2021-3781,group-row-11740,test,test
row-11742,CWE-20,ghostpdl,a9bd3dec9fde03327a4a2c69dad1036bf9632e20,CVE-2021-3781,group-row-11740,test,test
row-11743,CWE-20,ghostpdl,a9bd3dec9fde03327a4a2c69dad1036bf9632e20,CVE-2021-3781,group-row-11740,test,test
row-11744,CWE-20,ghostpdl,a9bd3dec9fde03327a4a2c69dad1036bf9632e20,CVE-2021-3781,group-row-11740,test,test
row-11745,CWE-20,ghostpdl,a9bd3dec9fde03327a4a2c69dad1036bf9632e20,CVE-2021-3781,group-row-11740,test,test
row-11749,CWE-787,libmobi,ab5bf0e37e540eac682a14e628853b918626e72b,,group-row-11749,train,train
row-11751,CWE-416,vim,35a9a00afcb20897d462a766793ff45534810dc3,CVE-2021-3796,group-row-11751,train,validation
row-11757,CWE-476,httpd,fa7b2a5250e54363b3a6c8ac3aaa7de4e8da9b2e,CVE-2021-34798,group-row-11757,train,train
row-11765,CWE-787,linux,19d1532a187669ce86d5a2696eb7275310070793,CVE-2021-42008,group-row-11765,train,train
row-11768,CWE-190,redis,a30d367a71b7017581cf1ca104242a3c644dec0f,CVE-2021-32687,group-row-11768,test,train
row-11769,CWE-190,redis,a30d367a71b7017581cf1ca104242a3c644dec0f,CVE-2021-32687,group-row-11768,test,train
row-11770,CWE-190,redis,a30d367a71b7017581cf1ca104242a3c644dec0f,CVE-2021-32687,group-row-11768,test,train
row-11771,CWE-770,redis,5674b0057ff2903d43eaff802017eddf37c360f8,CVE-2021-32675,group-row-11771,test,train
row-11772,CWE-770,redis,5674b0057ff2903d43eaff802017eddf37c360f8,CVE-2021-32675,group-row-11771,test,train
row-11775,CWE-190,redis,f6a40570fa63d5afdd596c78083d754081d80ae3,CVE-2021-32628,group-row-11775,test,train
row-11776,CWE-190,redis,f6a40570fa63d5afdd596c78083d754081d80ae3,CVE-2021-32628,group-row-11775,test,train
row-11777,CWE-190,redis,f6a40570fa63d5afdd596c78083d754081d80ae3,CVE-2021-32628,group-row-11775,test,train
row-11778,CWE-190,redis,f6a40570fa63d5afdd596c78083d754081d80ae3,CVE-2021-32628,group-row-11775,test,train
row-11779,CWE-190,redis,f6a40570fa63d5afdd596c78083d754081d80ae3,CVE-2021-32628,group-row-11775,test,train
row-11780,CWE-190,redis,f6a40570fa63d5afdd596c78083d754081d80ae3,CVE-2021-32628,group-row-11775,test,train
row-11781,CWE-190,redis,f6a40570fa63d5afdd596c78083d754081d80ae3,CVE-2021-32628,group-row-11775,test,train
row-11782,CWE-190,redis,f6a40570fa63d5afdd596c78083d754081d80ae3,CVE-2021-32628,group-row-11775,test,train
row-11783,CWE-190,redis,f6a40570fa63d5afdd596c78083d754081d80ae3,CVE-2021-32628,group-row-11775,test,train
row-11784,CWE-190,redis,f6a40570fa63d5afdd596c78083d754081d80ae3,CVE-2021-32628,group-row-11775,test,train
row-11785,CWE-190,redis,f6a40570fa63d5afdd596c78083d754081d80ae3,CVE-2021-32628,group-row-11775,test,train
row-11786,CWE-190,redis,f6a40570fa63d5afdd596c78083d754081d80ae3,CVE-2021-32628,group-row-11775,test,train
row-11787,CWE-190,redis,f6a40570fa63d5afdd596c78083d754081d80ae3,CVE-2021-32628,group-row-11775,test,train
row-11788,CWE-190,redis,f6a40570fa63d5afdd596c78083d754081d80ae3,CVE-2021-32628,group-row-11775,test,train
row-11789,CWE-190,redis,f6a40570fa63d5afdd596c78083d754081d80ae3,CVE-2021-32628,group-row-11775,test,train
row-11790,CWE-190,redis,f6a40570fa63d5afdd596c78083d754081d80ae3,CVE-2021-32628,group-row-11775,test,train
row-11791,CWE-190,redis,f6a40570fa63d5afdd596c78083d754081d80ae3,CVE-2021-32628,group-row-11775,test,train
row-11792,CWE-190,redis,f6a40570fa63d5afdd596c78083d754081d80ae3,CVE-2021-32628,group-row-11775,test,train
row-11793,CWE-190,redis,f6a40570fa63d5afdd596c78083d754081d80ae3,CVE-2021-32628,group-row-11775,test,train
row-11794,CWE-190,redis,f6a40570fa63d5afdd596c78083d754081d80ae3,CVE-2021-32628,group-row-11775,test,train
row-11795,CWE-190,redis,f6a40570fa63d5afdd596c78083d754081d80ae3,CVE-2021-32628,group-row-11775,test,train
row-11796,CWE-787,redis,666ed7facf4524bf6d19b11b20faa2cf93fdf591,CVE-2021-32626,group-row-11796,test,train
row-11797,CWE-787,redis,666ed7facf4524bf6d19b11b20faa2cf93fdf591,CVE-2021-32626,group-row-11796,test,train
row-11798,CWE-787,redis,666ed7facf4524bf6d19b11b20faa2cf93fdf591,CVE-2021-32626,group-row-11796,test,train
row-11799,CWE-787,redis,666ed7facf4524bf6d19b11b20faa2cf93fdf591,CVE-2021-32626,group-row-11796,test,train
row-11800,CWE-190,redis,24cc0b984d4ed5045c6ff125b0e619b6ce5ea9c6,CVE-2021-41099,group-row-11800,test,train
row-11801,CWE-476,heimdal,04171147948d0a3636bc6374181926f0fb2ec83a,CVE-2021-3671,group-row-11801,train,test
row-11803,CWE-125,linux,1f3e2e97c003f80c4b087092b225c8787ff91e4d,CVE-2021-43389,group-row-11803,train,train
row-11808,CWE-787,stb,5ba0baaa269b3fd681828e0e3b3ac0f1472eaf40,CVE-2021-28021,group-row-11808,train,train
row-11810,CWE-190,linux,b86dab054059b970111b5516ae548efaae5b3aae,CVE-2020-13974,group-row-11810,train,train
row-11811,CWE-190,linux,b86dab054059b970111b5516ae548efaae5b3aae,CVE-2020-13974,group-row-11810,train,train
row-11812,CWE-119,libmobi,c78e186739b50d156cb3da5d08d70294f0490853,CVE-2021-3888,group-row-11812,train,train
row-11813,CWE-787,php-src,fadb1f8c1d08ae62b4f0a16917040fde57a3b93b,CVE-2021-21703,group-row-11813,validation,train
row-11814,CWE-787,php-src,fadb1f8c1d08ae62b4f0a16917040fde57a3b93b,CVE-2021-21703,group-row-11813,validation,train
row-11815,CWE-787,php-src,fadb1f8c1d08ae62b4f0a16917040fde57a3b93b,CVE-2021-21703,group-row-11813,validation,train
row-11816,CWE-787,php-src,fadb1f8c1d08ae62b4f0a16917040fde57a3b93b,CVE-2021-21703,group-row-11813,validation,train
row-11817,CWE-787,php-src,fadb1f8c1d08ae62b4f0a16917040fde57a3b93b,CVE-2021-21703,group-row-11813,validation,train
row-11818,CWE-787,php-src,fadb1f8c1d08ae62b4f0a16917040fde57a3b93b,CVE-2021-21703,group-row-11813,validation,train
row-11819,CWE-787,php-src,fadb1f8c1d08ae62b4f0a16917040fde57a3b93b,CVE-2021-21703,group-row-11813,validation,train
row-11820,CWE-787,php-src,fadb1f8c1d08ae62b4f0a16917040fde57a3b93b,CVE-2021-21703,group-row-11813,validation,train
row-11821,CWE-787,php-src,fadb1f8c1d08ae62b4f0a16917040fde57a3b93b,CVE-2021-21703,group-row-11813,validation,train
row-11822,CWE-787,php-src,fadb1f8c1d08ae62b4f0a16917040fde57a3b93b,CVE-2021-21703,group-row-11813,validation,train
row-11823,CWE-787,php-src,fadb1f8c1d08ae62b4f0a16917040fde57a3b93b,CVE-2021-21703,group-row-11813,validation,train
row-11824,CWE-787,php-src,fadb1f8c1d08ae62b4f0a16917040fde57a3b93b,CVE-2021-21703,group-row-11813,validation,train
row-11825,CWE-787,php-src,fadb1f8c1d08ae62b4f0a16917040fde57a3b93b,CVE-2021-21703,group-row-11813,validation,train
row-11826,CWE-787,php-src,fadb1f8c1d08ae62b4f0a16917040fde57a3b93b,CVE-2021-21703,group-row-11813,validation,train
row-11828,CWE-416,linux,a3727a8bac0a9e77c70820655fd8715523ba3db7,CVE-2021-43057,group-row-11828,train,train
row-11829,CWE-416,linux,a3727a8bac0a9e77c70820655fd8715523ba3db7,CVE-2021-43057,group-row-11828,train,train
row-11830,CWE-416,linux,a3727a8bac0a9e77c70820655fd8715523ba3db7,CVE-2021-43057,group-row-11828,train,train
row-11831,CWE-416,linux,a3727a8bac0a9e77c70820655fd8715523ba3db7,CVE-2021-43057,group-row-11828,train,train
row-11832,CWE-787,libmysofa,890400ebd092c574707d0c132124f8ff047e20e1,CVE-2021-3756,group-row-11832,train,train
row-11833,CWE-401,ovs,803ed12e31b0377c37d7aa8c94b3b92f2081e349,,group-row-11833,train,train
row-11834,CWE-190,openexr,5db6f7aee79e3e75e8c3780b18b28699614dd08e,CVE-2021-3933,group-row-11834,test,train
row-11836,CWE-20,linux,fa40d9734a57bcbfa79a280189799f76c88f7bb0,CVE-2021-43267,group-row-11836,train,train
row-11837,CWE-416,bluez,838c0dc7641e1c991c0f3027bf94bee4606012f8,CVE-2021-43400,group-row-11837,train,train
row-11838,CWE-416,bluez,838c0dc7641e1c991c0f3027bf94bee4606012f8,CVE-2021-43400,group-row-11837,train,train
row-11839,CWE-416,bluez,838c0dc7641e1c991c0f3027bf94bee4606012f8,CVE-2021-43400,group-row-11837,train,train
row-11840,CWE-416,bluez,838c0dc7641e1c991c0f3027bf94bee4606012f8,CVE-2021-43400,group-row-11837,train,train
row-11841,CWE-416,bluez,838c0dc7641e1c991c0f3027bf94bee4606012f8,CVE-2021-43400,group-row-11837,train,train
row-11842,CWE-416,bluez,838c0dc7641e1c991c0f3027bf94bee4606012f8,CVE-2021-43400,group-row-11837,train,train
row-11843,CWE-416,bluez,838c0dc7641e1c991c0f3027bf94bee4606012f8,CVE-2021-43400,group-row-11837,train,train
row-11844,CWE-416,bluez,838c0dc7641e1c991c0f3027bf94bee4606012f8,CVE-2021-43400,group-row-11837,train,train
row-11845,CWE-416,bluez,838c0dc7641e1c991c0f3027bf94bee4606012f8,CVE-2021-43400,group-row-11837,train,train
row-11846,CWE-416,bluez,838c0dc7641e1c991c0f3027bf94bee4606012f8,CVE-2021-43400,group-row-11837,train,train
row-11847,CWE-416,bluez,838c0dc7641e1c991c0f3027bf94bee4606012f8,CVE-2021-43400,group-row-11837,train,train
row-11848,CWE-416,bluez,838c0dc7641e1c991c0f3027bf94bee4606012f8,CVE-2021-43400,group-row-11837,train,train
row-11849,CWE-416,bluez,838c0dc7641e1c991c0f3027bf94bee4606012f8,CVE-2021-43400,group-row-11837,train,train
row-11855,CWE-416,ImageMagick,82775af03bbb10a0a1d0e15c0156c75673b4525e,CVE-2021-3962,group-row-11855,train,train
row-11860,CWE-59,libarchive,e2ad1a2c3064fa9eba6274b3641c4c1beed25c0b,CVE-2021-31566,group-row-11860,train,train
row-11861,CWE-59,libarchive,e2ad1a2c3064fa9eba6274b3641c4c1beed25c0b,CVE-2021-31566,group-row-11860,train,train
row-11862,CWE-59,libarchive,e2ad1a2c3064fa9eba6274b3641c4c1beed25c0b,CVE-2021-31566,group-row-11860,train,train
row-11863,CWE-59,libarchive,8a1bd5c18e896f0411a991240ce0d772bb02c840,CVE-2021-31566,group-row-11860,train,train
row-11864,CWE-59,libarchive,8a1bd5c18e896f0411a991240ce0d772bb02c840,CVE-2021-31566,group-row-11860,train,train
row-11865,CWE-59,libarchive,8a1bd5c18e896f0411a991240ce0d772bb02c840,CVE-2021-31566,group-row-11860,train,train
row-11866,CWE-59,libarchive,ede459d2ebb879f5eedb6f7abea203be0b334230,CVE-2021-31566,group-row-11860,train,train
row-11867,CWE-59,libarchive,ede459d2ebb879f5eedb6f7abea203be0b334230,CVE-2021-31566,group-row-11860,train,train
row-11868,CWE-59,libarchive,ede459d2ebb879f5eedb6f7abea203be0b334230,CVE-2021-31566,group-row-11860,train,train
row-11876,CWE-416,libvirt,1ac703a7d0789e46833f4013a3876c2e3af18ec7,CVE-2021-3975,group-row-11876,train,train
row-11888,CWE-787,net,b922f622592af76b57cbc566eaeccda0b31a3496,CVE-2021-43975,group-row-11888,train,train
row-11893,CWE-416,vim,64066b9acd9f8cffdf4840f797748f938a13f2d6,CVE-2021-3974,group-row-11893,train,train
row-11928,CWE-787,polkit,a2bf5c9c83b6ae46cbd5c779d3055bff81ded683,CVE-2021-4034,group-row-11928,train,train
row-11929,CWE-787,polkit,a2bf5c9c83b6ae46cbd5c779d3055bff81ded683,CVE-2021-4034,group-row-11928,train,train
row-11934,CWE-617,mongo,f3604b901d688c194de5e430c7fbab060c9dc8e0,CVE-2021-32037,group-row-11934,validation,train
row-11935,CWE-617,mongo,a5e2f9b0a236462a6d1ca129583c617f111367b4,CVE-2021-32037,group-row-11934,validation,train
row-11953,CWE-416,vim,e031fe90cf2e375ce861ff5e5e281e4ad229ebb9,,group-row-11953,train,train
row-11955,CWE-415,389-ds-base,a3c298f8140d3e4fa1bd5a670f1bb965a21a9b7b,CVE-2021-4091,group-row-11955,train,train
row-11956,CWE-415,389-ds-base,a3c298f8140d3e4fa1bd5a670f1bb965a21a9b7b,CVE-2021-4091,group-row-11955,train,train
row-11957,CWE-120,linux,050fad7c4534c13c8eb1d9c2ba66012e014773cb,CVE-2018-25020,group-row-11957,train,train
row-11958,CWE-120,linux,050fad7c4534c13c8eb1d9c2ba66012e014773cb,CVE-2018-25020,group-row-11957,train,train
row-11959,CWE-120,linux,050fad7c4534c13c8eb1d9c2ba66012e014773cb,CVE-2018-25020,group-row-11957,train,train
row-11960,CWE-476,linux,55749769fe608fa3f4a075e42e89d237c8e37637,CVE-2021-4095,group-row-11960,train,train
row-11961,CWE-476,linux,55749769fe608fa3f4a075e42e89d237c8e37637,CVE-2021-4095,group-row-11960,train,train
row-11962,CWE-416,linux,77f4689de17c0887775bb77896f4cc11a39bf848,CVE-2021-1048,group-row-11962,train,train
row-11979,CWE-787,rizin,aa6917772d2f32e5a7daab25a46c72df0b5ea406,CVE-2021-43814,group-row-11979,train,train
row-11980,CWE-787,rizin,aa6917772d2f32e5a7daab25a46c72df0b5ea406,CVE-2021-43814,group-row-11979,train,train
row-11998,CWE-416,linux,3b0462726e7ef281c35a7a4ae33e93ee2bc9975b,,group-row-11998,train,train
row-11999,CWE-476,qemu,66fed30c9cd11854fc878a4eceb507e915d7c9cd,CVE-2021-4145,group-row-11999,train,train
row-12001,CWE-20,mongo,cbec187266a9f902b3906ae8ccef2bbda0c5b27b,CVE-2021-20330,group-row-12001,validation,train
row-12002,CWE-20,mongo,cbec187266a9f902b3906ae8ccef2bbda0c5b27b,CVE-2021-20330,group-row-12001,validation,train
row-12003,CWE-20,mongo,865eccaf35aca29d1b71764d50227cdf853752d0,CVE-2021-20330,group-row-12001,validation,train
row-12005,CWE-125,pjproject,8b621f192cae14456ee0b0ade52ce6c6f258af1e,CVE-2021-43804,group-row-12005,train,test
row-12006,CWE-200,net,bcd0f93353326954817a4f9fa55ec57fb38acbb0,CVE-2021-45095,group-row-12006,train,train
row-12012,CWE-416,vim,9c23f9bb5fe435b28245ba8ac65aa0ca6b902c04,,group-row-12012,train,train
row-12013,CWE-416,vim,9c23f9bb5fe435b28245ba8ac65aa0ca6b902c04,,group-row-12012,train,train
row-12014,CWE-416,vim,9c23f9bb5fe435b28245ba8ac65aa0ca6b902c04,,group-row-12012,train,train
row-12015,CWE-416,vim,9c23f9bb5fe435b28245ba8ac65aa0ca6b902c04,,group-row-12012,train,train
row-12016,CWE-416,vim,9c23f9bb5fe435b28245ba8ac65aa0ca6b902c04,,group-row-12012,train,train
row-12017,CWE-416,vim,9c23f9bb5fe435b28245ba8ac65aa0ca6b902c04,,group-row-12012,train,train
row-12018,CWE-416,vim,9c23f9bb5fe435b28245ba8ac65aa0ca6b902c04,,group-row-12012,train,train
row-12019,CWE-401,linux,5f9562ebe710c307adc5f666bf1a2162ee7977c0,CVE-2021-45480,group-row-12019,train,train
row-12034,CWE-787,virglrenderer,95e581fd181b213c2ed7cdc63f2abc03eaaa77ec,CVE-2022-0135,group-row-12034,train,train
row-12035,CWE-787,virglrenderer,95e581fd181b213c2ed7cdc63f2abc03eaaa77ec,CVE-2022-0135,group-row-12034,train,train
row-12046,CWE-416,vim,4c13e5e6763c6eb36a343a2b8235ea227202e952,,group-row-12046,train,train
row-12051,CWE-416,vim,9f1a39a5d1cd7989ada2d1cb32f97d84360e050f,,group-row-12051,train,train
row-12052,CWE-416,vim,9f1a39a5d1cd7989ada2d1cb32f97d84360e050f,,group-row-12051,train,train
row-12053,CWE-416,vim,9f1a39a5d1cd7989ada2d1cb32f97d84360e050f,,group-row-12051,train,train
row-12054,CWE-416,vim,9f1a39a5d1cd7989ada2d1cb32f97d84360e050f,,group-row-12051,train,train
row-12055,CWE-416,vim,9f1a39a5d1cd7989ada2d1cb32f97d84360e050f,,group-row-12051,train,train
row-12056,CWE-416,vim,9f1a39a5d1cd7989ada2d1cb32f97d84360e050f,,group-row-12051,train,train
row-12057,CWE-416,vim,9f1a39a5d1cd7989ada2d1cb32f97d84360e050f,,group-row-12051,train,train
row-12058,CWE-416,vim,9f1a39a5d1cd7989ada2d1cb32f97d84360e050f,,group-row-12051,train,train
row-12059,CWE-416,vim,9f1a39a5d1cd7989ada2d1cb32f97d84360e050f,,group-row-12051,train,train
row-12060,CWE-416,vim,9f1a39a5d1cd7989ada2d1cb32f97d84360e050f,,group-row-12051,train,train
row-12061,CWE-416,vim,9f1a39a5d1cd7989ada2d1cb32f97d84360e050f,,group-row-12051,train,train
row-12062,CWE-416,vim,9f1a39a5d1cd7989ada2d1cb32f97d84360e050f,,group-row-12051,train,train
row-12063,CWE-416,vim,9f1a39a5d1cd7989ada2d1cb32f97d84360e050f,,group-row-12051,train,train
row-12064,CWE-416,vim,143367256836b0f69881dc0c65ff165ae091dbc5,CVE-2022-0156,group-row-12064,train,train
row-12069,CWE-787,linux,722d94847de29310e8aa03fcbdb41fc92c521756,,group-row-12069,train,train
row-12072,CWE-787,aide,175d1f2626f4500b4fc5ecb7167bba9956b174bc,CVE-2021-45417,group-row-12072,train,train
row-12073,CWE-787,aide,175d1f2626f4500b4fc5ecb7167bba9956b174bc,CVE-2021-45417,group-row-12072,train,train
row-12074,CWE-787,aide,175d1f2626f4500b4fc5ecb7167bba9956b174bc,CVE-2021-45417,group-row-12072,train,train
row-12076,CWE-787,gerbv,672214abb47a802fc000125996e6e0a46c623a4e,CVE-2021-40391,group-row-12076,train,train
row-12083,CWE-476,gnutls,3db352734472d851318944db13be73da61300568,CVE-2021-4209,group-row-12083,test,validation
row-12084,CWE-125,ldns,15d96206996bea969fbc918eb0a4a346f514b9f3,CVE-2020-19860,group-row-12084,train,validation
row-12085,CWE-416,linux,42933c8aa14be1caa9eda41f65cde8a3a95d3e39,CVE-2022-0487,group-row-12085,train,train
row-12086,CWE-416,linux,42933c8aa14be1caa9eda41f65cde8a3a95d3e39,CVE-2022-0487,group-row-12085,train,train
row-12090,CWE-125,vim,d3a117814d6acbf0dca3eff1a7626843b9b3734a,,group-row-12090,train,train
row-12091,CWE-125,vim,d3a117814d6acbf0dca3eff1a7626843b9b3734a,,group-row-12090,train,train
row-12093,CWE-125,ImageMagick,e50f19fd73c792ebe912df8ab83aa51a243a3da7,CVE-2022-0284,group-row-12093,train,train
row-12097,CWE-787,openexr,7d0ef6617f5b5622276458cc5a21d8b859ca7c5b,CVE-2021-45942,group-row-12097,test,test
row-12098,CWE-415,linux,ec6af094ea28f0f2dda1a6a33b14cd57e36a9755,CVE-2021-22600,group-row-12098,train,train
row-12100,CWE-416,linux,f9d87929d451d3e649699d0f1d74f71f77ad38f5,CVE-2022-24122,group-row-12100,train,train
row-12101,CWE-416,linux,f9d87929d451d3e649699d0f1d74f71f77ad38f5,CVE-2022-24122,group-row-12100,train,train
row-12103,CWE-416,vim,37f47958b8a2a44abc60614271d9537e7f14e51a,,group-row-12103,train,test
row-12105,CWE-125,vim,a4bc2dd7cccf5a4a9f78b58b6f35a45d17164323,,group-row-12105,train,train
row-12114,CWE-416,vim,9b4a80a66544f2782040b641498754bcb5b8d461,,group-row-12114,train,train
row-12115,CWE-416,vim,9b4a80a66544f2782040b641498754bcb5b8d461,,group-row-12114,train,train
row-12116,CWE-787,jhead,5186ddcf9e35a7aa0ff0539489a930434a1325f4,CVE-2020-26208,group-row-12116,train,train
row-12117,CWE-787,jhead,5186ddcf9e35a7aa0ff0539489a930434a1325f4,CVE-2020-26208,group-row-12116,train,train
row-12125,CWE-125,pjproject,22af44e68a0c7d190ac1e25075e1382f77e9397a,CVE-2022-21722,group-row-12125,train,train
row-12126,CWE-125,pjproject,22af44e68a0c7d190ac1e25075e1382f77e9397a,CVE-2022-21722,group-row-12125,train,train
row-12127,CWE-125,pjproject,22af44e68a0c7d190ac1e25075e1382f77e9397a,CVE-2022-21722,group-row-12125,train,train
row-12128,CWE-125,pjproject,22af44e68a0c7d190ac1e25075e1382f77e9397a,CVE-2022-21722,group-row-12125,train,train
row-12129,CWE-125,pjproject,22af44e68a0c7d190ac1e25075e1382f77e9397a,CVE-2022-21722,group-row-12125,train,train
row-12130,CWE-125,pjproject,077b465c33f0aec05a49cd2ca456f9a1b112e896,CVE-2022-21723,group-row-12130,train,train
row-12131,CWE-476,radare2,feaa4e7f7399c51ee6f52deb84dc3f795b4035d6,CVE-2022-0419,group-row-12131,train,train
row-12135,CWE-190,iipsrv,4ed59265fbbd636dc2fbbf325f8ea37ed300a6d9,CVE-2021-46389,group-row-12135,train,train
row-12136,CWE-190,iipsrv,4ed59265fbbd636dc2fbbf325f8ea37ed300a6d9,CVE-2021-46389,group-row-12135,train,train
row-12137,CWE-190,iipsrv,882925b295a80ec992063deffc2a3b0d803c3195,CVE-2021-46389,group-row-12135,train,train
row-12138,CWE-190,iipsrv,882925b295a80ec992063deffc2a3b0d803c3195,CVE-2021-46389,group-row-12135,train,train
row-12139,CWE-190,iipsrv,882925b295a80ec992063deffc2a3b0d803c3195,CVE-2021-46389,group-row-12135,train,train
row-12140,CWE-190,iipsrv,882925b295a80ec992063deffc2a3b0d803c3195,CVE-2021-46389,group-row-12135,train,train
row-12141,CWE-190,iipsrv,882925b295a80ec992063deffc2a3b0d803c3195,CVE-2021-46389,group-row-12135,train,train
row-12142,CWE-190,iipsrv,882925b295a80ec992063deffc2a3b0d803c3195,CVE-2021-46389,group-row-12135,train,train
row-12163,CWE-401,linux,29eb31542787e1019208a2e1047bb7c76c069536,CVE-2022-24959,group-row-12163,train,train
row-12164,CWE-476,linux,7fc3b7c2981bbd1047916ade327beccb90994eee,CVE-2022-0617,group-row-12164,train,train
row-12165,CWE-476,linux,ea8569194b43f0f01f0a84c689388542c7254a1f,CVE-2022-0617,group-row-12164,train,train
row-12167,CWE-787,vim,6e28703a8e41f775f64e442c5d11ce1ff599aa3f,,group-row-12167,train,validation
row-12168,CWE-415,shapelib,c75b9281a5b9452d92e1682bdfe6019a13ed819f,CVE-2022-0699,group-row-12168,train,train
row-12187,CWE-787,radare2,9650e3c352f675687bf6c6f65ff2c4a3d0e288fa,CVE-2022-0518,group-row-12187,train,train
row-12188,CWE-416,radare2,8525ad0b9fd596f4b251bb3d7b114e6dc7ce1ee8,CVE-2022-0520,group-row-12188,train,validation
row-12193,CWE-416,radare2,b5cb90b28ec71fda3504da04e3cc94a362807f5e,CVE-2022-0559,group-row-12193,train,train
row-12194,CWE-416,radare2,b5cb90b28ec71fda3504da04e3cc94a362807f5e,CVE-2022-0559,group-row-12193,train,train
row-12195,CWE-476,linux,75e5b4849b81e19e9efe1654b30d7f3151c33c2c,CVE-2022-25258,group-row-12195,train,train
row-12197,CWE-703,dpdk,af74f7db384ed149fe42b21dbd7975f8a54ef227,,group-row-12197,train,train
row-12198,CWE-703,dpdk,af74f7db384ed149fe42b21dbd7975f8a54ef227,,group-row-12197,train,train
row-12202,CWE-190,libexpat,eb0362808b4f9f1e2345a0cf203b8cc196d776d9,CVE-2022-25315,group-row-12202,train,train
row-12205,CWE-416,linux,b2f37aead1b82a770c48b5d583f35ec22aabb61e,CVE-2022-1195,group-row-12205,train,train
row-12206,CWE-416,linux,81b1d548d00bcd028303c4f3150fa753b9b8aa71,CVE-2022-1195,group-row-12205,train,train
row-12207,CWE-416,linux,0b9111922b1f399aba6ed1e1b8f2079c3da1aed8,CVE-2022-1195,group-row-12205,train,train
row-12208,CWE-416,linux,3e0588c291d6ce225f2b891753ca41d45ba42469,CVE-2022-1195,group-row-12205,train,train
row-12209,CWE-125,swtpm,9f740868fc36761de27df3935513bdebf8852d19,,group-row-12209,train,train
row-12210,CWE-787,radare2,c84b7232626badd075caf3ae29661b609164bac6,,group-row-12210,train,train
row-12211,CWE-787,radare2,c84b7232626badd075caf3ae29661b609164bac6,,group-row-12210,train,train
row-12212,CWE-787,radare2,c84b7232626badd075caf3ae29661b609164bac6,,group-row-12210,train,train
row-12213,CWE-476,vim,0f6e28f686dbb59ab3b562408ab9b2234797b9b1,CVE-2022-0696,group-row-12213,train,train
row-12214,CWE-476,vim,0f6e28f686dbb59ab3b562408ab9b2234797b9b1,CVE-2022-0696,group-row-12213,train,train
row-12215,CWE-476,vim,0f6e28f686dbb59ab3b562408ab9b2234797b9b1,CVE-2022-0696,group-row-12213,train,train
row-12216,CWE-476,vim,0f6e28f686dbb59ab3b562408ab9b2234797b9b1,CVE-2022-0696,group-row-12213,train,train
row-12217,CWE-476,vim,0f6e28f686dbb59ab3b562408ab9b2234797b9b1,CVE-2022-0696,group-row-12213,train,train
row-12218,CWE-476,vim,0f6e28f686dbb59ab3b562408ab9b2234797b9b1,CVE-2022-0696,group-row-12213,train,train
row-12219,CWE-476,vim,0f6e28f686dbb59ab3b562408ab9b2234797b9b1,CVE-2022-0696,group-row-12213,train,train
row-12220,CWE-476,vim,0f6e28f686dbb59ab3b562408ab9b2234797b9b1,CVE-2022-0696,group-row-12213,train,train
row-12222,CWE-416,libxml2,652dd12a858989b14eed4e84e453059cd3ba340e,CVE-2022-23308,group-row-12222,test,train
row-12223,CWE-416,libxml2,652dd12a858989b14eed4e84e453059cd3ba340e,CVE-2022-23308,group-row-12222,test,train
row-12224,CWE-416,libxml2,652dd12a858989b14eed4e84e453059cd3ba340e,CVE-2022-23308,group-row-12222,test,train
row-12225,CWE-416,libxml2,652dd12a858989b14eed4e84e453059cd3ba340e,CVE-2022-23308,group-row-12222,test,train
row-12226,CWE-416,libxml2,652dd12a858989b14eed4e84e453059cd3ba340e,CVE-2022-23308,group-row-12222,test,train
row-12227,CWE-476,radare2,515e592b9bea0612bc63d8e93239ff35bcf645c7,,group-row-12227,train,train
row-12229,CWE-416,pjproject,db3235953baa56d2fb0e276ca510fefca751643f,CVE-2022-23608,group-row-12229,train,train
row-12230,CWE-416,pjproject,db3235953baa56d2fb0e276ca510fefca751643f,CVE-2022-23608,group-row-12229,train,train
row-12235,CWE-787,flac,e1575e4a7c5157cbf4e4a16dbd39b74f7174c7be,,group-row-12235,train,train
row-12264,CWE-416,radare2,10517e3ff0e609697eb8cde60ec8dc999ee5ea24,,group-row-12264,train,train
row-12265,CWE-787,linux,ebe48d368e97d007bfeb76fcb065d6cfc4c96645,CVE-2022-27666,group-row-12265,train,train
row-12266,CWE-787,linux,ebe48d368e97d007bfeb76fcb065d6cfc4c96645,CVE-2022-27666,group-row-12265,train,train
row-12275,CWE-120,linux,4fbcc1a4cb20fe26ad0225679c536c80f1648221,CVE-2022-26490,group-row-12275,train,train
row-12276,CWE-125,WavPack,773f9d0803c6888ae7d5391878d7337f24216f4a,,group-row-12276,train,train
row-12277,CWE-125,WavPack,773f9d0803c6888ae7d5391878d7337f24216f4a,,group-row-12276,train,train
row-12280,CWE-416,linux,9bf3d20331295b1ecb81f4ed9ef358c51699a050,CVE-2021-45868,group-row-12280,train,test
row-12281,CWE-416,linux,9bf3d20331295b1ecb81f4ed9ef358c51699a050,CVE-2021-45868,group-row-12280,train,test
row-12282,CWE-703,swaylock,1d1c75b6316d21933069a9d201f966d84099f6ca,,group-row-12282,train,train
row-12283,CWE-703,swaylock,1d1c75b6316d21933069a9d201f966d84099f6ca,,group-row-12282,train,train
row-12284,CWE-703,swaylock,1d1c75b6316d21933069a9d201f966d84099f6ca,,group-row-12282,train,train
row-12285,CWE-703,swaylock,1d1c75b6316d21933069a9d201f966d84099f6ca,,group-row-12282,train,train
row-12286,CWE-416,radare2,a7ce29647fcb38386d7439696375e16e093d6acb,,group-row-12286,train,train
row-12289,CWE-787,linux,57bc3d3ae8c14df3ceb4e17d26ddf9eeab304581,CVE-2022-2964,group-row-12289,train,train
row-12304,CWE-20,linux,63e39d29b3da02e901349f6cd71159818a4737a6,CVE-2021-33098,group-row-12304,train,train
row-12305,CWE-20,linux,63e39d29b3da02e901349f6cd71159818a4737a6,CVE-2021-33098,group-row-12304,train,train
row-12306,CWE-787,radare2,d4ce40b516ffd70cf2e9e36832d8de139117d522,,group-row-12306,train,train
row-12308,CWE-476,linux,7ec37d1cbe17d8189d9562178d8b29167fe1c31a,,group-row-12308,train,train
row-12309,CWE-476,linux,00b5f37189d24ac3ed46cb7f11742094778c46ce,,group-row-12309,train,train
row-12310,CWE-476,linux,b1e34d325397a33d97d845e312d7cf2a8b646b44,,group-row-12310,train,test
row-12311,CWE-476,linux,b1e34d325397a33d97d845e312d7cf2a8b646b44,,group-row-12310,train,test
row-12312,CWE-476,linux,b1e34d325397a33d97d845e312d7cf2a8b646b44,,group-row-12310,train,test
row-12313,CWE-416,linux,2a8859f373b0a86f0ece8ec8312607eacf12485d,CVE-2022-1158,group-row-12313,train,validation
row-12314,CWE-416,linux,f122dfe4476890d60b8c679128cd2259ec96a24c,CVE-2022-1158,group-row-12313,train,validation
row-12315,CWE-416,linux,f122dfe4476890d60b8c679128cd2259ec96a24c,CVE-2022-1158,group-row-12313,train,validation
row-12316,CWE-416,linux,04c2a47ffb13c29778e2a14e414ad4cb5a5db4b5,,group-row-12316,train,validation
row-12317,CWE-416,linux,04c2a47ffb13c29778e2a14e414ad4cb5a5db4b5,,group-row-12316,train,validation
row-12320,CWE-476,linux,4e0f718daf97d47cf7dec122da1be970f145c809,CVE-2022-1199,group-row-12320,train,validation
row-12321,CWE-476,linux,71171ac8eb34ce7fe6b3267dce27c313ab3cb3ac,CVE-2022-1199,group-row-12320,train,validation
row-12322,CWE-476,linux,7ec02f5ac8a5be5a3f20611731243dc5e1d9ba10,CVE-2022-1199,group-row-12320,train,validation
row-12323,CWE-476,linux,fc6d01ff9ef03b66d4a3a23b46fc3c3d8cf92009,CVE-2022-1205,group-row-12323,train,train
row-12324,CWE-476,linux,fc6d01ff9ef03b66d4a3a23b46fc3c3d8cf92009,CVE-2022-1205,group-row-12323,train,train
row-12325,CWE-476,linux,82e31755e55fbcea6a9dfaae5fe4860ade17cbc0,CVE-2022-1205,group-row-12323,train,train
row-12326,CWE-416,linux,d01ffb9eee4af165d83b08dd73ebdf9fe94a519b,CVE-2022-1204,group-row-12326,train,train
row-12327,CWE-416,linux,d01ffb9eee4af165d83b08dd73ebdf9fe94a519b,CVE-2022-1204,group-row-12326,train,train
row-12328,CWE-416,linux,d01ffb9eee4af165d83b08dd73ebdf9fe94a519b,CVE-2022-1204,group-row-12326,train,train
row-12329,CWE-416,linux,d01ffb9eee4af165d83b08dd73ebdf9fe94a519b,CVE-2022-1204,group-row-12326,train,train
row-12330,CWE-416,linux,d01ffb9eee4af165d83b08dd73ebdf9fe94a519b,CVE-2022-1204,group-row-12326,train,train
row-12331,CWE-416,linux,d01ffb9eee4af165d83b08dd73ebdf9fe94a519b,CVE-2022-1204,group-row-12326,train,train
row-12332,CWE-416,linux,d01ffb9eee4af165d83b08dd73ebdf9fe94a519b,CVE-2022-1204,group-row-12326,train,train
row-12333,CWE-416,linux,d01ffb9eee4af165d83b08dd73ebdf9fe94a519b,CVE-2022-1204,group-row-12326,train,train
row-12334,CWE-416,linux,d01ffb9eee4af165d83b08dd73ebdf9fe94a519b,CVE-2022-1204,group-row-12326,train,train
row-12335,CWE-416,linux,87563a043cef044fed5db7967a75741cc16ad2b1,CVE-2022-1204,group-row-12326,train,train
row-12336,CWE-416,linux,87563a043cef044fed5db7967a75741cc16ad2b1,CVE-2022-1204,group-row-12326,train,train
row-12337,CWE-416,linux,87563a043cef044fed5db7967a75741cc16ad2b1,CVE-2022-1204,group-row-12326,train,train
row-12338,CWE-416,linux,87563a043cef044fed5db7967a75741cc16ad2b1,CVE-2022-1204,group-row-12326,train,train
row-12339,CWE-416,linux,87563a043cef044fed5db7967a75741cc16ad2b1,CVE-2022-1204,group-row-12326,train,train
row-12340,CWE-416,linux,87563a043cef044fed5db7967a75741cc16ad2b1,CVE-2022-1204,group-row-12326,train,train
row-12341,CWE-416,linux,87563a043cef044fed5db7967a75741cc16ad2b1,CVE-2022-1204,group-row-12326,train,train
row-12342,CWE-416,linux,87563a043cef044fed5db7967a75741cc16ad2b1,CVE-2022-1204,group-row-12326,train,train
row-12343,CWE-416,linux,feef318c855a361a1eccd880f33e88c460eb63b4,CVE-2022-1204,group-row-12326,train,train
row-12344,CWE-416,linux,feef318c855a361a1eccd880f33e88c460eb63b4,CVE-2022-1204,group-row-12326,train,train
row-12345,CWE-416,linux,9fd75b66b8f68498454d685dc4ba13192ae069b0,CVE-2022-1204,group-row-12326,train,train
row-12346,CWE-416,linux,9fd75b66b8f68498454d685dc4ba13192ae069b0,CVE-2022-1204,group-row-12326,train,train
row-12347,CWE-416,linux,5352a761308397a0e6250fdc629bb3f615b94747,CVE-2022-1204,group-row-12326,train,train
row-12349,CWE-476,linux,5593473a1e6c743764b08e3b6071cb43b5cfa6c4,,group-row-12349,train,train
row-12350,CWE-416,vim,b55986c52d4cd88a22d0b0b0e8a79547ba13e1d5,CVE-2022-1154,group-row-12350,train,train
row-12351,CWE-415,linux,c70222752228a62135cee3409dccefd494a24646,,group-row-12351,train,train
row-12352,CWE-415,linux,04c9b00ba83594a29813d6b1fb8fdc93a3915174,,group-row-12352,train,train
row-12353,CWE-415,linux,3d3925ff6433f98992685a9679613a2cc97f3ce2,,group-row-12353,train,train
row-12354,CWE-125,lua,1f3c6f4534c6411313361697d98d1145a1f030fa,CVE-2022-28805,group-row-12354,train,train
row-12355,CWE-476,radare2,18d1d064bf599a255d55f09fca3104776fc34a67,,group-row-12355,train,train
row-12356,CWE-476,radare2,18d1d064bf599a255d55f09fca3104776fc34a67,,group-row-12355,train,train
row-12357,CWE-416,linux,cc16eecae687912238ee6efbff71ad31e2bc414e,,group-row-12357,train,train
row-12358,CWE-416,linux,cc16eecae687912238ee6efbff71ad31e2bc414e,,group-row-12357,train,train
row-12359,CWE-787,radare2,ca8d8b39f3e34a4fd943270330b80f1148129de4,,group-row-12359,train,train
row-12365,CWE-125,radare2,605785b65dd356d46d4487faa41dbf90943b8bc1,,group-row-12365,train,test
row-12366,CWE-125,radare2,605785b65dd356d46d4487faa41dbf90943b8bc1,,group-row-12365,train,test
row-12367,CWE-125,radare2,153bcdc29f11cd8c90e7d639a7405450f644ddb6,,group-row-12367,train,train
row-12368,CWE-125,radare2,0a557045476a2969c7079aec9eeb29d02f2809c6,,group-row-12368,train,train
row-12369,CWE-703,linux,764f4eb6846f5475f1244767d24d25dd86528a4a,,group-row-12369,train,train
row-12370,CWE-703,linux,764f4eb6846f5475f1244767d24d25dd86528a4a,,group-row-12369,train,train
row-12371,CWE-770,cimg,619cb58dd90b4e03ac68286c70ed98acbefd1c90,CVE-2022-1325,group-row-12371,train,train
row-12372,CWE-770,cimg,619cb58dd90b4e03ac68286c70ed98acbefd1c90,CVE-2022-1325,group-row-12371,train,train
row-12383,CWE-476,bwm-ng,9774f23bf78a6e6d3ae4cfe3d73bad34f2fdcd17,,group-row-12383,train,train
row-12390,CWE-415,linux,8700af2cc18c919b2a83e74e0479038fd113c15d,,group-row-12390,train,train
row-12391,CWE-415,linux,8700af2cc18c919b2a83e74e0479038fd113c15d,,group-row-12390,train,train
row-12392,CWE-415,linux,8700af2cc18c919b2a83e74e0479038fd113c15d,,group-row-12390,train,train
row-12393,CWE-787,ghostpdl,e1134d375e2ca176068e19a2aa9b040baffe1c22,CVE-2022-1350,group-row-12393,test,train
row-12394,CWE-125,linux,89c2b3b74918200e46699338d7bcc19b1ea12110,CVE-2022-1508,group-row-12394,train,validation
row-12395,CWE-125,linux,89c2b3b74918200e46699338d7bcc19b1ea12110,CVE-2022-1508,group-row-12394,train,validation
row-12396,CWE-120,mutt,e5ed080c00e59701ca62ef9b2a6d2612ebf765a5,CVE-2022-1328,group-row-12396,test,train
row-12398,CWE-476,radare2,48f0ea79f99174fb0a62cb2354e13496ce5b7c44,,group-row-12398,train,train
row-12399,CWE-787,radare2,1dd65336f0f0c351d6ea853efcf73cf9c0030862,,group-row-12399,train,train
row-12402,CWE-787,radare2,669a404b6d98d5db409a5ebadae4e94b34ef5136,,group-row-12402,train,train
row-12403,CWE-787,radare2,669a404b6d98d5db409a5ebadae4e94b34ef5136,,group-row-12402,train,train
row-12404,CWE-125,pcre2,50a51cb7e67268e6ad417eb07c9de9bfea5cc55a,,group-row-12404,train,train
row-12408,CWE-416,linux,e677edbcabee849bfdd43f1602bccbecf736a646,,group-row-12408,train,train
row-12409,CWE-416,linux,e677edbcabee849bfdd43f1602bccbecf736a646,,group-row-12408,train,train
row-12410,CWE-416,linux,e677edbcabee849bfdd43f1602bccbecf736a646,,group-row-12408,train,train
row-12411,CWE-416,linux,e677edbcabee849bfdd43f1602bccbecf736a646,,group-row-12408,train,train
row-12412,CWE-416,linux,e677edbcabee849bfdd43f1602bccbecf736a646,,group-row-12408,train,train
row-12413,CWE-416,linux,e677edbcabee849bfdd43f1602bccbecf736a646,,group-row-12408,train,train
row-12414,CWE-416,linux,e677edbcabee849bfdd43f1602bccbecf736a646,,group-row-12408,train,train
row-12415,CWE-125,radare2,0927ed3ae99444e7b47b84e43118deb10fe37529,,group-row-12415,train,train
row-12416,CWE-125,radare2,0927ed3ae99444e7b47b84e43118deb10fe37529,,group-row-12415,train,train
row-12417,CWE-125,radare2,0927ed3ae99444e7b47b84e43118deb10fe37529,,group-row-12415,train,train
row-12418,CWE-125,radare2,ecc44b6a2f18ee70ac133365de0e509d26d5e168,,group-row-12418,train,test
row-12421,CWE-476,chafa,e4b777c7b7c144cd16a0ea96108267b1004fe6c9,,group-row-12421,train,test
row-12424,CWE-416,linux,233087ca063686964a53c829d547c7571e3f67bf,,group-row-12424,train,train
row-12425,CWE-400,libxmljs,2501807bde9b38cfaed06d1e140487516d91379d,CVE-2022-21144,group-row-12425,test,train
row-12426,CWE-400,libxmljs,2501807bde9b38cfaed06d1e140487516d91379d,CVE-2022-21144,group-row-12425,test,train
row-12434,CWE-190,libxml2,6c283d83eccd940bcde15634ac8c7f100e3caefd,CVE-2022-29824,group-row-12434,test,validation
row-12435,CWE-190,libxml2,6c283d83eccd940bcde15634ac8c7f100e3caefd,CVE-2022-29824,group-row-12434,test,validation
row-12436,CWE-190,libxml2,6c283d83eccd940bcde15634ac8c7f100e3caefd,CVE-2022-29824,group-row-12434,test,validation
row-12437,CWE-190,libxml2,6c283d83eccd940bcde15634ac8c7f100e3caefd,CVE-2022-29824,group-row-12434,test,validation
row-12438,CWE-190,libxml2,6c283d83eccd940bcde15634ac8c7f100e3caefd,CVE-2022-29824,group-row-12434,test,validation
row-12439,CWE-190,libxml2,6c283d83eccd940bcde15634ac8c7f100e3caefd,CVE-2022-29824,group-row-12434,test,validation
row-12440,CWE-190,libxml2,6c283d83eccd940bcde15634ac8c7f100e3caefd,CVE-2022-29824,group-row-12434,test,validation
row-12441,CWE-190,libxml2,6c283d83eccd940bcde15634ac8c7f100e3caefd,CVE-2022-29824,group-row-12434,test,validation
row-12442,CWE-190,libxml2,6c283d83eccd940bcde15634ac8c7f100e3caefd,CVE-2022-29824,group-row-12434,test,validation
row-12443,CWE-190,libxml2,6c283d83eccd940bcde15634ac8c7f100e3caefd,CVE-2022-29824,group-row-12434,test,validation
row-12444,CWE-190,libxml2,6c283d83eccd940bcde15634ac8c7f100e3caefd,CVE-2022-29824,group-row-12434,test,validation
row-12445,CWE-190,libxml2,2554a2408e09f13652049e5ffb0d26196b02ebab,CVE-2022-29824,group-row-12434,test,validation
row-12449,CWE-416,vim,d88934406c5375d88f8f1b65331c9f0cab68cc6c,,group-row-12449,train,train
row-12451,CWE-476,vim,8e4b76da1d7e987d43ca960dfbc372d1c617466f,,group-row-12451,train,validation
row-12454,CWE-125,admesh,e84d8353f1347e1f26f0a95770d92ba14e6ede38,CVE-2018-25033,group-row-12454,train,train
row-12455,CWE-125,admesh,e84d8353f1347e1f26f0a95770d92ba14e6ede38,CVE-2018-25033,group-row-12454,train,train
row-12456,CWE-401,linux,ecd1735f14d6ac868ae5d8b7a2bf193fa11f388b,CVE-2022-1651,group-row-12456,train,test
row-12458,CWE-787,vim,7c824682d2028432ee082703ef0ab399867a089b,,group-row-12458,train,test
row-12459,CWE-787,vim,7c824682d2028432ee082703ef0ab399867a089b,,group-row-12458,train,test
row-12461,CWE-787,linux,eadb2f47a3ced5c64b23b90fd2a3463f63726066,CVE-2022-21499,group-row-12461,train,train
row-12462,CWE-787,linux,eadb2f47a3ced5c64b23b90fd2a3463f63726066,CVE-2022-21499,group-row-12461,train,train
row-12463,CWE-787,linux,eadb2f47a3ced5c64b23b90fd2a3463f63726066,CVE-2022-21499,group-row-12461,train,train
row-12465,CWE-416,linux,da5c0f119203ad9728920456a0f52a6d850c01cd,CVE-2022-1974,group-row-12465,train,validation
row-12466,CWE-416,linux,da5c0f119203ad9728920456a0f52a6d850c01cd,CVE-2022-1974,group-row-12465,train,validation
row-12467,CWE-416,linux,da5c0f119203ad9728920456a0f52a6d850c01cd,CVE-2022-1974,group-row-12465,train,validation
row-12468,CWE-416,linux,da5c0f119203ad9728920456a0f52a6d850c01cd,CVE-2022-1974,group-row-12465,train,validation
row-12469,CWE-416,linux,da5c0f119203ad9728920456a0f52a6d850c01cd,CVE-2022-1974,group-row-12465,train,validation
row-12470,CWE-416,linux,da5c0f119203ad9728920456a0f52a6d850c01cd,CVE-2022-1974,group-row-12465,train,validation
row-12471,CWE-416,linux,da5c0f119203ad9728920456a0f52a6d850c01cd,CVE-2022-1974,group-row-12465,train,validation
row-12472,CWE-416,linux,da5c0f119203ad9728920456a0f52a6d850c01cd,CVE-2022-1974,group-row-12465,train,validation
row-12473,CWE-416,linux,da5c0f119203ad9728920456a0f52a6d850c01cd,CVE-2022-1974,group-row-12465,train,validation
row-12474,CWE-416,linux,da5c0f119203ad9728920456a0f52a6d850c01cd,CVE-2022-1974,group-row-12465,train,validation
row-12475,CWE-416,linux,da5c0f119203ad9728920456a0f52a6d850c01cd,CVE-2022-1974,group-row-12465,train,validation
row-12476,CWE-416,linux,da5c0f119203ad9728920456a0f52a6d850c01cd,CVE-2022-1974,group-row-12465,train,validation
row-12477,CWE-416,linux,da5c0f119203ad9728920456a0f52a6d850c01cd,CVE-2022-1974,group-row-12465,train,validation
row-12478,CWE-416,linux,da5c0f119203ad9728920456a0f52a6d850c01cd,CVE-2022-1974,group-row-12465,train,validation
row-12482,CWE-476,vim,a59f2dfd0cf9ee1a584d3de5b7c2d47648e79060,CVE-2022-1674,group-row-12482,train,train
row-12483,CWE-787,radare2,3ecdbf8e21186a9c5a4d3cfa3b1e9fd27045340e,,group-row-12483,train,test
row-12484,CWE-787,radare2,3ecdbf8e21186a9c5a4d3cfa3b1e9fd27045340e,,group-row-12483,train,test
row-12485,CWE-787,radare2,3ecdbf8e21186a9c5a4d3cfa3b1e9fd27045340e,,group-row-12483,train,test
row-12486,CWE-787,radare2,3ecdbf8e21186a9c5a4d3cfa3b1e9fd27045340e,,group-row-12483,train,test
row-12487,CWE-787,radare2,3ecdbf8e21186a9c5a4d3cfa3b1e9fd27045340e,,group-row-12483,train,test
row-12488,CWE-787,radare2,3ecdbf8e21186a9c5a4d3cfa3b1e9fd27045340e,,group-row-12483,train,test
row-12489,CWE-416,linux,d270453a0d9ec10bb8a802a142fb1b3601a83098,CVE-2022-1734,group-row-12489,train,train
row-12491,CWE-120,gimp,4f99f1fcfd892ead19831b5adcd38a99d71214b6,CVE-2022-30067,group-row-12491,test,train
row-12492,CWE-120,gimp,4f99f1fcfd892ead19831b5adcd38a99d71214b6,CVE-2022-30067,group-row-12491,test,train
row-12493,CWE-120,gimp,4f99f1fcfd892ead19831b5adcd38a99d71214b6,CVE-2022-30067,group-row-12491,test,train
row-12495,CWE-787,vim,60ae0e71490c97f2871a6344aca61cacf220f813,,group-row-12495,train,train
row-12496,CWE-416,linux,3db09e762dc79584a69c10d74a6b98f89a9979f8,CVE-2022-29581,group-row-12496,train,train
row-12497,CWE-416,linux,3db09e762dc79584a69c10d74a6b98f89a9979f8,CVE-2022-29581,group-row-12496,train,train
row-12498,CWE-120,vim,7ce5b2b590256ce53d6af28c1d203fb3bc1d2d97,CVE-2022-1735,group-row-12498,train,train
row-12499,CWE-120,vim,7ce5b2b590256ce53d6af28c1d203fb3bc1d2d97,CVE-2022-1735,group-row-12498,train,train
row-12501,CWE-787,vim,e2bd8600b873d2cd1f9d667c28cba8b1dba18839,CVE-2022-1785,group-row-12501,train,test
row-12502,CWE-416,vim,28d032cc688ccfda18c5bbcab8b50aba6e18cde5,,group-row-12502,train,train
row-12507,CWE-476,linux,fee060cd52d69c114b62d1a2948ea9648b5131f9,CVE-2022-1852,group-row-12507,train,train
row-12508,CWE-476,linux,fee060cd52d69c114b62d1a2948ea9648b5131f9,CVE-2022-1852,group-row-12507,train,train
row-12509,CWE-476,linux,fee060cd52d69c114b62d1a2948ea9648b5131f9,CVE-2022-1852,group-row-12507,train,train
row-12510,CWE-476,linux,9f46c187e2e680ecd9de7983e4d081c3391acc76,CVE-2022-1789,group-row-12510,train,train
row-12511,CWE-125,vim,78d52883e10d71f23ab72a3d8b9733b00da8c9ad,,group-row-12511,train,validation
row-12512,CWE-416,vim,e2fa213cf571041dbd04ab0329303ffdc980678a,,group-row-12512,train,train
row-12513,CWE-787,vim,338f1fc0ee3ca929387448fe464579d6113fa76a,,group-row-12513,train,train
row-12514,CWE-787,vim,338f1fc0ee3ca929387448fe464579d6113fa76a,,group-row-12513,train,train
row-12515,CWE-787,vim,338f1fc0ee3ca929387448fe464579d6113fa76a,,group-row-12513,train,train
row-12516,CWE-787,vim,338f1fc0ee3ca929387448fe464579d6113fa76a,,group-row-12513,train,train
row-12518,CWE-787,liblouis,2e4772befb2b1c37cb4b9d6572945115ee28630a,,group-row-12518,train,validation
row-12519,CWE-416,linux,9cae36a094e7e9d6e5fe8b6dcd4642138b3eb0c7,CVE-2022-1976,group-row-12519,train,train
row-12520,CWE-416,linux,9cae36a094e7e9d6e5fe8b6dcd4642138b3eb0c7,CVE-2022-1976,group-row-12519,train,train
row-12521,CWE-416,linux,9cae36a094e7e9d6e5fe8b6dcd4642138b3eb0c7,CVE-2022-1976,group-row-12519,train,train
row-12522,CWE-416,linux,9cae36a094e7e9d6e5fe8b6dcd4642138b3eb0c7,CVE-2022-1976,group-row-12519,train,train
row-12523,CWE-416,linux,9cae36a094e7e9d6e5fe8b6dcd4642138b3eb0c7,CVE-2022-1976,group-row-12519,train,train
row-12524,CWE-416,linux,9cae36a094e7e9d6e5fe8b6dcd4642138b3eb0c7,CVE-2022-1976,group-row-12519,train,train
row-12525,CWE-416,linux,9cae36a094e7e9d6e5fe8b6dcd4642138b3eb0c7,CVE-2022-1976,group-row-12519,train,train
row-12526,CWE-416,linux,9cae36a094e7e9d6e5fe8b6dcd4642138b3eb0c7,CVE-2022-1976,group-row-12519,train,train
row-12527,CWE-416,linux,9cae36a094e7e9d6e5fe8b6dcd4642138b3eb0c7,CVE-2022-1976,group-row-12519,train,train
row-12528,CWE-416,linux,9cae36a094e7e9d6e5fe8b6dcd4642138b3eb0c7,CVE-2022-1976,group-row-12519,train,train
row-12529,CWE-416,linux,9cae36a094e7e9d6e5fe8b6dcd4642138b3eb0c7,CVE-2022-1976,group-row-12519,train,train
row-12530,CWE-416,linux,9cae36a094e7e9d6e5fe8b6dcd4642138b3eb0c7,CVE-2022-1976,group-row-12519,train,train
row-12531,CWE-416,linux,9cae36a094e7e9d6e5fe8b6dcd4642138b3eb0c7,CVE-2022-1976,group-row-12519,train,train
row-12532,CWE-416,linux,9cae36a094e7e9d6e5fe8b6dcd4642138b3eb0c7,CVE-2022-1976,group-row-12519,train,train
row-12535,CWE-476,unicorn,3d3deac5e6d38602b689c4fef5dac004f07a2e63,,group-row-12535,train,train
row-12536,CWE-476,unicorn,3d3deac5e6d38602b689c4fef5dac004f07a2e63,,group-row-12535,train,train
row-12537,CWE-476,unicorn,3d3deac5e6d38602b689c4fef5dac004f07a2e63,,group-row-12535,train,train
row-12538,CWE-476,unicorn,3d3deac5e6d38602b689c4fef5dac004f07a2e63,,group-row-12535,train,train
row-12539,CWE-476,unicorn,3d3deac5e6d38602b689c4fef5dac004f07a2e63,,group-row-12535,train,train
row-12540,CWE-476,unicorn,3d3deac5e6d38602b689c4fef5dac004f07a2e63,,group-row-12535,train,train
row-12541,CWE-125,libmobi,612562bc1ea38f1708b044e7a079c47a05b1291d,CVE-2022-1987,group-row-12541,train,train
row-12542,CWE-476,libmobi,ce0ab6586069791b1e8e2a42f44318e581c39939,,group-row-12542,train,train
row-12586,CWE-787,vim,44a3f3353e0407e9fffee138125a6927d1c9e7e5,,group-row-12586,train,train
row-12590,CWE-416,vim,2813f38e021c6e6581c0c88fcf107e41788bc835,,group-row-12590,train,test
row-12591,CWE-120,php-src,58006537fc5f133ae8549efe5118cde418b3ace9,CVE-2022-31626,group-row-12591,validation,train
row-12596,CWE-787,vim,d6211a52ab9f53b82f884561ed43d2fe4d24ff7d,,group-row-12596,train,train
row-12601,CWE-400,squid,780c4ea1b4c9d2fb41f6962aa6ed73ae57f74b2b,CVE-2021-46784,group-row-12601,train,validation
row-12606,CWE-125,vim,8eba2bd291b347e3008aa9e565652d51ad638cfa,,group-row-12606,train,train
row-12607,CWE-476,vim,79481367a457951aabd9501b510fd7e3eb29c3d8,,group-row-12607,train,train
row-12608,CWE-787,vim,c101abff4c6756db4f5e740fde289decb9452efa,,group-row-12608,train,train
row-12609,CWE-476,vim,cd38bb4d83c942c4bad596835c6766cbf32e5195,,group-row-12609,train,test
row-12610,CWE-476,vim,cd38bb4d83c942c4bad596835c6766cbf32e5195,,group-row-12609,train,test
row-12613,CWE-415,linux,1680939e9ecf7764fba8689cfb3429c2fe2bb23c,,group-row-12613,train,train
row-12614,CWE-415,linux,c2eecefec5df1306eafce28ccdf1ca159a552ecc,,group-row-12614,train,train
row-12615,CWE-125,vim,083692d598139228e101b8c521aaef7bcf256e9a,CVE-2022-2257,group-row-12615,train,train
row-12616,CWE-476,libmobi,c0699c8693c47f14a2e57dec7292e862ac7adf9c,,group-row-12616,train,validation
row-12617,CWE-476,libmobi,c0699c8693c47f14a2e57dec7292e862ac7adf9c,,group-row-12616,train,validation
row-12618,CWE-125,chafa,56fabfa18a6880b4cb66047fa6557920078048d9,,group-row-12618,train,train
row-12622,CWE-125,vim,f12129f1714f7d2301935bb21d896609bdac221c,,group-row-12622,train,train
row-12623,CWE-125,vim,5e59ea54c0c37c2f84770f068d95280069828774,,group-row-12623,train,train
row-12624,CWE-125,vim,5e59ea54c0c37c2f84770f068d95280069828774,,group-row-12623,train,train
row-12625,CWE-787,vim,c6fdb15d423df22e1776844811d082322475e48a,,group-row-12625,train,train
row-12626,CWE-416,vim,c5274dd12224421f2430b30c53b881b9403d649e,,group-row-12626,train,validation
row-12628,CWE-416,linux,9cc02ede696272c5271a401e4f27c262359bc2f6,,group-row-12628,train,train
row-12629,CWE-416,linux,9cc02ede696272c5271a401e4f27c262359bc2f6,,group-row-12628,train,train
row-12630,CWE-416,linux,9cc02ede696272c5271a401e4f27c262359bc2f6,,group-row-12628,train,train
row-12631,CWE-416,linux,9cc02ede696272c5271a401e4f27c262359bc2f6,,group-row-12628,train,train
row-12632,CWE-416,linux,9cc02ede696272c5271a401e4f27c262359bc2f6,,group-row-12628,train,train
row-12633,CWE-416,linux,9cc02ede696272c5271a401e4f27c262359bc2f6,,group-row-12628,train,train
row-12634,CWE-416,linux,9cc02ede696272c5271a401e4f27c262359bc2f6,,group-row-12628,train,train
row-12635,CWE-416,linux,9cc02ede696272c5271a401e4f27c262359bc2f6,,group-row-12628,train,train
row-12636,CWE-416,linux,9cc02ede696272c5271a401e4f27c262359bc2f6,,group-row-12628,train,train
row-12637,CWE-416,linux,9cc02ede696272c5271a401e4f27c262359bc2f6,,group-row-12628,train,train
row-12638,CWE-416,linux,9cc02ede696272c5271a401e4f27c262359bc2f6,,group-row-12628,train,train
row-12639,CWE-416,linux,9cc02ede696272c5271a401e4f27c262359bc2f6,,group-row-12628,train,train
row-12641,CWE-787,lua,42d40581dd919fb134c07027ca1ce0844c670daf,,group-row-12641,train,validation
row-12642,CWE-787,lua,42d40581dd919fb134c07027ca1ce0844c670daf,,group-row-12641,train,validation
row-12643,CWE-787,linux-fbdev,bd771cf5c4254511cc4abb88f3dab3bd58bdf8e8,CVE-2022-2380,group-row-12643,test,train
row-12656,CWE-416,vim,32acf1f1a72ebb9d8942b9c9d80023bf1bb668ea,,group-row-12656,train,train
row-12657,CWE-416,vim,32acf1f1a72ebb9d8942b9c9d80023bf1bb668ea,,group-row-12656,train,train
row-12661,CWE-787,php-src,ca6d511fa54b34d5b75bf120a86482a1b9e1e686,CVE-2022-31627,group-row-12661,validation,train
row-12662,CWE-787,php-src,ca6d511fa54b34d5b75bf120a86482a1b9e1e686,CVE-2022-31627,group-row-12661,validation,train
row-12663,CWE-787,autotrace,e96bffadc25ff0ba0e10745f8012efcc5f920ea9,CVE-2022-32323,group-row-12663,train,train
row-12679,CWE-190,rizin,e645e5827327d945307ddfde4f617ae4c36561fd,CVE-2022-34612,group-row-12679,train,train
row-12687,CWE-125,squirrel,23a0620658714b996d20da3d4dd1a0dcf9b0bd98,,group-row-12687,train,train
row-12689,CWE-787,MilkyTracker,3a5474f9102cbdc10fbd9e7b1b2c8d3f3f45d91b,,group-row-12689,train,train
row-12690,CWE-703,linux,96e8fc5818686d4a1591bb6907e7fdb64ef29884,,group-row-12690,train,train
row-12691,CWE-703,linux,96e8fc5818686d4a1591bb6907e7fdb64ef29884,,group-row-12690,train,train
row-12696,CWE-617,ImageMagick,716496e6df0add89e9679d6da9c0afca814cfe49,CVE-2022-2719,group-row-12696,train,train
row-12697,CWE-617,ImageMagick,716496e6df0add89e9679d6da9c0afca814cfe49,CVE-2022-2719,group-row-12696,train,train
row-12698,CWE-617,ImageMagick,716496e6df0add89e9679d6da9c0afca814cfe49,CVE-2022-2719,group-row-12696,train,train
row-12699,CWE-787,exim,d4bc023436e4cce7c23c5f8bb5199e178b4cc743,,group-row-12699,train,train
row-12700,CWE-787,exim,d4bc023436e4cce7c23c5f8bb5199e178b4cc743,,group-row-12699,train,train
row-12701,CWE-787,zlib,eff308af425b67093bab25f80f1ae950166bece1,,group-row-12701,train,train
row-12726,CWE-125,vim,f50940531dd57135fe60aa393ac9d3281f352d88,,group-row-12726,train,train
row-12730,CWE-703,varnish-cache,c5fd097e5cce8b461c6443af02b3448baef2491d,,group-row-12730,test,train
row-12733,CWE-22,wkhtmltopdf,2a5f25077895fb075812c0f599326f079a59d6cf,CVE-2020-21365,group-row-12733,test,train
row-12734,CWE-125,vim,dbdd16b62560413abcc3c8e893cc3010ccf31666,,group-row-12734,train,train
row-12735,CWE-416,vim,249e1b903a9c0460d618f6dcc59aeb8c03b24b20,,group-row-12735,train,train
row-12737,CWE-125,gsasl,796e4197f696261c1f872d7576371232330bcc30,CVE-2022-2469,group-row-12737,train,test
row-12740,CWE-703,linux,f85daf0e725358be78dfd208dea5fd665d8cb901,,group-row-12740,train,train
row-12741,CWE-416,vim,91c7cbfe31bbef57d5fcf7d76989fc159f73ef15,,group-row-12741,train,test
row-12742,CWE-416,vim,91c7cbfe31bbef57d5fcf7d76989fc159f73ef15,,group-row-12741,train,test
row-12743,CWE-416,vim,91c7cbfe31bbef57d5fcf7d76989fc159f73ef15,,group-row-12741,train,test
row-12744,CWE-416,vim,91c7cbfe31bbef57d5fcf7d76989fc159f73ef15,,group-row-12741,train,test
row-12745,CWE-416,vim,91c7cbfe31bbef57d5fcf7d76989fc159f73ef15,,group-row-12741,train,test
row-12746,CWE-416,linux,a06247c6804f1a7c86a2e5398a4c1f1db1471848,,group-row-12746,train,train
row-12747,CWE-416,linux,a06247c6804f1a7c86a2e5398a4c1f1db1471848,,group-row-12746,train,train
row-12748,CWE-416,linux,a06247c6804f1a7c86a2e5398a4c1f1db1471848,,group-row-12746,train,train
row-12749,CWE-416,linux,a06247c6804f1a7c86a2e5398a4c1f1db1471848,,group-row-12746,train,train
row-12750,CWE-416,linux,a06247c6804f1a7c86a2e5398a4c1f1db1471848,,group-row-12746,train,train
row-12751,CWE-416,linux,a06247c6804f1a7c86a2e5398a4c1f1db1471848,,group-row-12746,train,train
row-12752,CWE-416,linux,a06247c6804f1a7c86a2e5398a4c1f1db1471848,,group-row-12746,train,train
row-12753,CWE-416,linux,a06247c6804f1a7c86a2e5398a4c1f1db1471848,,group-row-12746,train,train
row-12756,CWE-416,vim,adce965162dd89bf29ee0e5baf53652e7515762c,,group-row-12756,train,train
row-12757,CWE-787,linux,aa838896d87af561a33ecefea1caa4c15a68bc47,,group-row-12757,train,train
row-12758,CWE-787,linux,aa838896d87af561a33ecefea1caa4c15a68bc47,,group-row-12757,train,train
row-12759,CWE-787,linux,aa838896d87af561a33ecefea1caa4c15a68bc47,,group-row-12757,train,train
row-12760,CWE-787,linux,aa838896d87af561a33ecefea1caa4c15a68bc47,,group-row-12757,train,train
row-12761,CWE-787,linux,aa838896d87af561a33ecefea1caa4c15a68bc47,,group-row-12757,train,train
row-12762,CWE-787,linux,aa838896d87af561a33ecefea1caa4c15a68bc47,,group-row-12757,train,train
row-12763,CWE-787,linux,aa838896d87af561a33ecefea1caa4c15a68bc47,,group-row-12757,train,train
row-12764,CWE-787,linux,aa838896d87af561a33ecefea1caa4c15a68bc47,,group-row-12757,train,train
row-12765,CWE-787,linux,aa838896d87af561a33ecefea1caa4c15a68bc47,,group-row-12757,train,train
row-12766,CWE-787,linux,aa838896d87af561a33ecefea1caa4c15a68bc47,,group-row-12757,train,train
row-12767,CWE-787,linux,aa838896d87af561a33ecefea1caa4c15a68bc47,,group-row-12757,train,train
row-12768,CWE-787,linux,aa838896d87af561a33ecefea1caa4c15a68bc47,,group-row-12757,train,train
row-12769,CWE-787,linux,aa838896d87af561a33ecefea1caa4c15a68bc47,,group-row-12757,train,train
row-12770,CWE-787,linux,aa838896d87af561a33ecefea1caa4c15a68bc47,,group-row-12757,train,train
row-12771,CWE-787,linux,aa838896d87af561a33ecefea1caa4c15a68bc47,,group-row-12757,train,train
row-12772,CWE-787,linux,aa838896d87af561a33ecefea1caa4c15a68bc47,,group-row-12757,train,train
row-12773,CWE-787,linux,aa838896d87af561a33ecefea1caa4c15a68bc47,,group-row-12757,train,train
row-12774,CWE-787,linux,aa838896d87af561a33ecefea1caa4c15a68bc47,,group-row-12757,train,train
row-12775,CWE-787,linux,aa838896d87af561a33ecefea1caa4c15a68bc47,,group-row-12757,train,train
row-12776,CWE-787,linux,aa838896d87af561a33ecefea1caa4c15a68bc47,,group-row-12757,train,train
row-12777,CWE-787,linux,aa838896d87af561a33ecefea1caa4c15a68bc47,,group-row-12757,train,train
row-12778,CWE-787,linux,aa838896d87af561a33ecefea1caa4c15a68bc47,,group-row-12757,train,train
row-12779,CWE-787,linux,aa838896d87af561a33ecefea1caa4c15a68bc47,,group-row-12757,train,train
row-12780,CWE-787,linux,aa838896d87af561a33ecefea1caa4c15a68bc47,,group-row-12757,train,train
row-12781,CWE-787,linux,aa838896d87af561a33ecefea1caa4c15a68bc47,,group-row-12757,train,train
row-12782,CWE-787,linux,aa838896d87af561a33ecefea1caa4c15a68bc47,,group-row-12757,train,train
row-12783,CWE-787,linux,aa838896d87af561a33ecefea1caa4c15a68bc47,,group-row-12757,train,train
row-12784,CWE-787,linux,aa838896d87af561a33ecefea1caa4c15a68bc47,,group-row-12757,train,train
row-12785,CWE-787,linux,aa838896d87af561a33ecefea1caa4c15a68bc47,,group-row-12757,train,train
row-12786,CWE-787,linux,aa838896d87af561a33ecefea1caa4c15a68bc47,,group-row-12757,train,train
row-12787,CWE-787,linux,aa838896d87af561a33ecefea1caa4c15a68bc47,,group-row-12757,train,train
row-12788,CWE-787,linux,aa838896d87af561a33ecefea1caa4c15a68bc47,,group-row-12757,train,train
row-12789,CWE-787,linux,aa838896d87af561a33ecefea1caa4c15a68bc47,,group-row-12757,train,train
row-12790,CWE-787,linux,aa838896d87af561a33ecefea1caa4c15a68bc47,,group-row-12757,train,train
row-12791,CWE-787,linux,aa838896d87af561a33ecefea1caa4c15a68bc47,,group-row-12757,train,train
row-12792,CWE-787,linux,aa838896d87af561a33ecefea1caa4c15a68bc47,,group-row-12757,train,train
row-12793,CWE-787,linux,aa838896d87af561a33ecefea1caa4c15a68bc47,,group-row-12757,train,train
row-12794,CWE-787,linux,aa838896d87af561a33ecefea1caa4c15a68bc47,,group-row-12757,train,train
row-12795,CWE-787,linux,aa838896d87af561a33ecefea1caa4c15a68bc47,,group-row-12757,train,train
row-12796,CWE-787,linux,aa838896d87af561a33ecefea1caa4c15a68bc47,,group-row-12757,train,train
row-12797,CWE-787,linux,aa838896d87af561a33ecefea1caa4c15a68bc47,,group-row-12757,train,train
row-12798,CWE-787,linux,aa838896d87af561a33ecefea1caa4c15a68bc47,,group-row-12757,train,train
row-12799,CWE-787,linux,aa838896d87af561a33ecefea1caa4c15a68bc47,,group-row-12757,train,train
row-12800,CWE-787,linux,aa838896d87af561a33ecefea1caa4c15a68bc47,,group-row-12757,train,train
row-12801,CWE-787,linux,aa838896d87af561a33ecefea1caa4c15a68bc47,,group-row-12757,train,train
row-12802,CWE-787,linux,aa838896d87af561a33ecefea1caa4c15a68bc47,,group-row-12757,train,train
row-12803,CWE-787,linux,aa838896d87af561a33ecefea1caa4c15a68bc47,,group-row-12757,train,train
row-12804,CWE-787,linux,aa838896d87af561a33ecefea1caa4c15a68bc47,,group-row-12757,train,train
row-12805,CWE-787,linux,aa838896d87af561a33ecefea1caa4c15a68bc47,,group-row-12757,train,train
row-12806,CWE-787,linux,aa838896d87af561a33ecefea1caa4c15a68bc47,,group-row-12757,train,train
row-12807,CWE-787,linux,aa838896d87af561a33ecefea1caa4c15a68bc47,,group-row-12757,train,train
row-12808,CWE-787,linux,aa838896d87af561a33ecefea1caa4c15a68bc47,,group-row-12757,train,train
row-12809,CWE-787,linux,aa838896d87af561a33ecefea1caa4c15a68bc47,,group-row-12757,train,train
row-12810,CWE-787,linux,aa838896d87af561a33ecefea1caa4c15a68bc47,,group-row-12757,train,train
row-12811,CWE-787,linux,aa838896d87af561a33ecefea1caa4c15a68bc47,,group-row-12757,train,train
row-12812,CWE-787,linux,aa838896d87af561a33ecefea1caa4c15a68bc47,,group-row-12757,train,train
row-12813,CWE-787,linux,aa838896d87af561a33ecefea1caa4c15a68bc47,,group-row-12757,train,train
row-12814,CWE-787,linux,aa838896d87af561a33ecefea1caa4c15a68bc47,,group-row-12757,train,train
row-12815,CWE-787,linux,aa838896d87af561a33ecefea1caa4c15a68bc47,,group-row-12757,train,train
row-12816,CWE-787,linux,aa838896d87af561a33ecefea1caa4c15a68bc47,,group-row-12757,train,train
row-12817,CWE-787,linux,aa838896d87af561a33ecefea1caa4c15a68bc47,,group-row-12757,train,train
row-12818,CWE-787,linux,aa838896d87af561a33ecefea1caa4c15a68bc47,,group-row-12757,train,train
row-12821,CWE-416,vim,1889f499a4f248cd84e0e0bf6d0d820016774494,,group-row-12821,train,train
row-12824,CWE-125,LibRaw,d75af00681a74dcc8b929207eb895611a6eceb68,,group-row-12824,train,validation
row-12825,CWE-125,LibRaw,5ab45b085898e379fedc6b113e2e82a890602b1e,,group-row-12825,train,train
row-12826,CWE-125,LibRaw,a6937d4046a7c4742b683a04c8564605fd9be4fb,,group-row-12826,train,train
row-12832,CWE-125,LibRaw,c243f4539233053466c1309bde606815351bee81,,group-row-12832,train,train
row-12833,CWE-125,LibRaw,c243f4539233053466c1309bde606815351bee81,,group-row-12832,train,train
row-12834,CWE-476,libjpeg-turbo,9120a247436e84c0b4eea828cb11e8f665fcde30,,group-row-12834,test,test
row-12835,CWE-476,libjpeg-turbo,9120a247436e84c0b4eea828cb11e8f665fcde30,,group-row-12834,test,test
row-12836,CWE-476,libjpeg-turbo,9120a247436e84c0b4eea828cb11e8f665fcde30,,group-row-12834,test,test
row-12837,CWE-476,libjpeg-turbo,9120a247436e84c0b4eea828cb11e8f665fcde30,,group-row-12834,test,test
row-12838,CWE-476,libjpeg-turbo,9120a247436e84c0b4eea828cb11e8f665fcde30,,group-row-12834,test,test
row-12839,CWE-476,libjpeg-turbo,9120a247436e84c0b4eea828cb11e8f665fcde30,,group-row-12834,test,test
row-12840,CWE-476,libjpeg-turbo,9120a247436e84c0b4eea828cb11e8f665fcde30,,group-row-12834,test,test
row-12841,CWE-476,libjpeg-turbo,9120a247436e84c0b4eea828cb11e8f665fcde30,,group-row-12834,test,test
row-12842,CWE-476,libjpeg-turbo,9120a247436e84c0b4eea828cb11e8f665fcde30,,group-row-12834,test,test
row-12843,CWE-476,libjpeg-turbo,9120a247436e84c0b4eea828cb11e8f665fcde30,,group-row-12834,test,test
row-12844,CWE-476,libjpeg-turbo,9120a247436e84c0b4eea828cb11e8f665fcde30,,group-row-12834,test,test
row-12845,CWE-476,libjpeg-turbo,9120a247436e84c0b4eea828cb11e8f665fcde30,,group-row-12834,test,test
row-12846,CWE-476,libjpeg-turbo,9120a247436e84c0b4eea828cb11e8f665fcde30,,group-row-12834,test,test
row-12847,CWE-369,linux-fbdev,15cf0b82271b1823fb02ab8c377badba614d95d5,CVE-2022-3061,group-row-12847,test,train
row-12849,CWE-416,vim,4f1b083be43f351bc107541e7b0c9655a5d2c0bb,,group-row-12849,train,train
row-12850,CWE-476,linux,e6a21a14106d9718aa4f8e115b1e474888eeba44,CVE-2022-3078,group-row-12850,train,train
row-12866,CWE-416,vim,35d21c6830fc2d68aca838424a0e786821c5891c,,group-row-12866,train,train
row-12868,CWE-190,ImageMagick,5af1dffa4b6ab984b5f13d1e91c95760d75f12a6,,group-row-12868,train,train
row-12869,CWE-190,ImageMagick6,553054c1cb1e4e05ec86237afef76a32cd7c464d,,group-row-12869,train,validation
row-12870,CWE-190,ImageMagick6,553054c1cb1e4e05ec86237afef76a32cd7c464d,,group-row-12869,train,validation
row-12871,CWE-190,ImageMagick6,553054c1cb1e4e05ec86237afef76a32cd7c464d,,group-row-12869,train,validation
row-12872,CWE-190,ImageMagick6,553054c1cb1e4e05ec86237afef76a32cd7c464d,,group-row-12869,train,validation
row-12873,CWE-416,vim,6d24a51b94beb1991cddce221f90b455e2d50db7,,group-row-12873,train,train
row-12874,CWE-416,vim,6d24a51b94beb1991cddce221f90b455e2d50db7,,group-row-12873,train,train
row-12875,CWE-416,vim,6d24a51b94beb1991cddce221f90b455e2d50db7,,group-row-12873,train,train
row-12879,CWE-401,ImageMagick6,cd7f9fb7751b0d59d5a74b12d971155caad5a792,,group-row-12879,train,validation
row-12880,CWE-401,ImageMagick,c6ad94fbb7b280f39c2fbbdc1c140e51b1b466e9,,group-row-12880,train,train
row-12881,CWE-787,rizin,556ca2f9eef01ec0f4a76d1fbacfcf3a87a44810,,group-row-12881,train,test
row-12882,CWE-703,linux,6cd88243c7e03845a450795e134b488fc2afb736,,group-row-12882,train,train
row-12883,CWE-703,linux,6cd88243c7e03845a450795e134b488fc2afb736,,group-row-12882,train,train
row-12884,CWE-703,linux,6cd88243c7e03845a450795e134b488fc2afb736,,group-row-12882,train,train
row-12885,CWE-703,linux,6cd88243c7e03845a450795e134b488fc2afb736,,group-row-12882,train,train
row-12886,CWE-787,rizin,1524f85211445e41506f98180f8f69f7bf115406,,group-row-12886,train,train
row-12887,CWE-787,rizin,1524f85211445e41506f98180f8f69f7bf115406,,group-row-12886,train,train
row-12890,CWE-125,linux,5934d9a0383619c14df91af8fd76261dc3de2f5f,,group-row-12890,train,train
row-12891,CWE-416,vim,ccfde4d028e891a41e3548323c3d47b06fb0b83e,,group-row-12891,train,train
row-12892,CWE-787,rizin,38d8006cd609ac75de82b705891d3508d2c218d5,CVE-2022-36040,group-row-12892,train,validation
row-12893,CWE-787,rizin,348b1447d1452f978b69631d6de5b08dd3bdf79d,CVE-2022-36041,group-row-12893,train,train
row-12894,CWE-415,rizin,58926dffbe819fe9ebf5062f7130e026351cae01,CVE-2022-36043,group-row-12894,train,train
row-12903,CWE-476,vim,1540d334a04d874c2aa9d26b82dbbcd4bc5a78de,,group-row-12903,train,train
row-12904,CWE-476,linux,a53046291020ec41e09181396c1e829287b48d47,CVE-2022-3202,group-row-12904,train,test
row-12905,CWE-787,ImageMagick6,1aea203eb36409ce6903b9e41fe7cb70030e8750,,group-row-12905,train,train
row-12909,CWE-416,linux,c08eadca1bdfa099e20a32f8fa4b52b2f672236d,CVE-2022-3239,group-row-12909,train,train
row-12910,CWE-125,frr,6d58272b4cf96f0daa846210dd2104877900f921,CVE-2022-37032,group-row-12910,train,train
row-12911,CWE-125,frr,6d58272b4cf96f0daa846210dd2104877900f921,CVE-2022-37032,group-row-12910,train,train
row-12912,CWE-125,frr,6d58272b4cf96f0daa846210dd2104877900f921,CVE-2022-37032,group-row-12910,train,train
row-12913,CWE-125,frr,6d58272b4cf96f0daa846210dd2104877900f921,CVE-2022-37032,group-row-12910,train,train
row-12914,CWE-125,frr,6d58272b4cf96f0daa846210dd2104877900f921,CVE-2022-37032,group-row-12910,train,train
row-12915,CWE-125,frr,6d58272b4cf96f0daa846210dd2104877900f921,CVE-2022-37032,group-row-12910,train,train
row-12916,CWE-125,frr,6d58272b4cf96f0daa846210dd2104877900f921,CVE-2022-37032,group-row-12910,train,train
row-12917,CWE-125,frr,6d58272b4cf96f0daa846210dd2104877900f921,CVE-2022-37032,group-row-12910,train,train
row-12918,CWE-125,frr,6d58272b4cf96f0daa846210dd2104877900f921,CVE-2022-37032,group-row-12910,train,train
row-12919,CWE-125,frr,6d58272b4cf96f0daa846210dd2104877900f921,CVE-2022-37032,group-row-12910,train,train
row-12920,CWE-125,frr,6d58272b4cf96f0daa846210dd2104877900f921,CVE-2022-37032,group-row-12910,train,train
row-12921,CWE-125,frr,6d58272b4cf96f0daa846210dd2104877900f921,CVE-2022-37032,group-row-12910,train,train
row-12922,CWE-125,frr,ff6db1027f8f36df657ff2e5ea167773752537ed,,group-row-12922,train,train
row-12928,CWE-416,vim,1c3dd8ddcba63c1af5112e567215b3cec2de11d0,CVE-2022-3235,group-row-12928,train,train
row-12929,CWE-476,vim,69082916c8b5d321545d60b9f5facad0a2dd5a4e,CVE-2022-3278,group-row-12929,train,train
row-12930,CWE-476,vim,69082916c8b5d321545d60b9f5facad0a2dd5a4e,CVE-2022-3278,group-row-12929,train,train
row-12931,CWE-787,vim,96b9bf8f74af8abf1e30054f996708db7dc285be,CVE-2022-3296,group-row-12931,train,train
row-12932,CWE-787,vim,96b9bf8f74af8abf1e30054f996708db7dc285be,CVE-2022-3296,group-row-12931,train,train
row-12933,CWE-416,vim,0ff01835a40f549c5c4a550502f62a2ac9ac447c,CVE-2022-3297,group-row-12933,train,train
row-12934,CWE-416,vim,0ff01835a40f549c5c4a550502f62a2ac9ac447c,CVE-2022-3297,group-row-12933,train,train
row-12935,CWE-416,vim,0ff01835a40f549c5c4a550502f62a2ac9ac447c,CVE-2022-3297,group-row-12933,train,train
row-12936,CWE-416,vim,0ff01835a40f549c5c4a550502f62a2ac9ac447c,CVE-2022-3297,group-row-12933,train,train
row-12937,CWE-416,vim,0ff01835a40f549c5c4a550502f62a2ac9ac447c,CVE-2022-3297,group-row-12933,train,train
row-12951,CWE-189,linux-2.6,f5fb09fa3392ad43fbcfc2f4580752f383ab5996,CVE-2006-6058,group-row-12951,train,train
row-12956,CWE-787,git,3c9d0414ed2db0167e6c828b547be8fc9f88fccc,,group-row-12956,train,train
row-12957,CWE-415,libxml2,fec31bcd452e77c10579467ca87a785b41115de6,CVE-2010-4494,group-row-543,test,train
row-12958,CWE-399,util-linux,4b39b6aefd5dd8ac68a92adc650dc13d5d54d704,CVE-2011-1675,group-row-12958,train,train
row-12959,CWE-399,util-linux,4b39b6aefd5dd8ac68a92adc650dc13d5d54d704,CVE-2011-1675,group-row-12958,train,train
row-12960,CWE-399,util-linux,11b51a46bfd3c340df251b2d20fe9d04d077a88e,CVE-2011-1675,group-row-12958,train,train
row-12961,CWE-399,util-linux,84ed14022e7d3d121bbcab60ebad11ed38d691b0,CVE-2011-1675,group-row-12958,train,train
row-12962,CWE-399,util-linux,84ed14022e7d3d121bbcab60ebad11ed38d691b0,CVE-2011-1675,group-row-12958,train,train
row-12963,CWE-399,util-linux,84ed14022e7d3d121bbcab60ebad11ed38d691b0,CVE-2011-1675,group-row-12958,train,train
row-12964,CWE-399,util-linux,84ed14022e7d3d121bbcab60ebad11ed38d691b0,CVE-2011-1675,group-row-12958,train,train
row-12965,CWE-399,util-linux,28594c9d4fc8a4108408c5749b62933b967ba23b,CVE-2011-1675,group-row-12958,train,train
row-12966,CWE-399,util-linux,28594c9d4fc8a4108408c5749b62933b967ba23b,CVE-2011-1675,group-row-12958,train,train
row-12967,CWE-399,util-linux,28594c9d4fc8a4108408c5749b62933b967ba23b,CVE-2011-1675,group-row-12958,train,train
row-12968,CWE-399,util-linux,28594c9d4fc8a4108408c5749b62933b967ba23b,CVE-2011-1675,group-row-12958,train,train
row-12969,CWE-399,util-linux,28594c9d4fc8a4108408c5749b62933b967ba23b,CVE-2011-1675,group-row-12958,train,train
row-12970,CWE-399,util-linux,28594c9d4fc8a4108408c5749b62933b967ba23b,CVE-2011-1675,group-row-12958,train,train
row-12971,CWE-399,util-linux,28594c9d4fc8a4108408c5749b62933b967ba23b,CVE-2011-1675,group-row-12958,train,train
row-12999,CWE-20,php-src,ff261853223f887fb1964e6c68080f903ca1de06,CVE-2006-7243,group-row-12999,validation,train
row-13000,CWE-20,php-src,adc070ca995384e4de83fa3446c6dfcf946a3f50,CVE-2006-7243,group-row-12999,validation,train
row-13003,CWE-264,dcmtk,beaf5a5c24101daeeafa48c375120b16197c9e95,,group-row-13003,train,validation
row-13004,CWE-264,dcmtk,beaf5a5c24101daeeafa48c375120b16197c9e95,,group-row-13003,train,validation
row-13005,CWE-264,dcmtk,beaf5a5c24101daeeafa48c375120b16197c9e95,,group-row-13003,train,validation
row-13006,CWE-264,dcmtk,beaf5a5c24101daeeafa48c375120b16197c9e95,,group-row-13003,train,validation
row-13007,CWE-264,dcmtk,beaf5a5c24101daeeafa48c375120b16197c9e95,,group-row-13003,train,validation
row-13008,CWE-264,dcmtk,beaf5a5c24101daeeafa48c375120b16197c9e95,,group-row-13003,train,validation
row-13009,CWE-264,dcmtk,beaf5a5c24101daeeafa48c375120b16197c9e95,,group-row-13003,train,validation
row-13010,CWE-264,dcmtk,beaf5a5c24101daeeafa48c375120b16197c9e95,,group-row-13003,train,validation
row-13041,CWE-190,icu,71dd84d4ffd6600a70e5bca56a22b957e6642bd4,CVE-2017-15422,group-row-13041,train,test
row-13042,CWE-190,icu,71dd84d4ffd6600a70e5bca56a22b957e6642bd4,CVE-2017-15422,group-row-13041,train,test
row-13043,CWE-190,icu,71dd84d4ffd6600a70e5bca56a22b957e6642bd4,CVE-2017-15422,group-row-13041,train,test
row-13044,CWE-415,patch,9c986353e420ead6e706262bf204d6e03322c300,CVE-2018-6952,group-row-13044,test,train
row-13045,CWE-787,linux,a751be5b142ef6bcbbb96d9899516f4d9c8d0ef4,CVE-2017-13166,group-row-6536,train,train
row-13046,CWE-787,linux,a751be5b142ef6bcbbb96d9899516f4d9c8d0ef4,CVE-2017-13166,group-row-6536,train,train
row-13051,CWE-200,sssd,ed90a20a0f0e936eb00d268080716c0384ffb01d,CVE-2018-10852,group-row-13051,train,train
row-13055,CWE-787,pam-u2f,aab0c31a3bfed8912a271685d6ec909f61380155,CVE-2019-1221,group-row-13055,train,train
row-13056,CWE-787,MilkyTracker,fd607a3439fcdd0992e5efded3c16fc79c804e34,CVE-2019-14464,group-row-13056,train,train
row-13057,CWE-787,libffi,44a6c28545186d78642487927952844156fc7ab5,CVE-2020-9391,group-row-9617,train,train
row-13058,CWE-787,linux,ce18d171cb7368557e6498a3ce111d7d3dc03e4d,CVE-2020-9391,group-row-9617,train,train
row-13059,CWE-787,linux,ce18d171cb7368557e6498a3ce111d7d3dc03e4d,CVE-2020-9391,group-row-9617,train,train
row-13060,CWE-787,linux,ce18d171cb7368557e6498a3ce111d7d3dc03e4d,CVE-2020-9391,group-row-9617,train,train
row-13061,CWE-787,linux,ce18d171cb7368557e6498a3ce111d7d3dc03e4d,CVE-2020-9391,group-row-9617,train,train
row-13069,CWE-476,qemu,d44dae1a7cf782ec9235746ebb0e6c1a20dd7288,CVE-2021-4145,group-row-11999,train,train
row-13100,CWE-476,mujs,f5b3c703e18725e380b83427004632e744f85a6f,CVE-2022-30975,group-row-13100,train,train
row-13101,CWE-476,mujs,f5b3c703e18725e380b83427004632e744f85a6f,CVE-2022-30975,group-row-13100,train,train
row-13102,CWE-476,gpac,00194f5fe462123f70b0bae7987317b52898b868,,group-row-13102,test,validation
row-13108,CWE-476,FFmpeg,2aa9047486dbff12d9e040f917e5f799ed2fd78b,,group-row-13108,test,train
row-13109,CWE-476,FFmpeg,2aa9047486dbff12d9e040f917e5f799ed2fd78b,,group-row-13108,test,train
row-13111,CWE-703,Crow,79eec91f00b5fb7df890d4e84b2f048b0841e044,,group-row-13111,train,train
row-13116,CWE-476,gpac,87afe070cd6866df7fe80f11b26ef75161de85e0,,group-row-13116,test,train
row-13118,CWE-20,linux,e0bccd315db0c2f919e7fcf9cb60db21d9986f52,,group-row-13118,train,validation
row-13119,CWE-20,linux,e0bccd315db0c2f919e7fcf9cb60db21d9986f52,,group-row-13118,train,validation
row-13120,CWE-20,linux,e0bccd315db0c2f919e7fcf9cb60db21d9986f52,,group-row-13118,train,validation
row-13121,CWE-20,linux,e0bccd315db0c2f919e7fcf9cb60db21d9986f52,,group-row-13118,train,validation
row-13122,CWE-20,linux,e0bccd315db0c2f919e7fcf9cb60db21d9986f52,,group-row-13118,train,validation
row-13123,CWE-20,linux,e0bccd315db0c2f919e7fcf9cb60db21d9986f52,,group-row-13118,train,validation
row-13124,CWE-20,linux,e0bccd315db0c2f919e7fcf9cb60db21d9986f52,,group-row-13118,train,validation
row-13129,CWE-703,njs,2e00e95473861846aa8538be87db07699d9f676d,,group-row-13129,train,train
row-13130,CWE-476,linux,cabfb3680f78981d26c078a26e5c748531257ebb,,group-row-13130,train,train
row-13131,CWE-476,linux,cabfb3680f78981d26c078a26e5c748531257ebb,,group-row-13130,train,train
row-13132,CWE-476,linux,cabfb3680f78981d26c078a26e5c748531257ebb,,group-row-13130,train,train
row-13141,CWE-787,epiphany,486da133569ebfc436c959a7419565ab102e8525,,group-row-13141,train,train
row-13142,CWE-369,tensorflow,2be2cdf3a123e231b16f766aa0e27d56b4606535,,group-row-13142,train,test
row-13149,CWE-20,linux,c9b92530a723ac5ef8e352885a1862b18f31b2f5,,group-row-13149,train,train
row-13150,CWE-20,linux,c9b92530a723ac5ef8e352885a1862b18f31b2f5,,group-row-13149,train,train
row-13151,CWE-703,linux,6a76f8c0ab19f215af2a3442870eeb5f0e81998d,,group-row-13151,train,train
row-13156,CWE-401,FreeRDP,9fee4ae076b1ec97b97efb79ece08d1dab4df29a,,group-row-13156,train,train
row-13157,CWE-401,FreeRDP,9fee4ae076b1ec97b97efb79ece08d1dab4df29a,,group-row-13156,train,train
row-13158,CWE-401,FreeRDP,9fee4ae076b1ec97b97efb79ece08d1dab4df29a,,group-row-13156,train,train
row-13159,CWE-401,FreeRDP,9fee4ae076b1ec97b97efb79ece08d1dab4df29a,,group-row-13156,train,train
row-13160,CWE-401,FreeRDP,9fee4ae076b1ec97b97efb79ece08d1dab4df29a,,group-row-13156,train,train
row-13161,CWE-399,FFmpeg,cdd5df8189ff1537f7abe8defe971f80602cc2d2,,group-row-13161,test,validation
row-13162,CWE-787,tcpdump,a152aebfd1114376ba266ed30416be596ef9d806,,group-row-13162,train,train
row-13163,CWE-125,libarchive,65a23f5dbee4497064e9bb467f81138a62b0dae1,,group-row-13163,train,train
row-13164,CWE-787,gpac,4e56ad72ac1afb4e049a10f2d99e7512d7141f9d,,group-row-13164,test,train
row-13165,CWE-787,gpac,4e56ad72ac1afb4e049a10f2d99e7512d7141f9d,,group-row-13164,test,train
row-13167,CWE-125,libgd,4859d69e07504d4b0a4bdf9bcb4d9e3769ca35ae,,group-row-13167,validation,train
row-13168,CWE-125,libgd,4859d69e07504d4b0a4bdf9bcb4d9e3769ca35ae,,group-row-13167,validation,train
row-13217,CWE-787,tensorflow,41727ff06111117bdf86b37db198217fd7a143cc,,group-row-13217,train,train
row-13220,CWE-369,tensorflow,744009c9e5cc5d0447f0dc39d055f917e1fd9e16,,group-row-13220,train,validation
row-13221,CWE-787,nDPI,1ec621c85b9411cc611652fd57a892cfef478af3,,group-row-13221,train,train
row-13222,CWE-787,nDPI,1ec621c85b9411cc611652fd57a892cfef478af3,,group-row-13221,train,train
row-13230,CWE-416,tensorflow,5ecec9c6fbdbc6be03295685190a45e7eee726ab,,group-row-13230,train,test
row-13258,CWE-703,linux,ce9f24cccdc019229b70a5c15e2b09ad9c0ab5d1,,group-row-13258,train,train
row-13259,CWE-703,linux,ce9f24cccdc019229b70a5c15e2b09ad9c0ab5d1,,group-row-13258,train,train
row-13260,CWE-703,linux,ce9f24cccdc019229b70a5c15e2b09ad9c0ab5d1,,group-row-13258,train,train
row-13261,CWE-703,linux,ce9f24cccdc019229b70a5c15e2b09ad9c0ab5d1,,group-row-13258,train,train
row-13262,CWE-703,linux,ce9f24cccdc019229b70a5c15e2b09ad9c0ab5d1,,group-row-13258,train,train
row-13263,CWE-703,linux,ce9f24cccdc019229b70a5c15e2b09ad9c0ab5d1,,group-row-13258,train,train
row-13264,CWE-703,linux,ce9f24cccdc019229b70a5c15e2b09ad9c0ab5d1,,group-row-13258,train,train
row-13265,CWE-703,linux,ce9f24cccdc019229b70a5c15e2b09ad9c0ab5d1,,group-row-13258,train,train
row-13266,CWE-703,linux,ce9f24cccdc019229b70a5c15e2b09ad9c0ab5d1,,group-row-13258,train,train
row-13267,CWE-703,linux,ce9f24cccdc019229b70a5c15e2b09ad9c0ab5d1,,group-row-13258,train,train
row-13268,CWE-703,linux,ce9f24cccdc019229b70a5c15e2b09ad9c0ab5d1,,group-row-13258,train,train
row-13269,CWE-703,linux,ce9f24cccdc019229b70a5c15e2b09ad9c0ab5d1,,group-row-13258,train,train
row-13270,CWE-703,linux,ce9f24cccdc019229b70a5c15e2b09ad9c0ab5d1,,group-row-13258,train,train
row-13271,CWE-703,linux,ce9f24cccdc019229b70a5c15e2b09ad9c0ab5d1,,group-row-13258,train,train
row-13272,CWE-703,linux,ce9f24cccdc019229b70a5c15e2b09ad9c0ab5d1,,group-row-13258,train,train
row-13273,CWE-703,linux,ce9f24cccdc019229b70a5c15e2b09ad9c0ab5d1,,group-row-13258,train,train
row-13276,CWE-416,njs,6a07c2156a07ef307b6dcf3c2ca8571a5f1af7a6,,group-row-13276,train,train
row-13277,CWE-416,njs,6a07c2156a07ef307b6dcf3c2ca8571a5f1af7a6,,group-row-13276,train,train
row-13278,CWE-416,njs,6a07c2156a07ef307b6dcf3c2ca8571a5f1af7a6,,group-row-13276,train,train
row-13279,CWE-416,njs,6a07c2156a07ef307b6dcf3c2ca8571a5f1af7a6,,group-row-13276,train,train
row-13280,CWE-416,njs,6a07c2156a07ef307b6dcf3c2ca8571a5f1af7a6,,group-row-13276,train,train
row-13281,CWE-416,njs,6a07c2156a07ef307b6dcf3c2ca8571a5f1af7a6,,group-row-13276,train,train
row-13282,CWE-416,njs,6a07c2156a07ef307b6dcf3c2ca8571a5f1af7a6,,group-row-13276,train,train
row-13340,CWE-703,fdkaac,4ec1422bd951a137225ffa4052da120e2ab0a0f4,,group-row-13340,train,train
row-13341,CWE-703,fdkaac,4ec1422bd951a137225ffa4052da120e2ab0a0f4,,group-row-13340,train,train
row-13342,CWE-703,Bento4,33331ce2d35d45d855af7441db6116b4a9e2b70f,,group-row-13342,validation,train
row-13354,CWE-787,winscp,faa96e8144e6925a380f94a97aa382c9427f688d,,group-row-13354,train,train
row-13355,CWE-787,winscp,faa96e8144e6925a380f94a97aa382c9427f688d,,group-row-13354,train,train
row-13356,CWE-787,winscp,faa96e8144e6925a380f94a97aa382c9427f688d,,group-row-13354,train,train
row-13357,CWE-200,linux,680d04e0ba7e926233e3b9cee59125ce181f66ba,,group-row-13357,train,train
row-13366,CWE-787,samba,22b4091924977f6437b59627f33a8e6f02b41011,,group-row-13366,train,test
row-13379,CWE-703,njs,5c6130a2a0b4c41ab415f6b8992aa323636338b9,,group-row-13379,train,test
row-13390,CWE-125,ImageMagick,a6240a163cb787909703d9fc649cf861f60ddd7c,,group-row-13390,train,train
row-13391,CWE-787,gpac,388ecce75d05e11fc8496aa4857b91245007d26e,,group-row-13391,test,train
row-13403,CWE-787,FFmpeg,b0a8b40294ea212c1938348ff112ef1b9bf16bb3,,group-row-13403,test,train
row-13404,CWE-703,openscad,770e3234cbfe66edbc0333f796b46d36a74aa652,,group-row-13404,train,validation
row-13406,CWE-416,tensorflow,ca38dab9d3ee66c5de06f11af9a4b1200da5ef75,,group-row-13406,train,train
row-13407,CWE-416,tensorflow,ca38dab9d3ee66c5de06f11af9a4b1200da5ef75,,group-row-13406,train,train
row-13408,CWE-416,tensorflow,ca38dab9d3ee66c5de06f11af9a4b1200da5ef75,,group-row-13406,train,train
row-13409,CWE-416,tensorflow,ca38dab9d3ee66c5de06f11af9a4b1200da5ef75,,group-row-13406,train,train
row-13410,CWE-416,tensorflow,ca38dab9d3ee66c5de06f11af9a4b1200da5ef75,,group-row-13406,train,train
row-13415,CWE-295,libxsmm,3f417e5e0670b066d558052fd32fc8093c81ee94,,group-row-13415,test,test
row-13416,CWE-295,libxsmm,3f417e5e0670b066d558052fd32fc8093c81ee94,,group-row-13415,test,test
row-13417,CWE-295,libxsmm,3f417e5e0670b066d558052fd32fc8093c81ee94,,group-row-13415,test,test
row-13418,CWE-295,libxsmm,3f417e5e0670b066d558052fd32fc8093c81ee94,,group-row-13415,test,test
row-13429,CWE-125,cpp-peglib,b3b29ce8f3acf3a32733d930105a17d7b0ba347e,,group-row-13429,train,train
row-13430,CWE-125,cpp-peglib,b3b29ce8f3acf3a32733d930105a17d7b0ba347e,,group-row-13429,train,train
row-13431,CWE-125,cpp-peglib,b3b29ce8f3acf3a32733d930105a17d7b0ba347e,,group-row-13429,train,train
row-13432,CWE-125,cpp-peglib,b3b29ce8f3acf3a32733d930105a17d7b0ba347e,,group-row-13429,train,train
row-13433,CWE-125,cpp-peglib,b3b29ce8f3acf3a32733d930105a17d7b0ba347e,,group-row-13429,train,train
row-13434,CWE-125,cpp-peglib,b3b29ce8f3acf3a32733d930105a17d7b0ba347e,,group-row-13429,train,train
row-13435,CWE-125,cpp-peglib,b3b29ce8f3acf3a32733d930105a17d7b0ba347e,,group-row-13429,train,train
row-13436,CWE-125,cpp-peglib,b3b29ce8f3acf3a32733d930105a17d7b0ba347e,,group-row-13429,train,train
row-13437,CWE-125,cpp-peglib,b3b29ce8f3acf3a32733d930105a17d7b0ba347e,,group-row-13429,train,train
row-13438,CWE-125,cpp-peglib,b3b29ce8f3acf3a32733d930105a17d7b0ba347e,,group-row-13429,train,train
row-13439,CWE-125,cpp-peglib,b3b29ce8f3acf3a32733d930105a17d7b0ba347e,,group-row-13429,train,train
row-13440,CWE-125,cpp-peglib,b3b29ce8f3acf3a32733d930105a17d7b0ba347e,,group-row-13429,train,train
row-13441,CWE-125,cpp-peglib,b3b29ce8f3acf3a32733d930105a17d7b0ba347e,,group-row-13429,train,train
row-13442,CWE-125,cpp-peglib,b3b29ce8f3acf3a32733d930105a17d7b0ba347e,,group-row-13429,train,train
row-13443,CWE-125,cpp-peglib,b3b29ce8f3acf3a32733d930105a17d7b0ba347e,,group-row-13429,train,train
row-13444,CWE-125,cpp-peglib,b3b29ce8f3acf3a32733d930105a17d7b0ba347e,,group-row-13429,train,train
row-13445,CWE-125,cpp-peglib,b3b29ce8f3acf3a32733d930105a17d7b0ba347e,,group-row-13429,train,train
row-13446,CWE-125,cpp-peglib,b3b29ce8f3acf3a32733d930105a17d7b0ba347e,,group-row-13429,train,train
row-13447,CWE-125,cpp-peglib,b3b29ce8f3acf3a32733d930105a17d7b0ba347e,,group-row-13429,train,train
row-13448,CWE-125,cpp-peglib,b3b29ce8f3acf3a32733d930105a17d7b0ba347e,,group-row-13429,train,train
row-13449,CWE-125,cpp-peglib,b3b29ce8f3acf3a32733d930105a17d7b0ba347e,,group-row-13429,train,train
row-13450,CWE-125,cpp-peglib,b3b29ce8f3acf3a32733d930105a17d7b0ba347e,,group-row-13429,train,train
row-13451,CWE-125,cpp-peglib,b3b29ce8f3acf3a32733d930105a17d7b0ba347e,,group-row-13429,train,train
row-13452,CWE-125,cpp-peglib,b3b29ce8f3acf3a32733d930105a17d7b0ba347e,,group-row-13429,train,train
row-13453,CWE-20,neomutt,3c49c44be9b459d9c616bcaef6eb5d51298c1741,,group-row-13453,train,train
row-13460,CWE-787,xorg-xserver,e56f61c79fc3cee26d83cda0f84ae56d5979f768,,group-row-13460,train,train
row-13461,CWE-125,tcpdump,6f5ba2b651cd9d4b7fa8ee5c4f94460645877c45,,group-row-13461,train,train
row-13462,CWE-703,linux,ce40cd3fc7fa40a6119e5fe6c0f2bc0eb4541009,,group-row-13462,train,train
row-13464,CWE-369,tensorflow,2c74674348a4708ced58ad6eb1b23354df8ee044,,group-row-13464,train,train
row-13465,CWE-703,gerbv,b2c2f8da851f2ac8079a91ce9d498d87ff96abcf,,group-row-13465,train,test
row-13466,CWE-703,gerbv,b2c2f8da851f2ac8079a91ce9d498d87ff96abcf,,group-row-13465,train,test
row-13467,CWE-703,gerbv,b2c2f8da851f2ac8079a91ce9d498d87ff96abcf,,group-row-13465,train,test
row-13468,CWE-703,gerbv,b2c2f8da851f2ac8079a91ce9d498d87ff96abcf,,group-row-13465,train,test
row-13469,CWE-703,gerbv,b2c2f8da851f2ac8079a91ce9d498d87ff96abcf,,group-row-13465,train,test
row-13470,CWE-703,gerbv,b2c2f8da851f2ac8079a91ce9d498d87ff96abcf,,group-row-13465,train,test
row-13471,CWE-703,gerbv,b2c2f8da851f2ac8079a91ce9d498d87ff96abcf,,group-row-13465,train,test
row-13472,CWE-703,gerbv,b2c2f8da851f2ac8079a91ce9d498d87ff96abcf,,group-row-13465,train,test
row-13473,CWE-703,gerbv,b2c2f8da851f2ac8079a91ce9d498d87ff96abcf,,group-row-13465,train,test
row-13476,CWE-125,radare2,30f4c7b52a4e2dc0d0b1bae487d90f5437c69d19,,group-row-13476,train,train
row-13477,CWE-125,radare2,30f4c7b52a4e2dc0d0b1bae487d90f5437c69d19,,group-row-13476,train,train
row-13479,CWE-190,wolfssh,edb272e35ee57e7b89f3e127222c6981b6a1e730,,group-row-13479,train,train
row-13480,CWE-190,wolfssh,edb272e35ee57e7b89f3e127222c6981b6a1e730,,group-row-13479,train,train
row-13481,CWE-190,wolfssh,edb272e35ee57e7b89f3e127222c6981b6a1e730,,group-row-13479,train,train
row-13482,CWE-190,wolfssh,edb272e35ee57e7b89f3e127222c6981b6a1e730,,group-row-13479,train,train
row-13483,CWE-190,wolfssh,edb272e35ee57e7b89f3e127222c6981b6a1e730,,group-row-13479,train,train
row-13484,CWE-190,wolfssh,edb272e35ee57e7b89f3e127222c6981b6a1e730,,group-row-13479,train,train
row-13485,CWE-190,wolfssh,edb272e35ee57e7b89f3e127222c6981b6a1e730,,group-row-13479,train,train
row-13486,CWE-190,wolfssh,edb272e35ee57e7b89f3e127222c6981b6a1e730,,group-row-13479,train,train
row-13487,CWE-190,wolfssh,edb272e35ee57e7b89f3e127222c6981b6a1e730,,group-row-13479,train,train
row-13488,CWE-190,wolfssh,edb272e35ee57e7b89f3e127222c6981b6a1e730,,group-row-13479,train,train
row-13490,CWE-703,samba,3e8d6e681f8dbe79e4595549f78c42649b3573a2,,group-row-13490,train,train
row-13491,CWE-787,ok-file-formats,a9cc1711dd4ed6a215038f1c5c03af0ef52c3211,,group-row-13491,train,train
row-13492,CWE-787,ok-file-formats,a9cc1711dd4ed6a215038f1c5c03af0ef52c3211,,group-row-13491,train,train
row-13496,CWE-703,ntfs-3g,60717a846deaaea47e50ce58872869f7bd1103b5,,group-row-13496,train,train
row-13497,CWE-22,linux,2896c93811e39d63a4d9b63ccf12a8fbc226e5e4,,group-row-13497,train,train
row-13498,CWE-22,linux,2896c93811e39d63a4d9b63ccf12a8fbc226e5e4,,group-row-13497,train,train
row-13499,CWE-22,linux,2896c93811e39d63a4d9b63ccf12a8fbc226e5e4,,group-row-13497,train,train
row-13500,CWE-22,linux,2896c93811e39d63a4d9b63ccf12a8fbc226e5e4,,group-row-13497,train,train
row-13501,CWE-703,ompl,abb4fadcb4e4fe4c9cf41e5e7706143a66948eb7,,group-row-13501,train,train
row-13503,CWE-476,libjpeg,51c3241b6da39df30f016b63f43f31c4011222c7,,group-row-13503,train,train
row-13505,CWE-416,proxygen,f43b134cc5c19d8532e7fb670a1c02e85f7a8d4f,,group-row-13505,train,train
row-13506,CWE-416,proxygen,f43b134cc5c19d8532e7fb670a1c02e85f7a8d4f,,group-row-13505,train,train
row-13507,CWE-787,libde265,8e89fe0e175d2870c39486fdd09250b230ec10b8,,group-row-13507,train,train
row-13508,CWE-787,libde265,8e89fe0e175d2870c39486fdd09250b230ec10b8,,group-row-13507,train,train
row-13509,CWE-787,libde265,8e89fe0e175d2870c39486fdd09250b230ec10b8,,group-row-13507,train,train
row-13512,CWE-703,linux,2d3916f3189172d5c69d33065c3c21119fe539fc,,group-row-13512,train,train
row-13513,CWE-703,linux,2d3916f3189172d5c69d33065c3c21119fe539fc,,group-row-13512,train,train
row-13518,CWE-787,linux,64620e0a1e712a778095bd35cbb277dc2259281f,,group-row-13518,train,train
row-13520,CWE-399,linux,2b13d06c9584b4eb773f1e80bbaedab9a1c344e1,,group-row-13520,train,train
row-13523,CWE-369,tensorflow,8a793b5d7f59e37ac7f3cd0954a750a2fe76bad4,,group-row-13523,train,train
row-13524,CWE-369,tensorflow,8a793b5d7f59e37ac7f3cd0954a750a2fe76bad4,,group-row-13523,train,train
row-13525,CWE-369,tensorflow,8a793b5d7f59e37ac7f3cd0954a750a2fe76bad4,,group-row-13523,train,train
row-13547,CWE-476,bitlbee,701ab8129ba9ea64f569daedca9a8603abad740f,,group-row-13547,train,train
row-13552,CWE-200,linux,0143fc5e9f6f5aad4764801015bc8d4b4a278200,,group-row-13552,train,train
row-13554,CWE-190,php-src,3b8d4de300854b3517c7acb239b84f7726c1353c,,group-row-13554,validation,train
row-13555,CWE-190,php-src,3b8d4de300854b3517c7acb239b84f7726c1353c,,group-row-13554,validation,train
row-13560,CWE-20,httpd,a6027e56924bb6227c1fdbf6f91e7e2438338be6,,group-row-13560,train,test
row-13561,CWE-20,httpd,a6027e56924bb6227c1fdbf6f91e7e2438338be6,,group-row-13560,train,test
row-13565,CWE-125,tensorflow,953f28dca13c92839ba389c055587cfe6c723578,,group-row-13565,train,train
row-13566,CWE-125,radare2,c6d0076c924891ad9948a62d89d0bcdaf965f0cd,,group-row-13566,train,test
row-13569,CWE-125,gpac,093283e727f396130651280609e687cd4778e0d1,,group-row-13569,test,validation
row-13578,CWE-415,micro-ecc,1b5f5cea5145c96dd8791b9b2c41424fc74c2172,,group-row-13578,train,test
row-13589,CWE-703,qemu,abe300d9d894f7138e1af7c8e9c88c04bfe98b37,,group-row-13589,train,train
row-13592,CWE-787,fribidi,ad3a19e6372b1e667128ed1ea2f49919884587e1,,group-row-13592,train,train
row-13594,CWE-20,gcc,a09ccc22459c565814f79f96586fe4ad083fe4eb,,group-row-13594,train,train
row-13600,CWE-476,linux,4969c06a0d83c9c3dc50b8efcdc8eeedfce896f6,,group-row-13600,train,test
row-13601,CWE-476,linux,4969c06a0d83c9c3dc50b8efcdc8eeedfce896f6,,group-row-13600,train,test
row-13602,CWE-476,linux,4969c06a0d83c9c3dc50b8efcdc8eeedfce896f6,,group-row-13600,train,test
row-13603,CWE-476,linux,4969c06a0d83c9c3dc50b8efcdc8eeedfce896f6,,group-row-13600,train,test
row-13604,CWE-476,linux,4969c06a0d83c9c3dc50b8efcdc8eeedfce896f6,,group-row-13600,train,test
row-13605,CWE-476,linux,4969c06a0d83c9c3dc50b8efcdc8eeedfce896f6,,group-row-13600,train,test
row-13606,CWE-476,linux,4969c06a0d83c9c3dc50b8efcdc8eeedfce896f6,,group-row-13600,train,test
row-13612,CWE-200,ntfs-3g,7f81935f32e58e8fec22bc46683b1b067469405f,,group-row-13612,train,train
row-13613,CWE-200,ntfs-3g,7f81935f32e58e8fec22bc46683b1b067469405f,,group-row-13612,train,train
row-13614,CWE-369,FFmpeg,2c0e98a0b478284bdff6d7a4062522605a8beae5,,group-row-13614,test,train
row-13630,CWE-399,linux,6b0d6a9b4296fa16a28d10d416db7a770fc03287,,group-row-13630,train,test
row-13631,CWE-190,tensorflow,7c8cc4ec69cd348e44ad6a2699057ca88faad3e5,,group-row-13631,train,test
row-13632,CWE-190,tensorflow,7c8cc4ec69cd348e44ad6a2699057ca88faad3e5,,group-row-13631,train,test
row-13633,CWE-476,gpac,0102c5d4db7fdbf08b5b591b2a6264de33867a07,,group-row-13633,test,train
row-13634,CWE-476,gpac,0102c5d4db7fdbf08b5b591b2a6264de33867a07,,group-row-13633,test,train
row-13635,CWE-476,gpac,0102c5d4db7fdbf08b5b591b2a6264de33867a07,,group-row-13633,test,train
row-13636,CWE-476,gpac,0102c5d4db7fdbf08b5b591b2a6264de33867a07,,group-row-13633,test,train
row-13637,CWE-22,webcc,55a45fd5039061d5cc62e9f1b9d1f7e97a15143f,,group-row-13637,train,train
row-13638,CWE-22,webcc,55a45fd5039061d5cc62e9f1b9d1f7e97a15143f,,group-row-13637,train,train
row-13639,CWE-22,webcc,55a45fd5039061d5cc62e9f1b9d1f7e97a15143f,,group-row-13637,train,train
row-13640,CWE-22,webcc,55a45fd5039061d5cc62e9f1b9d1f7e97a15143f,,group-row-13637,train,train
row-13641,CWE-22,webcc,55a45fd5039061d5cc62e9f1b9d1f7e97a15143f,,group-row-13637,train,train
row-13642,CWE-22,webcc,55a45fd5039061d5cc62e9f1b9d1f7e97a15143f,,group-row-13637,train,train
row-13643,CWE-22,webcc,55a45fd5039061d5cc62e9f1b9d1f7e97a15143f,,group-row-13637,train,train
row-13644,CWE-22,webcc,55a45fd5039061d5cc62e9f1b9d1f7e97a15143f,,group-row-13637,train,train
row-13645,CWE-22,webcc,55a45fd5039061d5cc62e9f1b9d1f7e97a15143f,,group-row-13637,train,train
row-13646,CWE-22,webcc,55a45fd5039061d5cc62e9f1b9d1f7e97a15143f,,group-row-13637,train,train
row-13647,CWE-22,webcc,55a45fd5039061d5cc62e9f1b9d1f7e97a15143f,,group-row-13637,train,train
row-13648,CWE-22,webcc,55a45fd5039061d5cc62e9f1b9d1f7e97a15143f,,group-row-13637,train,train
row-13649,CWE-22,webcc,55a45fd5039061d5cc62e9f1b9d1f7e97a15143f,,group-row-13637,train,train
row-13650,CWE-703,bluez,7a80d2096f1b7125085e21448112aa02f49f5e9a,,group-row-13650,train,test
row-13651,CWE-703,bluez,7a80d2096f1b7125085e21448112aa02f49f5e9a,,group-row-13650,train,test
row-13682,CWE-200,linux,1f86840f897717f86d523a13e99a447e6a5d2fa5,,group-row-13682,train,test
row-13708,CWE-20,tensorflow,136b51f10903e044308cf77117c0ed9871350475,,group-row-13708,train,train
row-13709,CWE-20,tensorflow,136b51f10903e044308cf77117c0ed9871350475,,group-row-13708,train,train
row-13710,CWE-20,tensorflow,136b51f10903e044308cf77117c0ed9871350475,,group-row-13708,train,train
row-13713,CWE-416,systemd,904dcaf9d4933499f8334859f52ea8497f2d24ff,,group-row-13713,train,train
row-13714,CWE-416,systemd,904dcaf9d4933499f8334859f52ea8497f2d24ff,,group-row-13713,train,train
row-13715,CWE-416,systemd,904dcaf9d4933499f8334859f52ea8497f2d24ff,,group-row-13713,train,train
row-13716,CWE-416,systemd,904dcaf9d4933499f8334859f52ea8497f2d24ff,,group-row-13713,train,train
row-13720,CWE-200,linux,a70b52ec1aaeaf60f4739edb1b422827cb6f3893,,group-row-13720,train,validation
row-13721,CWE-200,linux,a70b52ec1aaeaf60f4739edb1b422827cb6f3893,,group-row-13720,train,validation
row-13722,CWE-200,linux,a70b52ec1aaeaf60f4739edb1b422827cb6f3893,,group-row-13720,train,validation
row-13725,CWE-125,folly,c321eb588909646c15aefde035fd3133ba32cdee,,group-row-13725,train,train
row-13726,CWE-125,folly,c321eb588909646c15aefde035fd3133ba32cdee,,group-row-13725,train,train
row-13727,CWE-125,folly,c321eb588909646c15aefde035fd3133ba32cdee,,group-row-13725,train,train
row-13748,CWE-416,linux,99c23da0eed4fd20cae8243f2b51e10e66aa0951,,group-row-13748,train,train
row-13749,CWE-416,linux,99c23da0eed4fd20cae8243f2b51e10e66aa0951,,group-row-13748,train,train
row-13752,CWE-190,mongo-c-driver-legacy,1a1f5e26a4309480d88598913f9eebf9e9cba8ca,,group-row-13752,train,train
row-13753,CWE-190,mongo-c-driver-legacy,1a1f5e26a4309480d88598913f9eebf9e9cba8ca,,group-row-13752,train,train
row-13754,CWE-190,mongo-c-driver-legacy,1a1f5e26a4309480d88598913f9eebf9e9cba8ca,,group-row-13752,train,train
row-13755,CWE-190,mongo-c-driver-legacy,1a1f5e26a4309480d88598913f9eebf9e9cba8ca,,group-row-13752,train,train
row-13756,CWE-190,mongo-c-driver-legacy,1a1f5e26a4309480d88598913f9eebf9e9cba8ca,,group-row-13752,train,train
row-13757,CWE-190,mongo-c-driver-legacy,1a1f5e26a4309480d88598913f9eebf9e9cba8ca,,group-row-13752,train,train
row-13758,CWE-190,mongo-c-driver-legacy,1a1f5e26a4309480d88598913f9eebf9e9cba8ca,,group-row-13752,train,train
row-13759,CWE-190,mongo-c-driver-legacy,1a1f5e26a4309480d88598913f9eebf9e9cba8ca,,group-row-13752,train,train
row-13760,CWE-190,mongo-c-driver-legacy,1a1f5e26a4309480d88598913f9eebf9e9cba8ca,,group-row-13752,train,train
row-13761,CWE-190,mongo-c-driver-legacy,1a1f5e26a4309480d88598913f9eebf9e9cba8ca,,group-row-13752,train,train
row-13762,CWE-190,mongo-c-driver-legacy,1a1f5e26a4309480d88598913f9eebf9e9cba8ca,,group-row-13752,train,train
row-13763,CWE-190,mongo-c-driver-legacy,1a1f5e26a4309480d88598913f9eebf9e9cba8ca,,group-row-13752,train,train
row-13764,CWE-190,mongo-c-driver-legacy,1a1f5e26a4309480d88598913f9eebf9e9cba8ca,,group-row-13752,train,train
row-13765,CWE-190,mongo-c-driver-legacy,1a1f5e26a4309480d88598913f9eebf9e9cba8ca,,group-row-13752,train,train
row-13766,CWE-190,mongo-c-driver-legacy,1a1f5e26a4309480d88598913f9eebf9e9cba8ca,,group-row-13752,train,train
row-13767,CWE-190,mongo-c-driver-legacy,1a1f5e26a4309480d88598913f9eebf9e9cba8ca,,group-row-13752,train,train
row-13768,CWE-190,mongo-c-driver-legacy,1a1f5e26a4309480d88598913f9eebf9e9cba8ca,,group-row-13752,train,train
row-13769,CWE-190,mongo-c-driver-legacy,1a1f5e26a4309480d88598913f9eebf9e9cba8ca,,group-row-13752,train,train
row-13770,CWE-190,mongo-c-driver-legacy,1a1f5e26a4309480d88598913f9eebf9e9cba8ca,,group-row-13752,train,train
row-13771,CWE-190,mongo-c-driver-legacy,1a1f5e26a4309480d88598913f9eebf9e9cba8ca,,group-row-13752,train,train
row-13772,CWE-190,mongo-c-driver-legacy,1a1f5e26a4309480d88598913f9eebf9e9cba8ca,,group-row-13752,train,train
row-13773,CWE-190,mongo-c-driver-legacy,1a1f5e26a4309480d88598913f9eebf9e9cba8ca,,group-row-13752,train,train
row-13774,CWE-190,mongo-c-driver-legacy,1a1f5e26a4309480d88598913f9eebf9e9cba8ca,,group-row-13752,train,train
row-13775,CWE-190,mongo-c-driver-legacy,1a1f5e26a4309480d88598913f9eebf9e9cba8ca,,group-row-13752,train,train
row-13776,CWE-190,mongo-c-driver-legacy,1a1f5e26a4309480d88598913f9eebf9e9cba8ca,,group-row-13752,train,train
row-13777,CWE-190,mongo-c-driver-legacy,1a1f5e26a4309480d88598913f9eebf9e9cba8ca,,group-row-13752,train,train
row-13778,CWE-190,mongo-c-driver-legacy,1a1f5e26a4309480d88598913f9eebf9e9cba8ca,,group-row-13752,train,train
row-13779,CWE-190,mongo-c-driver-legacy,1a1f5e26a4309480d88598913f9eebf9e9cba8ca,,group-row-13752,train,train
row-13780,CWE-190,mongo-c-driver-legacy,1a1f5e26a4309480d88598913f9eebf9e9cba8ca,,group-row-13752,train,train
row-13781,CWE-190,mongo-c-driver-legacy,1a1f5e26a4309480d88598913f9eebf9e9cba8ca,,group-row-13752,train,train
row-13782,CWE-190,mongo-c-driver-legacy,1a1f5e26a4309480d88598913f9eebf9e9cba8ca,,group-row-13752,train,train
row-13783,CWE-190,mongo-c-driver-legacy,1a1f5e26a4309480d88598913f9eebf9e9cba8ca,,group-row-13752,train,train
row-13784,CWE-190,mongo-c-driver-legacy,1a1f5e26a4309480d88598913f9eebf9e9cba8ca,,group-row-13752,train,train
row-13785,CWE-190,mongo-c-driver-legacy,1a1f5e26a4309480d88598913f9eebf9e9cba8ca,,group-row-13752,train,train
row-13786,CWE-190,mongo-c-driver-legacy,1a1f5e26a4309480d88598913f9eebf9e9cba8ca,,group-row-13752,train,train
row-13787,CWE-190,mongo-c-driver-legacy,1a1f5e26a4309480d88598913f9eebf9e9cba8ca,,group-row-13752,train,train
row-13788,CWE-190,mongo-c-driver-legacy,1a1f5e26a4309480d88598913f9eebf9e9cba8ca,,group-row-13752,train,train
row-13789,CWE-190,mongo-c-driver-legacy,1a1f5e26a4309480d88598913f9eebf9e9cba8ca,,group-row-13752,train,train
row-13790,CWE-190,mongo-c-driver-legacy,1a1f5e26a4309480d88598913f9eebf9e9cba8ca,,group-row-13752,train,train
row-13791,CWE-190,mongo-c-driver-legacy,1a1f5e26a4309480d88598913f9eebf9e9cba8ca,,group-row-13752,train,train
row-13792,CWE-369,tensorflow,ac117ee8a8ea57b73d34665cdf00ef3303bc0b11,,group-row-13792,train,train
row-13793,CWE-369,tensorflow,ac117ee8a8ea57b73d34665cdf00ef3303bc0b11,,group-row-13792,train,train
row-13807,CWE-787,gpac,328def7d3b93847d64ecb6e9e0399684e57c3eca,,group-row-13807,test,train
row-13810,CWE-787,tensorflow,3f6fe4dfef6f57e768260b48166c27d148f3015f,,group-row-13810,train,train
row-13811,CWE-787,tensorflow,3f6fe4dfef6f57e768260b48166c27d148f3015f,,group-row-13810,train,train
row-13812,CWE-787,tensorflow,3f6fe4dfef6f57e768260b48166c27d148f3015f,,group-row-13810,train,train
row-13813,CWE-787,tensorflow,3f6fe4dfef6f57e768260b48166c27d148f3015f,,group-row-13810,train,train
row-13814,CWE-787,tensorflow,3f6fe4dfef6f57e768260b48166c27d148f3015f,,group-row-13810,train,train
row-13818,CWE-125,radare2,f17bfd9f1da05f30f23a4dd05e9d2363e1406948,,group-row-13818,train,train
row-13819,CWE-787,gpac,ea1eca00fd92fa17f0e25ac25652622924a9a6a0,,group-row-13819,test,validation
row-13820,CWE-787,gpac,ea1eca00fd92fa17f0e25ac25652622924a9a6a0,,group-row-13819,test,validation
row-13821,CWE-787,gpac,ea1eca00fd92fa17f0e25ac25652622924a9a6a0,,group-row-13819,test,validation
row-13822,CWE-787,gpac,ea1eca00fd92fa17f0e25ac25652622924a9a6a0,,group-row-13819,test,validation
row-13823,CWE-787,gpac,ea1eca00fd92fa17f0e25ac25652622924a9a6a0,,group-row-13819,test,validation
row-13824,CWE-787,gpac,ea1eca00fd92fa17f0e25ac25652622924a9a6a0,,group-row-13819,test,validation
row-13825,CWE-787,gpac,ea1eca00fd92fa17f0e25ac25652622924a9a6a0,,group-row-13819,test,validation
row-13826,CWE-787,gpac,ea1eca00fd92fa17f0e25ac25652622924a9a6a0,,group-row-13819,test,validation
row-13827,CWE-787,gpac,ea1eca00fd92fa17f0e25ac25652622924a9a6a0,,group-row-13819,test,validation
row-13828,CWE-787,gpac,ea1eca00fd92fa17f0e25ac25652622924a9a6a0,,group-row-13819,test,validation
row-13829,CWE-787,gpac,ea1eca00fd92fa17f0e25ac25652622924a9a6a0,,group-row-13819,test,validation
row-13830,CWE-787,gpac,ea1eca00fd92fa17f0e25ac25652622924a9a6a0,,group-row-13819,test,validation
row-13832,CWE-125,yara,83d799804648c2a0895d40a19835d9b757c6fa4e,,group-row-13832,train,test
row-13833,CWE-125,yara,83d799804648c2a0895d40a19835d9b757c6fa4e,,group-row-13832,train,test
row-13834,CWE-125,yara,83d799804648c2a0895d40a19835d9b757c6fa4e,,group-row-13832,train,test
row-13835,CWE-125,yara,83d799804648c2a0895d40a19835d9b757c6fa4e,,group-row-13832,train,test
row-13836,CWE-125,yara,83d799804648c2a0895d40a19835d9b757c6fa4e,,group-row-13832,train,test
row-13837,CWE-125,yara,83d799804648c2a0895d40a19835d9b757c6fa4e,,group-row-13832,train,test
row-13839,CWE-401,detect-character-encoding,d44356927b92e3b13e178071bf6d7c671766f588,,group-row-13839,test,train
row-13842,CWE-200,linux,a5598bd9c087dc0efc250a5221e5d0e6f584ee88,,group-row-13842,train,train
row-13846,CWE-190,varnish-cache,9be22198e258d0e7a5c41f4291792214a29405cf,,group-row-13846,test,test
row-13847,CWE-125,tensorflow,01cff3f986259d661103412a20745928c727326f,,group-row-13847,train,train
row-13850,CWE-787,ok-file-formats,8d68dad9c9f220058e86dc7f3d05acca6b9aedf5,,group-row-13850,train,train
row-13851,CWE-200,linux,4a184233f21645cf0b719366210ed445d1024d72,,group-row-13851,train,train
row-13859,CWE-20,mongo,c151e0660b9736fe66b224f1129a16871165251b,,group-row-13859,validation,test
row-13860,CWE-787,FFmpeg,a3a3730b5456ca00587455004d40c047f7b20a99,,group-row-13860,test,train
row-13861,CWE-399,linux,78f11a255749d09025f54d4e2df4fbcb031530e2,,group-row-13861,train,train
row-13862,CWE-399,linux,78f11a255749d09025f54d4e2df4fbcb031530e2,,group-row-13861,train,train
row-13863,CWE-399,linux,78f11a255749d09025f54d4e2df4fbcb031530e2,,group-row-13861,train,train
row-13864,CWE-399,linux,78f11a255749d09025f54d4e2df4fbcb031530e2,,group-row-13861,train,train
row-13865,CWE-399,linux,78f11a255749d09025f54d4e2df4fbcb031530e2,,group-row-13861,train,train
row-13866,CWE-399,linux,78f11a255749d09025f54d4e2df4fbcb031530e2,,group-row-13861,train,train
row-13867,CWE-200,linux,c77a4b9cffb6215a15196ec499490d116dfad181,,group-row-13867,train,train
row-13869,CWE-703,FFmpeg,f1caaa1c61310beba705957e6366f0392a0b005b,,group-row-13869,test,test
row-13871,CWE-20,monkey,b2d0e6f92310bb14a15aa2f8e96e1fb5379776dd,,group-row-13871,train,train
row-13872,CWE-20,monkey,b2d0e6f92310bb14a15aa2f8e96e1fb5379776dd,,group-row-13871,train,train
row-13873,CWE-20,monkey,b2d0e6f92310bb14a15aa2f8e96e1fb5379776dd,,group-row-13871,train,train
row-13874,CWE-20,monkey,b2d0e6f92310bb14a15aa2f8e96e1fb5379776dd,,group-row-13871,train,train
row-13877,CWE-125,OpenSC,8fe377e93b4b56060e5bbfb6f3142ceaeca744fa,,group-row-13877,train,train
row-13878,CWE-125,OpenSC,8fe377e93b4b56060e5bbfb6f3142ceaeca744fa,,group-row-13877,train,train
row-13879,CWE-125,OpenSC,8fe377e93b4b56060e5bbfb6f3142ceaeca744fa,,group-row-13877,train,train
row-13880,CWE-125,OpenSC,8fe377e93b4b56060e5bbfb6f3142ceaeca744fa,,group-row-13877,train,train
row-13881,CWE-125,OpenSC,8fe377e93b4b56060e5bbfb6f3142ceaeca744fa,,group-row-13877,train,train
row-13882,CWE-125,OpenSC,8fe377e93b4b56060e5bbfb6f3142ceaeca744fa,,group-row-13877,train,train
row-13883,CWE-125,OpenSC,8fe377e93b4b56060e5bbfb6f3142ceaeca744fa,,group-row-13877,train,train
row-13884,CWE-125,OpenSC,8fe377e93b4b56060e5bbfb6f3142ceaeca744fa,,group-row-13877,train,train
row-13885,CWE-125,OpenSC,8fe377e93b4b56060e5bbfb6f3142ceaeca744fa,,group-row-13877,train,train
row-13886,CWE-125,OpenSC,8fe377e93b4b56060e5bbfb6f3142ceaeca744fa,,group-row-13877,train,train
row-13887,CWE-125,OpenSC,8fe377e93b4b56060e5bbfb6f3142ceaeca744fa,,group-row-13877,train,train
row-13888,CWE-125,OpenSC,8fe377e93b4b56060e5bbfb6f3142ceaeca744fa,,group-row-13877,train,train
row-13889,CWE-125,OpenSC,8fe377e93b4b56060e5bbfb6f3142ceaeca744fa,,group-row-13877,train,train
row-13890,CWE-125,OpenSC,8fe377e93b4b56060e5bbfb6f3142ceaeca744fa,,group-row-13877,train,train
row-13891,CWE-125,OpenSC,8fe377e93b4b56060e5bbfb6f3142ceaeca744fa,,group-row-13877,train,train
row-13892,CWE-125,OpenSC,8fe377e93b4b56060e5bbfb6f3142ceaeca744fa,,group-row-13877,train,train
row-13893,CWE-125,OpenSC,8fe377e93b4b56060e5bbfb6f3142ceaeca744fa,,group-row-13877,train,train
row-13894,CWE-125,OpenSC,8fe377e93b4b56060e5bbfb6f3142ceaeca744fa,,group-row-13877,train,train
row-13895,CWE-125,OpenSC,8fe377e93b4b56060e5bbfb6f3142ceaeca744fa,,group-row-13877,train,train
row-13896,CWE-125,OpenSC,8fe377e93b4b56060e5bbfb6f3142ceaeca744fa,,group-row-13877,train,train
row-13897,CWE-125,OpenSC,8fe377e93b4b56060e5bbfb6f3142ceaeca744fa,,group-row-13877,train,train
row-13898,CWE-125,OpenSC,8fe377e93b4b56060e5bbfb6f3142ceaeca744fa,,group-row-13877,train,train
row-13899,CWE-125,OpenSC,8fe377e93b4b56060e5bbfb6f3142ceaeca744fa,,group-row-13877,train,train
row-13900,CWE-125,OpenSC,8fe377e93b4b56060e5bbfb6f3142ceaeca744fa,,group-row-13877,train,train
row-13901,CWE-476,inspircd,8745660fcdac7c1b80c94cfc0ff60928cd4dd4b7,,group-row-13901,train,train
row-13902,CWE-476,inspircd,8745660fcdac7c1b80c94cfc0ff60928cd4dd4b7,,group-row-13901,train,train
row-13904,CWE-399,linux,b9e146d8eb3b9ecae5086d373b50fa0c1f3e7f0f,,group-row-13904,train,train
row-13906,CWE-200,php-src,6dbb1ee46b5f4725cc6519abf91e512a2a10dfed,,group-row-13906,validation,train
row-13907,CWE-703,MonetDB,8c363ad2fd11017bd4a24a22afa0fa84cc25e25a,,group-row-13907,train,validation
row-13908,CWE-703,MonetDB,8c363ad2fd11017bd4a24a22afa0fa84cc25e25a,,group-row-13907,train,validation
row-13913,CWE-369,tensorflow,0575b640091680cfb70f4dd93e70658de43b94f9,,group-row-13913,train,train
row-13914,CWE-200,linux,e11e0455c0d7d3d62276a0c55d9dfbc16779d691,,group-row-13914,train,train
row-13915,CWE-20,libgit2,928429c5c96a701bcbcafacb2421a82602b36915,,group-row-13915,train,validation
row-13916,CWE-476,tensorflow,9e82dce6e6bd1f36a57e08fa85af213e2b2f2622,,group-row-13916,train,train
row-13917,CWE-200,linux,089bc0143f489bd3a4578bdff5f4ca68fb26f341,,group-row-13917,train,train
row-13918,CWE-125,tensorflow,67bfd9feeecfb3c61d80f0e46d89c170fbee682b,,group-row-13918,train,train
row-13919,CWE-703,FFmpeg,29ffeef5e73b8f41ff3a3f2242d356759c66f91f,,group-row-13919,test,validation
row-13921,CWE-787,GameNetworkingSockets,e0c86dcb9139771db3db0cfdb1fb8bef0af19c43,,group-row-13921,train,train
row-13922,CWE-787,GameNetworkingSockets,e0c86dcb9139771db3db0cfdb1fb8bef0af19c43,,group-row-13921,train,train
row-13926,CWE-415,libarchive,021efa522ad729ff0f5806c4ce53e4a6cc1daa31,,group-row-13926,train,validation
row-13927,CWE-200,linux,9b3e617f3df53822345a8573b6d358f6b9e5ed87,,group-row-13927,train,train
row-13929,CWE-787,upx,73b854874e723f38e84e5ff57a9eeb99653ca74c,,group-row-13929,train,test
row-13930,CWE-787,upx,73b854874e723f38e84e5ff57a9eeb99653ca74c,,group-row-13929,train,test
row-13957,CWE-787,folly,4f304af1411e68851bdd00ef6140e9de4616f7d3,,group-row-13957,train,train
row-13958,CWE-787,folly,4f304af1411e68851bdd00ef6140e9de4616f7d3,,group-row-13957,train,train
row-13959,CWE-787,folly,4f304af1411e68851bdd00ef6140e9de4616f7d3,,group-row-13957,train,train
row-13960,CWE-787,folly,4f304af1411e68851bdd00ef6140e9de4616f7d3,,group-row-13957,train,train
row-13961,CWE-787,folly,4f304af1411e68851bdd00ef6140e9de4616f7d3,,group-row-13957,train,train
row-13962,CWE-787,folly,4f304af1411e68851bdd00ef6140e9de4616f7d3,,group-row-13957,train,train
row-13963,CWE-787,folly,4f304af1411e68851bdd00ef6140e9de4616f7d3,,group-row-13957,train,train
row-13965,CWE-476,gpac,e74be5976a6fee059c638050a237893f7e9a3b23,,group-row-13965,test,train
row-13966,CWE-476,znc,2390ad111bde16a78c98ac44572090b33c3bd2d8,,group-row-13966,train,train
row-13967,CWE-476,znc,2390ad111bde16a78c98ac44572090b33c3bd2d8,,group-row-13966,train,train
row-13982,CWE-125,libsixel,0b1e0b3f7b44233f84e5c9f512f8c90d6bbbe33d,,group-row-13982,train,train
row-13983,CWE-125,libsixel,0b1e0b3f7b44233f84e5c9f512f8c90d6bbbe33d,,group-row-13982,train,train
row-13984,CWE-125,libsixel,0b1e0b3f7b44233f84e5c9f512f8c90d6bbbe33d,,group-row-13982,train,train
row-13985,CWE-190,mongoose-os,b338266c0492cccdb8d8a93ee0b9217bc5a04036,,group-row-13985,train,train
row-13986,CWE-190,mongoose-os,b338266c0492cccdb8d8a93ee0b9217bc5a04036,,group-row-13985,train,train
row-13987,CWE-190,mongoose-os,b338266c0492cccdb8d8a93ee0b9217bc5a04036,,group-row-13985,train,train
row-13988,CWE-190,mongoose-os,b338266c0492cccdb8d8a93ee0b9217bc5a04036,,group-row-13985,train,train
row-13991,CWE-476,gpac,d527325a9b72218612455a534a508f9e1753f76e,,group-row-13991,test,train
row-13992,CWE-476,gpac,d527325a9b72218612455a534a508f9e1753f76e,,group-row-13991,test,train
row-13993,CWE-476,gpac,d527325a9b72218612455a534a508f9e1753f76e,,group-row-13991,test,train
row-13994,CWE-476,gpac,d527325a9b72218612455a534a508f9e1753f76e,,group-row-13991,test,train
row-13995,CWE-476,gpac,d527325a9b72218612455a534a508f9e1753f76e,,group-row-13991,test,train
row-13996,CWE-476,gpac,d527325a9b72218612455a534a508f9e1753f76e,,group-row-13991,test,train
row-14003,CWE-399,linux,a9cf73ea7ff78f52662c8658d93c226effbbedde,,group-row-14003,train,train
row-14005,CWE-787,gpac,da37ec8582266983d0ec4b7550ec907401ec441e,,group-row-14005,test,train
row-14006,CWE-787,gpac,da37ec8582266983d0ec4b7550ec907401ec441e,,group-row-14005,test,train
row-14007,CWE-787,gpac,da37ec8582266983d0ec4b7550ec907401ec441e,,group-row-14005,test,train
row-14008,CWE-787,gpac,da37ec8582266983d0ec4b7550ec907401ec441e,,group-row-14005,test,train
row-14011,CWE-703,linux,bc0b96b54a21246e377122d54569eef71cec535f,,group-row-14011,train,train
row-14012,CWE-200,linux,f9432c5ec8b1e9a09b9b0e5569e3c73db8de432a,,group-row-14012,train,train
row-14028,CWE-787,tensorflow,f6c40f0c6cbf00d46c7717a26419f2062f2f8694,,group-row-14028,train,test
row-14029,CWE-476,tensorflow,7bdf50bb4f5c54a4997c379092888546c97c3ebd,,group-row-14029,train,train
row-14050,CWE-369,tensorflow,8e45822aa0b9f5df4b4c64f221e64dc930a70a9d,,group-row-14050,train,train
row-14051,CWE-703,FFmpeg,d8ecb335fe4852bbc172c7b79e66944d158b4d92,,group-row-14051,test,train
row-14053,CWE-835,opensips,54e027adfa486cfcf993828512b2e273aeb163c2,CVE-2013-3722,group-row-14053,test,train
row-14061,CWE-787,libredwg,45d2a290c65ed691be0901ba2b2ef51044e07a16,,group-row-14061,train,validation
row-14062,CWE-787,libredwg,45d2a290c65ed691be0901ba2b2ef51044e07a16,,group-row-14061,train,validation
row-14078,CWE-787,LIEF,0033b6312fd311b2e45e379c04a83d77c1e58578,,group-row-14078,train,train
row-14079,CWE-787,LIEF,0033b6312fd311b2e45e379c04a83d77c1e58578,,group-row-14078,train,train
row-14081,CWE-787,turbovnc,cea98166008301e614e0d36776bf9435a536136e,,group-row-14081,train,train
row-14082,CWE-787,turbovnc,cea98166008301e614e0d36776bf9435a536136e,,group-row-14081,train,train
row-14084,CWE-200,linux,d5e0d0f607a7a029c6563a0470d88255c89a8d11,,group-row-14084,train,test
row-14085,CWE-787,radare2,b4ca66f5d4363d68a6379e5706353b3bde5104a4,,group-row-14085,train,validation
row-14086,CWE-125,openmpt,b60b322cf9f0ffa624018f1bb9783edf0dc908c3,,group-row-14086,train,train
row-14087,CWE-125,openmpt,b60b322cf9f0ffa624018f1bb9783edf0dc908c3,,group-row-14086,train,train
row-14089,CWE-787,asylo,a37fb6a0e7daf30134dbbf357c9a518a1026aa02,,group-row-14089,train,train
row-14090,CWE-125,asylo,b1d120a2c7d7446d2cc58d517e20a1b184b82200,,group-row-14090,train,train
row-14098,CWE-200,mongo,035cf2afc04988b22cb67f4ebfd77e9b344cb6e0,,group-row-14098,validation,validation
row-14099,CWE-125,radare2,1f37c04f2a762500222dda2459e6a04646feeedf,,group-row-14099,train,train
row-14100,CWE-125,radare2,1f37c04f2a762500222dda2459e6a04646feeedf,,group-row-14099,train,train
row-14103,CWE-399,linux,d0de4dc584ec6aa3b26fffea320a8457827768fc,,group-row-14103,train,train
row-14104,CWE-399,linux,d0de4dc584ec6aa3b26fffea320a8457827768fc,,group-row-14103,train,train
row-14105,CWE-399,linux,d0de4dc584ec6aa3b26fffea320a8457827768fc,,group-row-14103,train,train
row-14106,CWE-399,linux,d0de4dc584ec6aa3b26fffea320a8457827768fc,,group-row-14103,train,train
row-14108,CWE-476,htmldoc,008861d8339c6ec777e487770b70b95b1ed0c1d2,,group-row-14108,train,train
row-14109,CWE-476,htmldoc,008861d8339c6ec777e487770b70b95b1ed0c1d2,,group-row-14108,train,train
row-14113,CWE-125,radare2,3fcf41ed96ffa25b38029449520c8d0a198745f3,,group-row-14113,train,train
row-14124,CWE-125,radare2,041e53cab7ca33481ae45ecd65ad596976d78e68,,group-row-14124,train,train
row-14125,CWE-125,Espruino,8a44b04b584b3d3ab1cb68fed410f7ecb165e50e,,group-row-14125,train,train
row-14126,CWE-125,Espruino,8a44b04b584b3d3ab1cb68fed410f7ecb165e50e,,group-row-14125,train,train
row-14127,CWE-22,znc,a4a5aeeb17d32937d8c7d743dae9a4cc755ce773,,group-row-14127,train,train
row-14128,CWE-416,radare2,90b71c017a7fa9732fe45fd21b245ee051b1f548,,group-row-14128,train,validation
row-14129,CWE-416,ImageMagick,8043433ba9ce0c550e09f2b3b6a3f5f62d802e6d,,group-row-14129,train,train
row-14132,CWE-787,Espruino,e069be2ecc5060ef47391716e4de94999595b260,,group-row-14132,train,train
row-14133,CWE-787,Espruino,e069be2ecc5060ef47391716e4de94999595b260,,group-row-14132,train,train
row-14145,CWE-787,libmodbus,b4ef4c17d618eba0adccc4c7d9e9a1ef809fc9b6,,group-row-14145,train,train
row-14147,CWE-369,tensorflow,cfa91be9863a91d5105a3b4941096044ab32036b,,group-row-14147,train,train
row-14149,CWE-369,tensorflow,6d36ba65577006affb272335b7c1abd829010708,,group-row-14149,train,train
row-14150,CWE-125,nanopb,7b396821ddd06df8e39143f16e1dc0a4645b89a3,,group-row-14150,train,train
row-14152,CWE-22,git,3b0bf2704980b1ed6018622bdf5377ec22289688,,group-row-14152,train,validation
row-14153,CWE-22,git,3b0bf2704980b1ed6018622bdf5377ec22289688,,group-row-14152,train,validation
row-14154,CWE-22,git,3b0bf2704980b1ed6018622bdf5377ec22289688,,group-row-14152,train,validation
row-14156,CWE-369,tensorflow,799f835a3dfa00a4d852defa29b15841eea9d64f,,group-row-14156,train,train
row-14157,CWE-369,tensorflow,799f835a3dfa00a4d852defa29b15841eea9d64f,,group-row-14156,train,train
row-14159,CWE-125,linux,983d8e60f50806f90534cc5373d0ce867e5aaf79,,group-row-14159,train,train
row-14160,CWE-787,libtpms,5cc98a62dc6f204dcf5b87c2ee83ac742a6a319b,,group-row-14160,train,train
row-14161,CWE-787,libtpms,5cc98a62dc6f204dcf5b87c2ee83ac742a6a319b,,group-row-14160,train,train
row-14162,CWE-787,libtpms,5cc98a62dc6f204dcf5b87c2ee83ac742a6a319b,,group-row-14160,train,train
row-14163,CWE-787,libtpms,5cc98a62dc6f204dcf5b87c2ee83ac742a6a319b,,group-row-14160,train,train
row-14164,CWE-787,libtpms,5cc98a62dc6f204dcf5b87c2ee83ac742a6a319b,,group-row-14160,train,train
row-14165,CWE-787,libtpms,5cc98a62dc6f204dcf5b87c2ee83ac742a6a319b,,group-row-14160,train,train
row-14166,CWE-787,libtpms,5cc98a62dc6f204dcf5b87c2ee83ac742a6a319b,,group-row-14160,train,train
row-14167,CWE-787,libtpms,5cc98a62dc6f204dcf5b87c2ee83ac742a6a319b,,group-row-14160,train,train
row-14168,CWE-787,libtpms,5cc98a62dc6f204dcf5b87c2ee83ac742a6a319b,,group-row-14160,train,train
row-14169,CWE-787,libtpms,5cc98a62dc6f204dcf5b87c2ee83ac742a6a319b,,group-row-14160,train,train
row-14170,CWE-787,libtpms,5cc98a62dc6f204dcf5b87c2ee83ac742a6a319b,,group-row-14160,train,train
row-14171,CWE-787,libtpms,5cc98a62dc6f204dcf5b87c2ee83ac742a6a319b,,group-row-14160,train,train
row-14172,CWE-787,libtpms,5cc98a62dc6f204dcf5b87c2ee83ac742a6a319b,,group-row-14160,train,train
row-14173,CWE-787,libtpms,5cc98a62dc6f204dcf5b87c2ee83ac742a6a319b,,group-row-14160,train,train
row-14174,CWE-787,libtpms,5cc98a62dc6f204dcf5b87c2ee83ac742a6a319b,,group-row-14160,train,train
row-14175,CWE-787,libtpms,5cc98a62dc6f204dcf5b87c2ee83ac742a6a319b,,group-row-14160,train,train
row-14176,CWE-787,libtpms,5cc98a62dc6f204dcf5b87c2ee83ac742a6a319b,,group-row-14160,train,train
row-14177,CWE-787,libtpms,5cc98a62dc6f204dcf5b87c2ee83ac742a6a319b,,group-row-14160,train,train
row-14178,CWE-787,libtpms,5cc98a62dc6f204dcf5b87c2ee83ac742a6a319b,,group-row-14160,train,train
row-14179,CWE-787,libtpms,5cc98a62dc6f204dcf5b87c2ee83ac742a6a319b,,group-row-14160,train,train
row-14180,CWE-787,libtpms,5cc98a62dc6f204dcf5b87c2ee83ac742a6a319b,,group-row-14160,train,train
row-14181,CWE-787,libtpms,5cc98a62dc6f204dcf5b87c2ee83ac742a6a319b,,group-row-14160,train,train
row-14182,CWE-787,libtpms,5cc98a62dc6f204dcf5b87c2ee83ac742a6a319b,,group-row-14160,train,train
row-14183,CWE-787,libtpms,5cc98a62dc6f204dcf5b87c2ee83ac742a6a319b,,group-row-14160,train,train
row-14184,CWE-787,libtpms,5cc98a62dc6f204dcf5b87c2ee83ac742a6a319b,,group-row-14160,train,train
row-14185,CWE-787,libtpms,5cc98a62dc6f204dcf5b87c2ee83ac742a6a319b,,group-row-14160,train,train
row-14186,CWE-787,libtpms,5cc98a62dc6f204dcf5b87c2ee83ac742a6a319b,,group-row-14160,train,train
row-14187,CWE-787,libtpms,5cc98a62dc6f204dcf5b87c2ee83ac742a6a319b,,group-row-14160,train,train
row-14188,CWE-787,libtpms,5cc98a62dc6f204dcf5b87c2ee83ac742a6a319b,,group-row-14160,train,train
row-14189,CWE-787,libtpms,5cc98a62dc6f204dcf5b87c2ee83ac742a6a319b,,group-row-14160,train,train
row-14190,CWE-787,libtpms,5cc98a62dc6f204dcf5b87c2ee83ac742a6a319b,,group-row-14160,train,train
row-14191,CWE-787,libtpms,5cc98a62dc6f204dcf5b87c2ee83ac742a6a319b,,group-row-14160,train,train
row-14192,CWE-787,libtpms,5cc98a62dc6f204dcf5b87c2ee83ac742a6a319b,,group-row-14160,train,train
row-14193,CWE-787,libtpms,5cc98a62dc6f204dcf5b87c2ee83ac742a6a319b,,group-row-14160,train,train
row-14194,CWE-787,libtpms,5cc98a62dc6f204dcf5b87c2ee83ac742a6a319b,,group-row-14160,train,train
row-14195,CWE-787,libtpms,5cc98a62dc6f204dcf5b87c2ee83ac742a6a319b,,group-row-14160,train,train
row-14196,CWE-787,libtpms,5cc98a62dc6f204dcf5b87c2ee83ac742a6a319b,,group-row-14160,train,train
row-14197,CWE-787,libtpms,5cc98a62dc6f204dcf5b87c2ee83ac742a6a319b,,group-row-14160,train,train
row-14198,CWE-787,libtpms,5cc98a62dc6f204dcf5b87c2ee83ac742a6a319b,,group-row-14160,train,train
row-14199,CWE-787,libtpms,5cc98a62dc6f204dcf5b87c2ee83ac742a6a319b,,group-row-14160,train,train
row-14200,CWE-787,libtpms,5cc98a62dc6f204dcf5b87c2ee83ac742a6a319b,,group-row-14160,train,train
row-14201,CWE-787,libtpms,5cc98a62dc6f204dcf5b87c2ee83ac742a6a319b,,group-row-14160,train,train
row-14202,CWE-787,libtpms,5cc98a62dc6f204dcf5b87c2ee83ac742a6a319b,,group-row-14160,train,train
row-14203,CWE-787,libtpms,5cc98a62dc6f204dcf5b87c2ee83ac742a6a319b,,group-row-14160,train,train
row-14204,CWE-787,libtpms,5cc98a62dc6f204dcf5b87c2ee83ac742a6a319b,,group-row-14160,train,train
row-14205,CWE-787,libtpms,5cc98a62dc6f204dcf5b87c2ee83ac742a6a319b,,group-row-14160,train,train
row-14206,CWE-787,libtpms,5cc98a62dc6f204dcf5b87c2ee83ac742a6a319b,,group-row-14160,train,train
row-14207,CWE-787,libtpms,5cc98a62dc6f204dcf5b87c2ee83ac742a6a319b,,group-row-14160,train,train
row-14208,CWE-787,libtpms,5cc98a62dc6f204dcf5b87c2ee83ac742a6a319b,,group-row-14160,train,train
row-14209,CWE-787,libtpms,5cc98a62dc6f204dcf5b87c2ee83ac742a6a319b,,group-row-14160,train,train
row-14210,CWE-787,libtpms,5cc98a62dc6f204dcf5b87c2ee83ac742a6a319b,,group-row-14160,train,train
row-14211,CWE-787,libtpms,5cc98a62dc6f204dcf5b87c2ee83ac742a6a319b,,group-row-14160,train,train
row-14212,CWE-787,libtpms,5cc98a62dc6f204dcf5b87c2ee83ac742a6a319b,,group-row-14160,train,train
row-14213,CWE-787,libtpms,5cc98a62dc6f204dcf5b87c2ee83ac742a6a319b,,group-row-14160,train,train
row-14214,CWE-787,libtpms,5cc98a62dc6f204dcf5b87c2ee83ac742a6a319b,,group-row-14160,train,train
row-14215,CWE-787,libtpms,5cc98a62dc6f204dcf5b87c2ee83ac742a6a319b,,group-row-14160,train,train
row-14216,CWE-787,libtpms,5cc98a62dc6f204dcf5b87c2ee83ac742a6a319b,,group-row-14160,train,train
row-14217,CWE-787,libtpms,5cc98a62dc6f204dcf5b87c2ee83ac742a6a319b,,group-row-14160,train,train
row-14218,CWE-787,libtpms,5cc98a62dc6f204dcf5b87c2ee83ac742a6a319b,,group-row-14160,train,train
row-14219,CWE-787,libtpms,5cc98a62dc6f204dcf5b87c2ee83ac742a6a319b,,group-row-14160,train,train
row-14220,CWE-787,libtpms,5cc98a62dc6f204dcf5b87c2ee83ac742a6a319b,,group-row-14160,train,train
row-14221,CWE-787,libtpms,5cc98a62dc6f204dcf5b87c2ee83ac742a6a319b,,group-row-14160,train,train
row-14222,CWE-787,libtpms,5cc98a62dc6f204dcf5b87c2ee83ac742a6a319b,,group-row-14160,train,train
row-14223,CWE-787,libtpms,5cc98a62dc6f204dcf5b87c2ee83ac742a6a319b,,group-row-14160,train,train
row-14224,CWE-125,radare2,ead645853a63bf83d8386702cad0cf23b31d7eeb,,group-row-14224,train,test
row-14226,CWE-200,linux,72a763d805a48ac8c0bf48fdb510e84c12de51fe,,group-row-14226,train,train
row-14227,CWE-476,FFmpeg,837cb4325b712ff1aab531bf41668933f61d75d2,,group-row-14227,test,train
row-14228,CWE-476,FFmpeg,837cb4325b712ff1aab531bf41668933f61d75d2,,group-row-14227,test,train
row-14234,CWE-200,linux,a8b33654b1e3b0c74d4a1fed041c9aae50b3c427,,group-row-14234,train,train
row-14235,CWE-125,tensorflow,1cb6bb6c2a6019417c9adaf9e6843ba75ee2580b,,group-row-14235,train,train
row-14236,CWE-125,tensorflow,1cb6bb6c2a6019417c9adaf9e6843ba75ee2580b,,group-row-14235,train,train
row-14237,CWE-125,tensorflow,1cb6bb6c2a6019417c9adaf9e6843ba75ee2580b,,group-row-14235,train,train
row-14238,CWE-125,radare2,25a3703ef2e015bbe1d1f16f6b2f63bb10dd34f4,,group-row-14238,train,validation
row-14264,CWE-20,ntp,52e977d79a0c4ace997e5c74af429844da2f27be,,group-row-14264,validation,train
row-14265,CWE-20,ntp,52e977d79a0c4ace997e5c74af429844da2f27be,,group-row-14264,validation,train
row-14269,CWE-369,tensorflow,106d8f4fb89335a2c52d7c895b7a7485465ca8d9,,group-row-14269,train,train
row-14270,CWE-369,tensorflow,106d8f4fb89335a2c52d7c895b7a7485465ca8d9,,group-row-14269,train,train
row-14274,CWE-415,ImageMagick,9a069e0f2e027ec5138f998023cf9cb62c04889f,,group-row-14274,train,train
row-14275,CWE-787,njs,ab1702c7af9959366a5ddc4a75b4357d4e9ebdc1,,group-row-14275,train,train
row-14276,CWE-787,toybox,6d4847934fc0fe47a3254ce6c0396d197a780cf4,,group-row-14276,train,train
row-14278,CWE-401,jpeg-quantsmooth,8879454401722ea603c6e3abfafdeb30c0880c8e,,group-row-14278,validation,train
row-14304,CWE-703,binutils-gdb,695c6dfe7e85006b98c8b746f3fd5f913c94ebff,,group-row-14304,train,train
row-14305,CWE-703,binutils-gdb,695c6dfe7e85006b98c8b746f3fd5f913c94ebff,,group-row-14304,train,train
row-14306,CWE-703,binutils-gdb,695c6dfe7e85006b98c8b746f3fd5f913c94ebff,,group-row-14304,train,train
row-14308,CWE-369,tensorflow,d6ed5bcfe1dcab9e85a4d39931bd18d99018e75b,,group-row-14308,train,train
row-14329,CWE-20,linux,4e78c724d47e2342aa8fde61f6b8536f662f795f,,group-row-14329,train,train
row-14333,CWE-416,jerryscript,3bcd48f72d4af01d1304b754ef19fe1a02c96049,,group-row-14333,train,train
row-14334,CWE-416,jerryscript,3bcd48f72d4af01d1304b754ef19fe1a02c96049,,group-row-14333,train,train
row-14335,CWE-416,jerryscript,3bcd48f72d4af01d1304b754ef19fe1a02c96049,,group-row-14333,train,train
row-14336,CWE-416,jerryscript,3bcd48f72d4af01d1304b754ef19fe1a02c96049,,group-row-14333,train,train
row-14337,CWE-416,jerryscript,3bcd48f72d4af01d1304b754ef19fe1a02c96049,,group-row-14333,train,train
row-14338,CWE-416,jerryscript,3bcd48f72d4af01d1304b754ef19fe1a02c96049,,group-row-14333,train,train
row-14339,CWE-416,jerryscript,3bcd48f72d4af01d1304b754ef19fe1a02c96049,,group-row-14333,train,train
row-14340,CWE-416,jerryscript,3bcd48f72d4af01d1304b754ef19fe1a02c96049,,group-row-14333,train,train
row-14341,CWE-416,jerryscript,3bcd48f72d4af01d1304b754ef19fe1a02c96049,,group-row-14333,train,train
row-14342,CWE-416,jerryscript,3bcd48f72d4af01d1304b754ef19fe1a02c96049,,group-row-14333,train,train
row-14343,CWE-416,jerryscript,3bcd48f72d4af01d1304b754ef19fe1a02c96049,,group-row-14333,train,train
row-14344,CWE-416,jerryscript,3bcd48f72d4af01d1304b754ef19fe1a02c96049,,group-row-14333,train,train
row-14345,CWE-416,jerryscript,3bcd48f72d4af01d1304b754ef19fe1a02c96049,,group-row-14333,train,train
row-14346,CWE-416,jerryscript,3bcd48f72d4af01d1304b754ef19fe1a02c96049,,group-row-14333,train,train
row-14347,CWE-416,jerryscript,3bcd48f72d4af01d1304b754ef19fe1a02c96049,,group-row-14333,train,train
row-14348,CWE-416,jerryscript,3bcd48f72d4af01d1304b754ef19fe1a02c96049,,group-row-14333,train,train
row-14349,CWE-416,jerryscript,3bcd48f72d4af01d1304b754ef19fe1a02c96049,,group-row-14333,train,train
row-14350,CWE-416,jerryscript,3bcd48f72d4af01d1304b754ef19fe1a02c96049,,group-row-14333,train,train
row-14351,CWE-416,jerryscript,3bcd48f72d4af01d1304b754ef19fe1a02c96049,,group-row-14333,train,train
row-14352,CWE-416,jerryscript,3bcd48f72d4af01d1304b754ef19fe1a02c96049,,group-row-14333,train,train
row-14353,CWE-416,jerryscript,3bcd48f72d4af01d1304b754ef19fe1a02c96049,,group-row-14333,train,train
row-14354,CWE-416,jerryscript,3bcd48f72d4af01d1304b754ef19fe1a02c96049,,group-row-14333,train,train
row-14355,CWE-416,jerryscript,3bcd48f72d4af01d1304b754ef19fe1a02c96049,,group-row-14333,train,train
row-14356,CWE-416,jerryscript,3bcd48f72d4af01d1304b754ef19fe1a02c96049,,group-row-14333,train,train
row-14357,CWE-416,jerryscript,3bcd48f72d4af01d1304b754ef19fe1a02c96049,,group-row-14333,train,train
row-14358,CWE-416,jerryscript,3bcd48f72d4af01d1304b754ef19fe1a02c96049,,group-row-14333,train,train
row-14359,CWE-416,jerryscript,3bcd48f72d4af01d1304b754ef19fe1a02c96049,,group-row-14333,train,train
row-14360,CWE-416,jerryscript,3bcd48f72d4af01d1304b754ef19fe1a02c96049,,group-row-14333,train,train
row-14361,CWE-416,jerryscript,3bcd48f72d4af01d1304b754ef19fe1a02c96049,,group-row-14333,train,train
row-14362,CWE-416,jerryscript,3bcd48f72d4af01d1304b754ef19fe1a02c96049,,group-row-14333,train,train
row-14363,CWE-416,jerryscript,3bcd48f72d4af01d1304b754ef19fe1a02c96049,,group-row-14333,train,train
row-14364,CWE-416,jerryscript,3bcd48f72d4af01d1304b754ef19fe1a02c96049,,group-row-14333,train,train
row-14365,CWE-416,jerryscript,3bcd48f72d4af01d1304b754ef19fe1a02c96049,,group-row-14333,train,train
row-14366,CWE-416,jerryscript,3bcd48f72d4af01d1304b754ef19fe1a02c96049,,group-row-14333,train,train
row-14367,CWE-416,jerryscript,3bcd48f72d4af01d1304b754ef19fe1a02c96049,,group-row-14333,train,train
row-14368,CWE-416,jerryscript,3bcd48f72d4af01d1304b754ef19fe1a02c96049,,group-row-14333,train,train
row-14369,CWE-416,jerryscript,3bcd48f72d4af01d1304b754ef19fe1a02c96049,,group-row-14333,train,train
row-14370,CWE-416,jerryscript,3bcd48f72d4af01d1304b754ef19fe1a02c96049,,group-row-14333,train,train
row-14373,CWE-125,FFmpeg,94e538aebbc9f9c529e8b1f2eda860cfb8c473b1,,group-row-14373,test,train
row-14374,CWE-125,FFmpeg,94e538aebbc9f9c529e8b1f2eda860cfb8c473b1,,group-row-14373,test,train
row-14375,CWE-125,FFmpeg,94e538aebbc9f9c529e8b1f2eda860cfb8c473b1,,group-row-14373,test,train
row-14376,CWE-200,linux,2d8a041b7bfe1097af21441cb77d6af95f4f4680,,group-row-14376,train,train
row-14378,CWE-703,FFmpeg,f173cdfe669556aa92857adafe60cbe5f2aa1210,,group-row-14378,test,train
row-14382,CWE-125,openmpt,7ebf02af2e90f03e0dbd0e18b8b3164f372fb97c,,group-row-14382,train,train
row-14383,CWE-703,wireshark,41bfc9112480c3d83331ed93470c7f675a9d5b1a,,group-row-14383,train,train
row-14387,CWE-20,FFmpeg,a1b9004b768bef606ee98d417bceb9392ceb788d,,group-row-14387,test,train
row-14394,CWE-476,gpac,ebfa346eff05049718f7b80041093b4c5581c24e,,group-row-14394,test,train
row-14395,CWE-476,gpac,ebfa346eff05049718f7b80041093b4c5581c24e,,group-row-14394,test,train
row-14396,CWE-476,gpac,ebfa346eff05049718f7b80041093b4c5581c24e,,group-row-14394,test,train
row-14397,CWE-200,linux,d26d6504f23e803824e8ebd14e52d4fc0a0b09cb,,group-row-14397,train,train
row-14398,CWE-125,radare2,4e1cf0d3e6f6fe2552a269def0af1cd2403e266c,,group-row-14398,train,test
row-14399,CWE-125,radare2,4e1cf0d3e6f6fe2552a269def0af1cd2403e266c,,group-row-14398,train,test
row-14401,CWE-476,bitlbee,30d598ce7cd3f136ee9d7097f39fa9818a272441,,group-row-14401,train,train
row-14402,CWE-476,linux,7ed47b7d142ec99ad6880bbbec51e9f12b3af74c,,group-row-14402,train,test
row-14403,CWE-476,linux,7ed47b7d142ec99ad6880bbbec51e9f12b3af74c,,group-row-14402,train,test
row-14404,CWE-125,tensorflow,dcd7867de0fea4b72a2b34bd41eb74548dc23886,,group-row-14404,train,validation
row-14405,CWE-125,tensorflow,dcd7867de0fea4b72a2b34bd41eb74548dc23886,,group-row-14404,train,validation
row-14410,CWE-476,lighttpd1.4,971773f1fae600074b46ef64f3ca1f76c227985f,,group-row-14410,train,test
row-14411,CWE-787,harfbuzz,d3e09bf4654fe5478b6dbf2b26ebab6271317d81,,group-row-14411,train,train
row-14412,CWE-787,harfbuzz,d3e09bf4654fe5478b6dbf2b26ebab6271317d81,,group-row-14411,train,train
row-14413,CWE-787,harfbuzz,d3e09bf4654fe5478b6dbf2b26ebab6271317d81,,group-row-14411,train,train
row-14414,CWE-787,harfbuzz,d3e09bf4654fe5478b6dbf2b26ebab6271317d81,,group-row-14411,train,train
row-14415,CWE-787,harfbuzz,d3e09bf4654fe5478b6dbf2b26ebab6271317d81,,group-row-14411,train,train
row-14416,CWE-787,harfbuzz,d3e09bf4654fe5478b6dbf2b26ebab6271317d81,,group-row-14411,train,train
row-14417,CWE-787,harfbuzz,d3e09bf4654fe5478b6dbf2b26ebab6271317d81,,group-row-14411,train,train
row-14418,CWE-787,harfbuzz,d3e09bf4654fe5478b6dbf2b26ebab6271317d81,,group-row-14411,train,train
row-14419,CWE-200,libsixel,cb373ab6614c910407c5e5a93ab935144e62b037,,group-row-14419,train,train
row-14426,CWE-416,envoy,148de954ed3585d8b4298b424aa24916d0de6136,,group-row-14426,train,train
row-14427,CWE-416,envoy,148de954ed3585d8b4298b424aa24916d0de6136,,group-row-14426,train,train
row-14428,CWE-416,envoy,148de954ed3585d8b4298b424aa24916d0de6136,,group-row-14426,train,train
row-14429,CWE-416,envoy,148de954ed3585d8b4298b424aa24916d0de6136,,group-row-14426,train,train
row-14430,CWE-416,envoy,148de954ed3585d8b4298b424aa24916d0de6136,,group-row-14426,train,train
row-14431,CWE-416,envoy,148de954ed3585d8b4298b424aa24916d0de6136,,group-row-14426,train,train
row-14432,CWE-416,envoy,148de954ed3585d8b4298b424aa24916d0de6136,,group-row-14426,train,train
row-14433,CWE-416,envoy,148de954ed3585d8b4298b424aa24916d0de6136,,group-row-14426,train,train
row-14434,CWE-416,envoy,148de954ed3585d8b4298b424aa24916d0de6136,,group-row-14426,train,train
row-14442,CWE-703,linux,667eff35a1f56fa74ce98a0c7c29a40adc1ba4e3,,group-row-14442,train,train
row-14443,CWE-703,linux,667eff35a1f56fa74ce98a0c7c29a40adc1ba4e3,,group-row-14442,train,train
row-14445,CWE-399,linux,beb39db59d14990e401e235faf66a6b9b31240b0,,group-row-14445,train,train
row-14446,CWE-399,linux,beb39db59d14990e401e235faf66a6b9b31240b0,,group-row-14445,train,train
row-14447,CWE-703,linux,dc0b027dfadfcb8a5504f7d8052754bf8d501ab9,,group-row-14447,train,train
row-14448,CWE-703,linux,dc0b027dfadfcb8a5504f7d8052754bf8d501ab9,,group-row-14447,train,train
row-14449,CWE-703,linux,dc0b027dfadfcb8a5504f7d8052754bf8d501ab9,,group-row-14447,train,train
row-14450,CWE-703,linux,dc0b027dfadfcb8a5504f7d8052754bf8d501ab9,,group-row-14447,train,train
row-14451,CWE-703,linux,dc0b027dfadfcb8a5504f7d8052754bf8d501ab9,,group-row-14447,train,train
row-14452,CWE-703,linux,dc0b027dfadfcb8a5504f7d8052754bf8d501ab9,,group-row-14447,train,train
row-14453,CWE-703,linux,dc0b027dfadfcb8a5504f7d8052754bf8d501ab9,,group-row-14447,train,train
row-14454,CWE-703,linux,dc0b027dfadfcb8a5504f7d8052754bf8d501ab9,,group-row-14447,train,train
row-14455,CWE-703,linux,dc0b027dfadfcb8a5504f7d8052754bf8d501ab9,,group-row-14447,train,train
row-14456,CWE-703,linux,dc0b027dfadfcb8a5504f7d8052754bf8d501ab9,,group-row-14447,train,train
row-14457,CWE-703,linux,dc0b027dfadfcb8a5504f7d8052754bf8d501ab9,,group-row-14447,train,train
row-14458,CWE-703,linux,dc0b027dfadfcb8a5504f7d8052754bf8d501ab9,,group-row-14447,train,train
row-14459,CWE-703,linux,dc0b027dfadfcb8a5504f7d8052754bf8d501ab9,,group-row-14447,train,train
row-14460,CWE-703,linux,dc0b027dfadfcb8a5504f7d8052754bf8d501ab9,,group-row-14447,train,train
row-14461,CWE-703,linux,dc0b027dfadfcb8a5504f7d8052754bf8d501ab9,,group-row-14447,train,train
row-14462,CWE-703,linux,dc0b027dfadfcb8a5504f7d8052754bf8d501ab9,,group-row-14447,train,train
row-14463,CWE-703,linux,dc0b027dfadfcb8a5504f7d8052754bf8d501ab9,,group-row-14447,train,train
row-14464,CWE-703,linux,dc0b027dfadfcb8a5504f7d8052754bf8d501ab9,,group-row-14447,train,train
row-14465,CWE-703,linux,dc0b027dfadfcb8a5504f7d8052754bf8d501ab9,,group-row-14447,train,train
row-14466,CWE-703,linux,dc0b027dfadfcb8a5504f7d8052754bf8d501ab9,,group-row-14447,train,train
row-14467,CWE-703,linux,dc0b027dfadfcb8a5504f7d8052754bf8d501ab9,,group-row-14447,train,train
row-14468,CWE-703,linux,dc0b027dfadfcb8a5504f7d8052754bf8d501ab9,,group-row-14447,train,train
row-14469,CWE-703,linux,dc0b027dfadfcb8a5504f7d8052754bf8d501ab9,,group-row-14447,train,train
row-14470,CWE-703,linux,dc0b027dfadfcb8a5504f7d8052754bf8d501ab9,,group-row-14447,train,train
row-14471,CWE-703,linux,dc0b027dfadfcb8a5504f7d8052754bf8d501ab9,,group-row-14447,train,train
row-14472,CWE-703,linux,dc0b027dfadfcb8a5504f7d8052754bf8d501ab9,,group-row-14447,train,train
row-14473,CWE-703,linux,dc0b027dfadfcb8a5504f7d8052754bf8d501ab9,,group-row-14447,train,train
row-14474,CWE-703,linux,dc0b027dfadfcb8a5504f7d8052754bf8d501ab9,,group-row-14447,train,train
row-14475,CWE-703,linux,dc0b027dfadfcb8a5504f7d8052754bf8d501ab9,,group-row-14447,train,train
row-14476,CWE-703,linux,dc0b027dfadfcb8a5504f7d8052754bf8d501ab9,,group-row-14447,train,train
row-14477,CWE-703,linux,dc0b027dfadfcb8a5504f7d8052754bf8d501ab9,,group-row-14447,train,train
row-14478,CWE-703,linux,dc0b027dfadfcb8a5504f7d8052754bf8d501ab9,,group-row-14447,train,train
row-14479,CWE-703,linux,dc0b027dfadfcb8a5504f7d8052754bf8d501ab9,,group-row-14447,train,train
row-14480,CWE-703,linux,dc0b027dfadfcb8a5504f7d8052754bf8d501ab9,,group-row-14447,train,train
row-14481,CWE-787,LibRaw,8682ad204392b914ab1cc6ebcca9c27c19c1a4b4,,group-row-14481,train,train
row-14482,CWE-787,LibRaw,8682ad204392b914ab1cc6ebcca9c27c19c1a4b4,,group-row-14481,train,train
row-14483,CWE-787,LibRaw,8682ad204392b914ab1cc6ebcca9c27c19c1a4b4,,group-row-14481,train,train
row-14484,CWE-787,LibRaw,8682ad204392b914ab1cc6ebcca9c27c19c1a4b4,,group-row-14481,train,train
row-14485,CWE-787,LibRaw,8682ad204392b914ab1cc6ebcca9c27c19c1a4b4,,group-row-14481,train,train
row-14486,CWE-787,LibRaw,8682ad204392b914ab1cc6ebcca9c27c19c1a4b4,,group-row-14481,train,train
row-14487,CWE-787,LibRaw,8682ad204392b914ab1cc6ebcca9c27c19c1a4b4,,group-row-14481,train,train
row-14488,CWE-787,LibRaw,8682ad204392b914ab1cc6ebcca9c27c19c1a4b4,,group-row-14481,train,train
row-14489,CWE-787,LibRaw,8682ad204392b914ab1cc6ebcca9c27c19c1a4b4,,group-row-14481,train,train
row-14490,CWE-787,LibRaw,8682ad204392b914ab1cc6ebcca9c27c19c1a4b4,,group-row-14481,train,train
row-14491,CWE-787,LibRaw,8682ad204392b914ab1cc6ebcca9c27c19c1a4b4,,group-row-14481,train,train
row-14492,CWE-787,LibRaw,8682ad204392b914ab1cc6ebcca9c27c19c1a4b4,,group-row-14481,train,train
row-14493,CWE-787,FFmpeg,27a99e2c7d450fef15594671eef4465c8a166bd7,,group-row-14493,test,train
row-14512,CWE-22,uftpd,455b47d3756aed162d2d0ef7f40b549f3b5b30fe,,group-row-14512,train,train
row-14513,CWE-369,tensorflow,718721986aa137691ee23f03638867151f74935f,,group-row-14513,train,train
row-14522,CWE-399,linux,2c5816b4beccc8ba709144539f6fdd764f8fa49c,,group-row-14522,train,train
row-14529,CWE-200,percona-xtrabackup,7742f875bb289a874246fb4653b7cd9f14b588fe,,group-row-14529,train,train
row-14532,CWE-200,linux,99d825822eade8d827a1817357cbf3f889a552d6,,group-row-14532,train,train
row-14533,CWE-787,wolfMQTT,84d4b53122e0fa0280c7872350b89d5777dabbb2,,group-row-14533,train,train
row-14535,CWE-787,astc-encoder,bdd385fe19bf2737bead4b5664acdfdeca7aab15,,group-row-14535,train,train
row-14536,CWE-787,astc-encoder,bdd385fe19bf2737bead4b5664acdfdeca7aab15,,group-row-14535,train,train
row-14537,CWE-125,weechat,8b1331f98de1714bae15a9ca2e2b393ba49d735b,,group-row-14537,train,train
row-14538,CWE-20,linux,cc9b17ad29ecaa20bfe426a8d4dbfb94b13ff1cc,,group-row-14538,train,train
row-14551,CWE-200,gerbv,319a8af890e4d0a5c38e6d08f510da8eefc42537,,group-row-14551,train,train
row-14552,CWE-20,FFmpeg,ffcc82219cef0928bed2d558b19ef6ea35634130,,group-row-14552,test,train
row-14555,CWE-703,FFmpeg,8a3b85f3a7952c54a2c36ba1797f7e0cde9f85aa,,group-row-14555,test,train
row-14558,CWE-20,FFmpeg,9d00fb9d70ee8c0cc7002b89318c5be00f1bbdad,,group-row-14558,test,train
row-14559,CWE-125,FFmpeg,e6d3fd942f772f54ab6a5ca619cdaadef26b7702,,group-row-14559,test,train
row-14560,CWE-264,linux,8909c9ad8ff03611c9c96c9a92656213e4bb495b,,group-row-14560,train,train
row-14565,CWE-125,tensorflow,aab9998916c2ffbd8f0592059fad352622f89cda,,group-row-14565,train,train
row-14566,CWE-125,tensorflow,aab9998916c2ffbd8f0592059fad352622f89cda,,group-row-14565,train,train
row-14574,CWE-200,incubator-doris,246ac4e37aa4da6836b7850cb990f02d1c3725a3,,group-row-14574,train,test
row-14575,CWE-200,incubator-doris,246ac4e37aa4da6836b7850cb990f02d1c3725a3,,group-row-14574,train,test
row-14576,CWE-200,incubator-doris,246ac4e37aa4da6836b7850cb990f02d1c3725a3,,group-row-14574,train,test
row-14577,CWE-200,incubator-doris,246ac4e37aa4da6836b7850cb990f02d1c3725a3,,group-row-14574,train,test
row-14578,CWE-200,incubator-doris,246ac4e37aa4da6836b7850cb990f02d1c3725a3,,group-row-14574,train,test
row-14579,CWE-200,incubator-doris,246ac4e37aa4da6836b7850cb990f02d1c3725a3,,group-row-14574,train,test
row-14580,CWE-200,incubator-doris,246ac4e37aa4da6836b7850cb990f02d1c3725a3,,group-row-14574,train,test
row-14582,CWE-703,gimp,6ab90ecbbd7cc95901933f62227fd140c0576d55,,group-row-14582,test,train
row-14588,CWE-476,cpp-peglib,0061f393de54cf0326621c079dc2988336d1ebb3,,group-row-14588,train,train
row-14589,CWE-476,cpp-peglib,0061f393de54cf0326621c079dc2988336d1ebb3,,group-row-14588,train,train
row-14590,CWE-476,cpp-peglib,0061f393de54cf0326621c079dc2988336d1ebb3,,group-row-14588,train,train
row-14591,CWE-399,linux,75a493e60ac4bbe2e977e7129d6d8cbb0dd236be,,group-row-14591,train,train
row-14592,CWE-399,linux,75a493e60ac4bbe2e977e7129d6d8cbb0dd236be,,group-row-14591,train,train
row-14593,CWE-200,tang,e82459fda10f0630c3414ed2afbc6320bb9ea7c9,,group-row-14593,train,train
row-14594,CWE-200,tang,e82459fda10f0630c3414ed2afbc6320bb9ea7c9,,group-row-14593,train,train
row-14604,CWE-416,gpac,c535bad50d5812d27ee5b22b54371bddec411514,,group-row-14604,test,train
row-14606,CWE-787,jhead,b8d78e5ec982e86cdd70ebfc1ebbb2273c982eea,,group-row-14606,train,train
row-14607,CWE-200,linux,e6a623460e5fc960ac3ee9f946d3106233fd28d8,,group-row-14607,train,test
row-14608,CWE-125,tcpdump,29e5470e6ab84badbc31f4532bb7554a796d9d52,,group-row-14608,train,train
row-14610,CWE-703,subversion,e1b615840932fb46aefe1cd90d2115720af4600e,,group-row-14610,train,train
row-14613,CWE-399,linux,d0772b70faaf8e9f2013b6c4273d94d5eac8047a,,group-row-14613,train,train
row-14618,CWE-369,tensorflow,e86605c0a336c088b638da02135ea6f9f6753618,,group-row-14618,train,test
row-14619,CWE-369,tensorflow,da5ff2daf618591f64b2b62d9d9803951b945e9f,,group-row-14619,train,validation
row-14620,CWE-369,libjxl,7dfa400ded53919d986c5d3d23446a09e0cf481b,,group-row-14620,test,train
row-14622,CWE-200,acpica,37f2c716f2c6ab14c3ba557a539c3ee3224931b5,,group-row-14622,train,validation
row-14627,CWE-399,libarchive,6e06b1c89dd0d16f74894eac4cfc1327a06ee4a0,,group-row-14627,train,train
row-14629,CWE-416,linux,9fbfabfda25d8774c5a08634fdd2da000a924890,,group-row-14629,train,train
row-14631,CWE-787,gpac,da69ad1f970a7e17c865eaec9af98cc84df10d5b,,group-row-14631,test,train
row-14632,CWE-399,linux,90481622d75715bfcb68501280a917dbfe516029,,group-row-14632,train,train
row-14633,CWE-399,linux,90481622d75715bfcb68501280a917dbfe516029,,group-row-14632,train,train
row-14634,CWE-399,linux,90481622d75715bfcb68501280a917dbfe516029,,group-row-14632,train,train
row-14635,CWE-399,linux,90481622d75715bfcb68501280a917dbfe516029,,group-row-14632,train,train
row-14636,CWE-399,linux,90481622d75715bfcb68501280a917dbfe516029,,group-row-14632,train,train
row-14637,CWE-399,linux,90481622d75715bfcb68501280a917dbfe516029,,group-row-14632,train,train
row-14638,CWE-399,linux,90481622d75715bfcb68501280a917dbfe516029,,group-row-14632,train,train
row-14639,CWE-399,linux,90481622d75715bfcb68501280a917dbfe516029,,group-row-14632,train,train
row-14640,CWE-399,linux,90481622d75715bfcb68501280a917dbfe516029,,group-row-14632,train,train
row-14641,CWE-399,linux,90481622d75715bfcb68501280a917dbfe516029,,group-row-14632,train,train
row-14642,CWE-399,linux,90481622d75715bfcb68501280a917dbfe516029,,group-row-14632,train,train
row-14651,CWE-125,FFmpeg,5aba5b89d0b1d73164d3b81764828bb8b20ff32a,,group-row-14651,test,train
row-14653,CWE-416,owntone-server,246d8ae0cef27377e5dfe9ee3ad87e864d6b6266,,group-row-14653,train,train
row-14654,CWE-200,linux,cc8f7fe1f5eab010191aa4570f27641876fa1267,,group-row-14654,train,train
row-14655,CWE-200,linux,8d1e72250c847fa96498ec029891de4dc638a5ba,,group-row-14655,train,train
row-14656,CWE-787,mbedtls,f333dfab4a6c2d8a604a61558a8f783145161de4,,group-row-14656,train,test
row-14657,CWE-787,mbedtls,f333dfab4a6c2d8a604a61558a8f783145161de4,,group-row-14656,train,test
row-14658,CWE-787,mbedtls,f333dfab4a6c2d8a604a61558a8f783145161de4,,group-row-14656,train,test
row-14659,CWE-787,mbedtls,f333dfab4a6c2d8a604a61558a8f783145161de4,,group-row-14656,train,test
row-14661,CWE-125,libgd,8b111b2b4a4842179be66db68d84dda91a246032,,group-row-14661,validation,train
row-14681,CWE-125,libgd,10ef1dca63d62433fda13309b4a228782db823f7,,group-row-14681,validation,train
row-14682,CWE-125,libgd,10ef1dca63d62433fda13309b4a228782db823f7,,group-row-14681,validation,train
row-14693,CWE-476,ntopng,01f47e04fd7c8d54399c9e465f823f0017069f8f,,group-row-14693,train,validation
row-14694,CWE-476,gpac,6170024568f4dda310e98ef7508477b425c58d09,,group-row-14694,test,train
row-14695,CWE-20,uWebSockets,37deefd01f0875e133ea967122e3a5e421b8fcd9,,group-row-14695,train,train
row-14696,CWE-20,uWebSockets,37deefd01f0875e133ea967122e3a5e421b8fcd9,,group-row-14695,train,train
row-14709,CWE-703,rtl_433,37455483889bd1c641bdaafc493d1cc236b74904,,group-row-14709,train,train
row-14720,CWE-20,libgd,1ccfe21e14c4d18336f9da8515cd17db88c3de61,,group-row-14720,validation,train
row-14726,CWE-787,c-shquote,7fd15f8e272136955f7ffc37df29fbca9ddceca1,,group-row-14726,train,train
row-14727,CWE-787,c-shquote,7fd15f8e272136955f7ffc37df29fbca9ddceca1,,group-row-14726,train,train
row-14728,CWE-787,c-shquote,7fd15f8e272136955f7ffc37df29fbca9ddceca1,,group-row-14726,train,train
row-14729,CWE-787,c-shquote,7fd15f8e272136955f7ffc37df29fbca9ddceca1,,group-row-14726,train,train
row-14731,CWE-125,nanopb,45582f1f97f49e2abfdba1463d1e1027682d9856,,group-row-14731,train,train
row-14735,CWE-20,linux,e6838a29ecb484c97e4efef9429643b9851fba6e,,group-row-14735,train,train
row-14736,CWE-787,openthread,c3a3a0c424322009fec3ab735fb20ce8f6e19e70,,group-row-14736,train,train
row-14737,CWE-787,openthread,c3a3a0c424322009fec3ab735fb20ce8f6e19e70,,group-row-14736,train,train
row-14738,CWE-787,tensorflow,a74768f8e4efbda4def9f16ee7e13cf3922ac5f7,,group-row-14738,train,test
row-14742,CWE-703,FFmpeg,e5c7229999182ad1cef13b9eca050dba7a5a08da,,group-row-14742,test,test
row-14751,CWE-787,asylo,bda9772e7872b0d2b9bee32930cf7a4983837b39,,group-row-14751,train,validation
row-14754,CWE-125,tensorflow,99085e8ff02c3763a0ec2263e44daec416f6a387,,group-row-14754,train,train
row-14757,CWE-200,linux,4683f42fde3977bdb4e8a09622788cc8b5313778,,group-row-14757,train,train
row-14771,CWE-476,FFmpeg,00e8181bd97c834fe60751b0c511d4bb97875f78,,group-row-14771,test,validation
row-14772,CWE-476,FFmpeg,00e8181bd97c834fe60751b0c511d4bb97875f78,,group-row-14771,test,validation
row-14773,CWE-20,FFmpeg,a4e85b2e1c8d5b4bf0091157bbdeb0e457fb7b8f,,group-row-14773,test,train
row-14778,CWE-399,linux,5f00110f7273f9ff04ac69a5f85bb535a4fd0987,,group-row-14778,train,train
row-14779,CWE-787,gpac,f3698bb1bce62402805c3fda96551a23101a32f9,,group-row-14779,test,train
row-14780,CWE-476,gpac,3b84ffcbacf144ce35650df958432f472b6483f8,,group-row-14780,test,train
row-14783,CWE-200,samba,3ddc9344c2fa7461336899fbddb0bb80995e9170,,group-row-14783,train,train
row-14784,CWE-200,samba,3ddc9344c2fa7461336899fbddb0bb80995e9170,,group-row-14783,train,train
row-14786,CWE-476,gpac,b43f9d1a4b4e33d08edaef6d313e6ce4bdf554d3,,group-row-14786,test,train
row-14791,CWE-125,radare2,eb7deb281df54771fb8ecf5890dc325a7d22d3e2,,group-row-14791,train,train
row-14792,CWE-125,radare2,eb7deb281df54771fb8ecf5890dc325a7d22d3e2,,group-row-14791,train,train
row-14795,CWE-703,furnace,0eb02422d5161767e9983bdaa5c429762d3477ce,,group-row-14795,train,validation
row-14800,CWE-22,neomutt,57971dba06346b2d7179294f4528b8d4427a7c5d,,group-row-14800,train,train
row-14801,CWE-369,linux,0185604c2d82c560dab2f2933a18f797e74ab5a8,,group-row-14801,train,test
row-14802,CWE-369,linux,0185604c2d82c560dab2f2933a18f797e74ab5a8,,group-row-14801,train,test
row-14803,CWE-476,tensorflow,05cbebd3c6bb8f517a158b0155debb8df79017ff,,group-row-14803,train,train
row-14804,CWE-787,gpac,1773b7a34bc08734aee7d3f5dfe65d06389fe15a,,group-row-14804,test,test
row-14805,CWE-787,gpac,1773b7a34bc08734aee7d3f5dfe65d06389fe15a,,group-row-14804,test,test
row-14806,CWE-787,gpac,1773b7a34bc08734aee7d3f5dfe65d06389fe15a,,group-row-14804,test,test
row-14807,CWE-369,tensorflow,1a2a87229d1d61e23a39373777c056161eb4084d,,group-row-14807,train,train
row-14810,CWE-787,gpac,74695dea7278e78af3db467e586233fe8773c07e,,group-row-14810,test,train
row-14811,CWE-416,perl5,22b433eff9a1ffa2454e18405a56650f07b385b5,,group-row-14811,train,train
row-14812,CWE-416,perl5,22b433eff9a1ffa2454e18405a56650f07b385b5,,group-row-14811,train,train
row-14813,CWE-416,perl5,22b433eff9a1ffa2454e18405a56650f07b385b5,,group-row-14811,train,train
row-14818,CWE-20,winscp,49d876f2c5fc00bcedaa986a7cf6dedd6bf16f54,,group-row-14818,train,test
row-14825,CWE-125,FFmpeg,bab0716c7f4793ec42e05a5aa7e80d82a0dd4e75,,group-row-14825,test,test
row-14827,CWE-476,libgit2,84d30d569ada986f3eef527cbdb932643c2dd037,,group-row-14827,train,train
row-14835,CWE-125,radare2,193f4fe01d7f626e2ea937450f2e0c4604420e9d,,group-row-14835,train,validation
row-14836,CWE-20,tinygltf,52ff00a38447f06a17eab1caa2cf0730a119c751,,group-row-14836,train,test
row-14837,CWE-20,tinygltf,52ff00a38447f06a17eab1caa2cf0730a119c751,,group-row-14836,train,test
row-14838,CWE-20,tinygltf,52ff00a38447f06a17eab1caa2cf0730a119c751,,group-row-14836,train,test
row-14839,CWE-20,tinygltf,52ff00a38447f06a17eab1caa2cf0730a119c751,,group-row-14836,train,test
row-14840,CWE-20,tinygltf,52ff00a38447f06a17eab1caa2cf0730a119c751,,group-row-14836,train,test
row-14841,CWE-20,tinygltf,52ff00a38447f06a17eab1caa2cf0730a119c751,,group-row-14836,train,test
row-14842,CWE-20,tinygltf,52ff00a38447f06a17eab1caa2cf0730a119c751,,group-row-14836,train,test
row-14843,CWE-703,h2o,1c0808d580da09fdec5a9a74ff09e103ea058dd4,,group-row-14843,train,train
row-14844,CWE-703,h2o,1c0808d580da09fdec5a9a74ff09e103ea058dd4,,group-row-14843,train,train
row-14845,CWE-703,h2o,1c0808d580da09fdec5a9a74ff09e103ea058dd4,,group-row-14843,train,train
row-14852,CWE-703,linux,276bdb82dedb290511467a5a4fdbe9f0b52dce6f,,group-row-14852,train,train
row-14853,CWE-703,linux,276bdb82dedb290511467a5a4fdbe9f0b52dce6f,,group-row-14852,train,train
row-14854,CWE-415,fluent-bit,22346a74c07ceb90296be872be2d53eb92252a54,,group-row-14854,train,train
row-14857,CWE-787,re2c,a3473fd7be829cb33907cb08612f955133c70a96,,group-row-14857,train,train
row-14858,CWE-787,re2c,a3473fd7be829cb33907cb08612f955133c70a96,,group-row-14857,train,train
row-14859,CWE-787,re2c,a3473fd7be829cb33907cb08612f955133c70a96,,group-row-14857,train,train
row-14860,CWE-787,re2c,a3473fd7be829cb33907cb08612f955133c70a96,,group-row-14857,train,train
row-14861,CWE-787,re2c,a3473fd7be829cb33907cb08612f955133c70a96,,group-row-14857,train,train
row-14862,CWE-787,re2c,a3473fd7be829cb33907cb08612f955133c70a96,,group-row-14857,train,train
row-14863,CWE-787,re2c,a3473fd7be829cb33907cb08612f955133c70a96,,group-row-14857,train,train
row-14864,CWE-787,re2c,a3473fd7be829cb33907cb08612f955133c70a96,,group-row-14857,train,train
row-14868,CWE-787,accel-ppp,d4cb89721cc8e5b3dd3fbefaf173eb77ecb85615,,group-row-14868,train,train
row-14869,CWE-787,accel-ppp,d4cb89721cc8e5b3dd3fbefaf173eb77ecb85615,,group-row-14868,train,train
row-14872,CWE-190,php-src,4cc0286f2f3780abc6084bcdae5dce595daa3c12,,group-row-14872,validation,validation
row-14879,CWE-125,tcpdump,c6e0531b5def26ecf912e8de6ade86cbdaed3751,,group-row-14879,train,train
row-14880,CWE-125,tcpdump,c6e0531b5def26ecf912e8de6ade86cbdaed3751,,group-row-14879,train,train
row-14881,CWE-703,jhead,a50953a266583981b51a181c2fce73dad2ac5d7d,,group-row-14881,train,train
row-14882,CWE-703,jhead,a50953a266583981b51a181c2fce73dad2ac5d7d,,group-row-14881,train,train
row-14883,CWE-703,jhead,a50953a266583981b51a181c2fce73dad2ac5d7d,,group-row-14881,train,train
row-14884,CWE-703,jhead,a50953a266583981b51a181c2fce73dad2ac5d7d,,group-row-14881,train,train
row-14885,CWE-703,jhead,a50953a266583981b51a181c2fce73dad2ac5d7d,,group-row-14881,train,train
row-14886,CWE-703,jhead,a50953a266583981b51a181c2fce73dad2ac5d7d,,group-row-14881,train,train
row-14887,CWE-703,FFmpeg,dfefc9097e9b4bb20442e65454a40043bd189b3d,,group-row-14887,test,train
row-14888,CWE-787,rawspeed,dbe7591e54bad5e6430d38be6bed051582da76b9,,group-row-14888,train,train
row-14890,CWE-787,linux,6e1acfa387b9ff82cfc7db8cc3b6959221a95851,,group-row-14890,train,train
row-14891,CWE-787,linux,6e1acfa387b9ff82cfc7db8cc3b6959221a95851,,group-row-14890,train,train
row-14892,CWE-787,linux,6e1acfa387b9ff82cfc7db8cc3b6959221a95851,,group-row-14890,train,train
row-14893,CWE-787,libjxl,1c05e110d69b457696366fb4e762057b6855349b,,group-row-14893,test,train
row-14899,CWE-476,gpac,f0ba83717b6e4d7a15a1676d1fe06152e199b011,,group-row-14899,test,train
row-14901,CWE-399,linux,6160968cee8b90a5dd95318d716e31d7775c4ef3,,group-row-14901,train,test
row-14902,CWE-787,hermes,86543ac47e59c522976b5632b8bf9a2a4583c7d2,,group-row-14902,train,train
row-14924,CWE-200,samba,a60863458dc6b60a09aa8d31fada6c36f5043c76,,group-row-14924,train,train
row-14925,CWE-787,frr,c3793352a8d76d2eee1edc38a9a16c1c8a6573f4,,group-row-14925,train,train
row-14926,CWE-787,frr,c3793352a8d76d2eee1edc38a9a16c1c8a6573f4,,group-row-14925,train,train
row-14927,CWE-787,frr,c3793352a8d76d2eee1edc38a9a16c1c8a6573f4,,group-row-14925,train,train
row-14928,CWE-787,frr,c3793352a8d76d2eee1edc38a9a16c1c8a6573f4,,group-row-14925,train,train
row-14937,CWE-476,tcpreplay,46cf964a7db636da76abeebf10482acf6f682a87,,group-row-14937,train,test
row-14938,CWE-476,tcpreplay,46cf964a7db636da76abeebf10482acf6f682a87,,group-row-14937,train,test
row-14939,CWE-476,tcpreplay,46cf964a7db636da76abeebf10482acf6f682a87,,group-row-14937,train,test
row-14940,CWE-476,tcpreplay,46cf964a7db636da76abeebf10482acf6f682a87,,group-row-14937,train,test
row-14941,CWE-476,tcpreplay,46cf964a7db636da76abeebf10482acf6f682a87,,group-row-14937,train,test
row-14943,CWE-20,FreeRDP,0d79670a28c0ab049af08613621aa0c267f977e9,,group-row-14943,train,validation
row-14951,CWE-787,libtpms,f16250b35aff6995e540143a9858c9cf0d1f9573,,group-row-14951,train,validation
row-14952,CWE-787,libtpms,f16250b35aff6995e540143a9858c9cf0d1f9573,,group-row-14951,train,validation
row-14953,CWE-787,libtpms,f16250b35aff6995e540143a9858c9cf0d1f9573,,group-row-14951,train,validation
row-14954,CWE-787,libtpms,f16250b35aff6995e540143a9858c9cf0d1f9573,,group-row-14951,train,validation
row-14955,CWE-787,libtpms,f16250b35aff6995e540143a9858c9cf0d1f9573,,group-row-14951,train,validation
row-14956,CWE-787,libtpms,f16250b35aff6995e540143a9858c9cf0d1f9573,,group-row-14951,train,validation
row-14957,CWE-787,libtpms,f16250b35aff6995e540143a9858c9cf0d1f9573,,group-row-14951,train,validation
row-14958,CWE-787,libtpms,f16250b35aff6995e540143a9858c9cf0d1f9573,,group-row-14951,train,validation
row-14959,CWE-787,libtpms,f16250b35aff6995e540143a9858c9cf0d1f9573,,group-row-14951,train,validation
row-14960,CWE-787,libtpms,f16250b35aff6995e540143a9858c9cf0d1f9573,,group-row-14951,train,validation
row-14961,CWE-787,libtpms,f16250b35aff6995e540143a9858c9cf0d1f9573,,group-row-14951,train,validation
row-14962,CWE-787,libtpms,f16250b35aff6995e540143a9858c9cf0d1f9573,,group-row-14951,train,validation
row-14963,CWE-787,libtpms,f16250b35aff6995e540143a9858c9cf0d1f9573,,group-row-14951,train,validation
row-14964,CWE-787,libtpms,f16250b35aff6995e540143a9858c9cf0d1f9573,,group-row-14951,train,validation
row-14965,CWE-787,libtpms,f16250b35aff6995e540143a9858c9cf0d1f9573,,group-row-14951,train,validation
row-14966,CWE-787,libtpms,f16250b35aff6995e540143a9858c9cf0d1f9573,,group-row-14951,train,validation
row-14967,CWE-787,libtpms,f16250b35aff6995e540143a9858c9cf0d1f9573,,group-row-14951,train,validation
row-14968,CWE-787,libtpms,f16250b35aff6995e540143a9858c9cf0d1f9573,,group-row-14951,train,validation
row-14969,CWE-787,libtpms,f16250b35aff6995e540143a9858c9cf0d1f9573,,group-row-14951,train,validation
row-14970,CWE-787,libtpms,f16250b35aff6995e540143a9858c9cf0d1f9573,,group-row-14951,train,validation
row-14979,CWE-787,UltraVNC,36a31b37b98f70c1db0428f5ad83170d604fb352,,group-row-14979,train,train
row-14985,CWE-787,rhonabwy,b4c2923a1ba4fabf9b55a89244127e153a3e549b,,group-row-14985,train,train
row-14987,CWE-125,nDPI,b69177be2fbe01c2442239a61832c44e40136c05,,group-row-14987,train,train
row-14988,CWE-125,tcpdump,f4b9e24c7384d882a7f434cc7413925bf871d63e,,group-row-14988,train,train
row-14989,CWE-125,asylo,90d7619e9dd99bcdb6cd28c7649d741d254d9a1a,,group-row-14989,train,train
row-14990,CWE-200,linux,f778a636713a435d3a922c60b1622a91136560c1,,group-row-14990,train,train
row-14991,CWE-125,FFmpeg,27f8d386829689c346ff0cef00d3af57b9fb8903,,group-row-14991,test,train
row-14993,CWE-787,tensorflow,efea03b38fb8d3b81762237dc85e579cc5fc6e87,,group-row-14993,train,train
row-14997,CWE-200,linux,250c6c49e3b68756b14983c076183568636e2bde,,group-row-14997,train,train
row-14998,CWE-125,tensorflow,87158f43f05f2720a374f3e6d22a7aaa3a33f750,,group-row-14998,train,train
row-15018,CWE-787,keepkey-firmware,b222c66cdd7c3203d917c80ba615082d309d80c3,,group-row-15018,train,train
row-15019,CWE-787,keepkey-firmware,b222c66cdd7c3203d917c80ba615082d309d80c3,,group-row-15018,train,train
row-15020,CWE-787,keepkey-firmware,b222c66cdd7c3203d917c80ba615082d309d80c3,,group-row-15018,train,train
row-15021,CWE-125,FFmpeg,f31fc4755f69ab26bf6e8be47875b7dcede8e29e,,group-row-15021,test,train
row-15022,CWE-125,asylo,fa6485c5d16a7355eab047d4a44345a73bc9131e,,group-row-15022,train,train
row-15032,CWE-369,tensorflow,b22786e7e9b7bdb6a56936ff29cc7e9968d7bc1d,,group-row-15032,train,train
row-15036,CWE-787,tensorflow,30721cf564cb029d34535446d6a5a6357bebc8e7,,group-row-15036,train,test
row-15038,CWE-787,v4l2loopback,64a216af4c09c9ba9326057d7e78994271827eff,,group-row-15038,train,validation
row-15039,CWE-787,tensorflow,e0b6e58c328059829c3eb968136f17aa72b6c876,,group-row-15039,train,train
row-15040,CWE-200,linux,3ce5efad47b62c57a4f5c54248347085a750ce0e,,group-row-15040,train,train
row-15054,CWE-703,ImageMagick,d7f1b2b9b816baaa956381ff80c3b120e83faa95,,group-row-15054,train,train
row-15055,CWE-125,FFmpeg,273f2755ce8635d42da3cde0eeba15b2e7842774,,group-row-15055,test,train
row-15060,CWE-476,nasm,e996d28c70d45008085322b442b44a9224308548,,group-row-15060,train,train
row-15061,CWE-125,linux,92ee3c60ec9fe64404dc035e7c41277d74aa26cb,,group-row-15061,train,train
row-15062,CWE-125,linux,92ee3c60ec9fe64404dc035e7c41277d74aa26cb,,group-row-15061,train,train
row-15063,CWE-125,linux,92ee3c60ec9fe64404dc035e7c41277d74aa26cb,,group-row-15061,train,train
row-15064,CWE-125,linux,92ee3c60ec9fe64404dc035e7c41277d74aa26cb,,group-row-15061,train,train
row-15073,CWE-703,protobuf,d1635e1496f51e0d5653d856211e8821bc47adc4,,group-row-15073,train,test
row-15074,CWE-703,protobuf,d1635e1496f51e0d5653d856211e8821bc47adc4,,group-row-15073,train,test
row-15075,CWE-703,protobuf,d1635e1496f51e0d5653d856211e8821bc47adc4,,group-row-15073,train,test
row-15081,CWE-125,tensorflow,a0d64445116c43cf46a5666bd4eee28e7a82f244,,group-row-15081,train,test
row-15089,CWE-125,tensorflow,f410212e373eb2aec4c9e60bf3702eba99a38aba,,group-row-15089,train,validation
row-15094,CWE-369,tensorflow,4aacb30888638da75023e6601149415b39763d76,,group-row-15094,train,train
row-15112,CWE-200,linux,4c87308bdea31a7b4828a51f6156e6f721a1fcc9,,group-row-15112,train,train
row-15113,CWE-476,gpac,4e7736d7ec7bf64026daa611da951993bb42fdaf,,group-row-15113,test,validation
row-15114,CWE-476,gpac,4e7736d7ec7bf64026daa611da951993bb42fdaf,,group-row-15113,test,validation
row-15115,CWE-476,gpac,4e7736d7ec7bf64026daa611da951993bb42fdaf,,group-row-15113,test,validation
row-15116,CWE-476,gpac,4e7736d7ec7bf64026daa611da951993bb42fdaf,,group-row-15113,test,validation
row-15117,CWE-476,gpac,4e7736d7ec7bf64026daa611da951993bb42fdaf,,group-row-15113,test,validation
row-15118,CWE-476,gpac,4e7736d7ec7bf64026daa611da951993bb42fdaf,,group-row-15113,test,validation
row-15119,CWE-476,gpac,4e7736d7ec7bf64026daa611da951993bb42fdaf,,group-row-15113,test,validation
row-15120,CWE-401,gpac,fe5155cf047252d1c4cb91602048bfa682af0ea7,,group-row-15120,test,train
row-15121,CWE-125,tensorflow,480641e3599775a8895254ffbc0fc45621334f68,,group-row-15121,train,train
row-15122,CWE-125,tensorflow,480641e3599775a8895254ffbc0fc45621334f68,,group-row-15121,train,train
row-15123,CWE-703,contiki-ng,587ae59956e00316fd44fd7072ac3a6a07b4b20f,,group-row-15123,train,train
row-15124,CWE-703,contiki-ng,587ae59956e00316fd44fd7072ac3a6a07b4b20f,,group-row-15123,train,train
row-15129,CWE-476,tensorflow,f8378920345f4f4604202d4ab15ef64b2aceaa16,,group-row-15129,train,train
row-15130,CWE-20,linux,6f7b0a2a5c0fb03be7c25bd1745baa50582348ef,,group-row-15130,train,train
row-15131,CWE-476,jerryscript,e58f2880df608652aff7fd35c45b242467ec0e79,,group-row-15131,train,test
row-15139,CWE-200,linux,3f68ba07b1da811bf383b4b701b129bfcb2e4988,,group-row-15139,train,test
row-15140,CWE-20,nautilus,1630f53481f445ada0a455e9979236d31a8d3bb0,,group-row-15140,train,train
row-15141,CWE-20,nautilus,1630f53481f445ada0a455e9979236d31a8d3bb0,,group-row-15140,train,train
row-15142,CWE-20,nautilus,1630f53481f445ada0a455e9979236d31a8d3bb0,,group-row-15140,train,train
row-15143,CWE-20,nautilus,1630f53481f445ada0a455e9979236d31a8d3bb0,,group-row-15140,train,train
row-15144,CWE-20,nautilus,1630f53481f445ada0a455e9979236d31a8d3bb0,,group-row-15140,train,train
row-15145,CWE-20,nautilus,1630f53481f445ada0a455e9979236d31a8d3bb0,,group-row-15140,train,train
row-15146,CWE-20,nautilus,1630f53481f445ada0a455e9979236d31a8d3bb0,,group-row-15140,train,train
row-15147,CWE-20,nautilus,1630f53481f445ada0a455e9979236d31a8d3bb0,,group-row-15140,train,train
row-15154,CWE-125,FFmpeg,d227ed5d598340e719eff7156b1aa0a4469e9a6a,,group-row-15154,test,train
row-15157,CWE-787,FFmpeg,91253839e14cce9793ee93f184cef609ca8195d5,,group-row-15157,test,train
row-15159,CWE-125,mbedtls,740b218386083dc708ce98ccc94a63a95cd5629e,,group-row-15159,train,train
row-15160,CWE-200,linux,2117d5398c81554fbf803f5fd1dc55eb78216c0c,,group-row-15160,train,train
row-15161,CWE-200,linux,2117d5398c81554fbf803f5fd1dc55eb78216c0c,,group-row-15160,train,train
row-15163,CWE-416,inspircd,7b47de3c194f239c5fea09a0e49696c9af017d51,,group-row-15163,train,train
row-15172,CWE-200,colord,adf41f36cf7214d7d6fa8d528b74eba47c377405,,group-row-15172,train,validation
row-15174,CWE-190,FFmpeg,d42ec8433c687fcbccefa51a7716d81920218e4f,,group-row-15174,test,train
row-15180,CWE-399,freeradius-server,4dc7800b866f889a1247685bbaa6dd4238a56279,CVE-2010-3696,group-row-15180,train,validation
row-15181,CWE-415,openvpn,1394192b210cb3c6624a7419bcf3ff966742e79b,,group-row-15181,train,train
row-15183,CWE-476,FFmpeg,c94f9e854228e0ea00e1de8769d8d3f7cab84a55,,group-row-15183,test,validation
row-15185,CWE-125,tensorflow,d94ffe08a65400f898241c0374e9edc6fa8ed257,,group-row-15185,train,train
row-15189,CWE-787,FFmpeg,2080bc33717955a0e4268e738acf8c1eeddbf8cb,,group-row-15189,test,train
row-15192,CWE-200,linux,3592aaeb80290bda0f2cf0b5456c97bfc638b192,,group-row-15192,train,train
row-15193,CWE-787,ghostpdl,4f6bc662909ab79e8fbe9822afb36e8a0eafc2b7,,group-row-15193,test,train
row-15196,CWE-369,tensorflow,376c352a37ce5a68b721406dc7e77ac4b6cf483d,,group-row-15196,train,train
row-15198,CWE-787,gpac,f0a41d178a2dc5ac185506d9fa0b0a58356b16f7,,group-row-15198,test,train
row-15213,CWE-200,linux,c88e739b1fad662240e99ecbd0bdaac871717987,,group-row-15213,train,train
row-15214,CWE-401,gpac,0a85029d694f992f3631e2f249e4999daee15cbf,,group-row-15214,test,train
row-15215,CWE-787,sqlite,d1d43efa4fb0f2098c0e2c5bf2e807c58d5ec05b,,group-row-15215,train,train
row-15217,CWE-703,FFmpeg,7ba100d3e6e8b1e5d5342feb960a7f081d6e15af,,group-row-15217,test,train
row-15219,CWE-190,mbed-os,151ebfcfc9f2383ee11ce3c771c3bf92900d6b43,,group-row-15219,train,validation
row-15220,CWE-190,mbed-os,151ebfcfc9f2383ee11ce3c771c3bf92900d6b43,,group-row-15219,train,validation
row-15227,CWE-476,radare2,68338b71a563b24e62617bb629059adc0c94b230,,group-row-15227,train,train
row-15228,CWE-416,gpac,98b727637e32d1d4824101d8947e2dbd573d4fc8,,group-row-15228,test,train
row-15231,CWE-125,media-tree,354dd3924a2e43806774953de536257548b5002c,,group-row-15231,train,train
row-15237,CWE-125,gpac,8e05648d6b4459facbc783025c5c42d301fef5c3,,group-row-15237,test,train
row-15241,CWE-787,qemu,284f191b4abad213aed04cb0458e1600fd18d7c4,,group-row-15241,train,train
row-15243,CWE-200,linux,60085c3d009b0df252547adb336d1ccca5ce52ec,,group-row-15243,train,train
row-15244,CWE-200,linux,60085c3d009b0df252547adb336d1ccca5ce52ec,,group-row-15243,train,train
row-15245,CWE-200,linux,60085c3d009b0df252547adb336d1ccca5ce52ec,,group-row-15243,train,train
row-15250,CWE-20,FFmpeg,6bbef938839adc55e8e048bc9cc2e0fafe2064df,,group-row-15250,test,train
row-15251,CWE-703,linux,a67adb997419fb53540d4a4f79c6471c60bc69b6,,group-row-15251,train,train
row-15253,CWE-125,asylo,6e158d558abd3c29a0208e30c97c9a8c5bd4230f,,group-row-15253,train,train
row-15254,CWE-787,shim,159151b6649008793d6204a34d7b9c41221fb4b0,,group-row-15254,train,train
row-15255,CWE-476,libgd,a93eac0e843148dc2d631c3ba80af17e9c8c860f,,group-row-15255,validation,train
row-15256,CWE-125,tcpdump,42073d54c53a496be40ae84152bbfe2c923ac7bc,,group-row-15256,train,train
row-15257,CWE-703,gpac,f19668964bf422cf5a63e4dbe1d3c6c75edadcbb,,group-row-15257,test,train
row-15262,CWE-125,tcpdump,db8c799f6dfc68765c9451fcbfca06e662f5bd5f,,group-row-15262,train,train
row-15263,CWE-416,njs,ad48705bf1f04b4221a5f5b07715ac48b3160d53,,group-row-15263,train,train
row-15277,CWE-703,samba,d92dfb0dabf9cfccb86f2b1146d6c353af2e1435,,group-row-15277,train,train
row-15285,CWE-125,FFmpeg,e724bd1dd9efea3abb8586d6644ec07694afceae,,group-row-15285,test,test
row-15286,CWE-125,tcpdump,f76e7feb41a4327d2b0978449bbdafe98d4a3771,,group-row-15286,train,validation
row-15289,CWE-125,tensorflow,8b5b9dc96666a3a5d27fad7179ff215e3b74b67c,,group-row-15289,train,train
row-15290,CWE-787,qemu,2563c9c6b8670400c48e562034b321a7cf3d9a85,,group-row-15290,train,test
row-15292,CWE-125,radare2,fc285cecb8469f0262db0170bf6dd7c01d9b8ed5,,group-row-15292,train,train
row-15293,CWE-120,njs,e673ae41a998d1391bd562edb2ed6d49db7cc716,,group-row-15293,train,train
row-15294,CWE-120,njs,e673ae41a998d1391bd562edb2ed6d49db7cc716,,group-row-15293,train,train
row-15295,CWE-476,FFmpeg,9ccc633068c6fe76989f487c8932bd11886ad65b,,group-row-15295,test,train
row-15296,CWE-476,FFmpeg,9ccc633068c6fe76989f487c8932bd11886ad65b,,group-row-15295,test,train
row-15297,CWE-190,gpac,0cd19f4db70615d707e0e6202933c2ea0c1d36df,,group-row-15297,test,train
row-15300,CWE-200,tinyproxy,3764b8551463b900b5b4e3ec0cd9bb9182191cb7,,group-row-15300,train,train
row-15302,CWE-476,tensorflow,02cc160e29d20631de3859c6653184e3f876b9d7,,group-row-15302,train,train
row-15304,CWE-125,radare2,d31c4d3cbdbe01ea3ded16a584de94149ecd31d9,,group-row-15304,train,train
row-15305,CWE-369,tensorflow,f2c3931113eaafe9ef558faaddd48e00a6606235,,group-row-15305,train,train
row-15306,CWE-476,linux,c8e252586f8d5de906385d8cf6385fee289a825e,,group-row-15306,train,train
row-15307,CWE-476,linux,c8e252586f8d5de906385d8cf6385fee289a825e,,group-row-15306,train,train
row-15308,CWE-476,linux,c8e252586f8d5de906385d8cf6385fee289a825e,,group-row-15306,train,train
row-15311,CWE-200,linux,43da5f2e0d0c69ded3d51907d9552310a6b545e8,,group-row-15311,train,train
row-15312,CWE-476,FFmpeg,31c1c0b46a7021802c3d1d18039fca30dba5a14e,,group-row-15312,test,train
row-15313,CWE-476,libarchive,15bf44fd2c1ad0e3fd87048b3fcc90c4dcff1175,,group-row-15313,train,train
row-15314,CWE-190,nginx,0206ebe76f748bb39d9de4dd4b3fce777fdfdccf,,group-row-15314,train,train
row-15317,CWE-125,njs,d09868bc71f9a990445959329ad8c1b10d3898f5,,group-row-15317,train,train
row-15318,CWE-125,njs,d09868bc71f9a990445959329ad8c1b10d3898f5,,group-row-15317,train,train
row-15319,CWE-416,gpac,6063b1a011c3f80cee25daade18154e15e4c058c,,group-row-15319,test,train
row-15320,CWE-416,Crow,fba01dc76d6ea940ad7c8392e8f39f9647241d8e,,group-row-15320,train,train
row-15321,CWE-416,Crow,fba01dc76d6ea940ad7c8392e8f39f9647241d8e,,group-row-15320,train,train
row-15322,CWE-416,Crow,fba01dc76d6ea940ad7c8392e8f39f9647241d8e,,group-row-15320,train,train
row-15323,CWE-416,Crow,fba01dc76d6ea940ad7c8392e8f39f9647241d8e,,group-row-15320,train,train
row-15324,CWE-416,Crow,fba01dc76d6ea940ad7c8392e8f39f9647241d8e,,group-row-15320,train,train
row-15325,CWE-416,Crow,fba01dc76d6ea940ad7c8392e8f39f9647241d8e,,group-row-15320,train,train
row-15326,CWE-416,Crow,fba01dc76d6ea940ad7c8392e8f39f9647241d8e,,group-row-15320,train,train
row-15327,CWE-416,Crow,fba01dc76d6ea940ad7c8392e8f39f9647241d8e,,group-row-15320,train,train
row-15328,CWE-416,Crow,fba01dc76d6ea940ad7c8392e8f39f9647241d8e,,group-row-15320,train,train
row-15329,CWE-416,Crow,fba01dc76d6ea940ad7c8392e8f39f9647241d8e,,group-row-15320,train,train
row-15330,CWE-416,Crow,fba01dc76d6ea940ad7c8392e8f39f9647241d8e,,group-row-15320,train,train
row-15331,CWE-125,FFmpeg,cced03dd667a5df6df8fd40d8de0bff477ee02e8,,group-row-15331,test,train
row-15335,CWE-787,open5gs,c0f695525088486c509f37a02ff1fda211b141bb,,group-row-15335,train,validation
row-15342,CWE-200,linux,2d6fbfe733f35c6b355c216644e08e149c61b271,,group-row-15342,train,train
row-15345,CWE-787,Espruino,bed844f109b6c222816740555068de2e101e8018,,group-row-15345,train,train
row-15350,CWE-20,ruby,339e11a7f178312d937b7c95dd3115ce7236597a,,group-row-15350,validation,train
row-15351,CWE-20,ruby,339e11a7f178312d937b7c95dd3115ce7236597a,,group-row-15350,validation,train
row-15352,CWE-20,ruby,339e11a7f178312d937b7c95dd3115ce7236597a,,group-row-15350,validation,train
row-15353,CWE-20,ruby,339e11a7f178312d937b7c95dd3115ce7236597a,,group-row-15350,validation,train
row-15354,CWE-787,FFmpeg,e371f031b942d73e02c090170975561fabd5c264,,group-row-15354,test,train
row-15355,CWE-416,FFmpeg,6959358683c7533f586c07a766acc5fe9544d8b2,,group-row-15355,test,test
row-15356,CWE-416,radare2,d1e8ac62c6d978d4662f69116e30230d43033c92,,group-row-15356,train,train
row-15357,CWE-416,radare2,d1e8ac62c6d978d4662f69116e30230d43033c92,,group-row-15356,train,train
row-15358,CWE-416,radare2,d1e8ac62c6d978d4662f69116e30230d43033c92,,group-row-15356,train,train
row-15359,CWE-416,radare2,d1e8ac62c6d978d4662f69116e30230d43033c92,,group-row-15356,train,train
row-15360,CWE-416,radare2,d1e8ac62c6d978d4662f69116e30230d43033c92,,group-row-15356,train,train
row-15361,CWE-416,radare2,d1e8ac62c6d978d4662f69116e30230d43033c92,,group-row-15356,train,train
row-15367,CWE-703,agoo,ecb72fa66f3d846b724b4fa1d7648669cebabe0c,,group-row-15367,train,train
row-15368,CWE-703,agoo,ecb72fa66f3d846b724b4fa1d7648669cebabe0c,,group-row-15367,train,train
row-15372,CWE-125,tensorflow,e6cf28c72ba2eb949ca950d834dd6d66bb01cfae,,group-row-15372,train,train
row-15373,CWE-703,upx,e2f60adc95334f47e286838dac33160819c5d74d,,group-row-15373,train,train
row-15374,CWE-703,upx,e2f60adc95334f47e286838dac33160819c5d74d,,group-row-15373,train,train
row-15375,CWE-787,tensorflow,a324ac84e573fba362a5e53d4e74d5de6729933e,,group-row-15375,train,train
row-15376,CWE-190,openjpeg,c58df149900df862806d0e892859b41115875845,,group-row-15376,validation,train
row-15377,CWE-200,linux,c8c499175f7d295ef867335bceb9a76a2c3cdc38,,group-row-15377,train,train
row-15383,CWE-416,gpac,5aba27604d957e960d8069d85ccaf868f8a7b07a,,group-row-15383,test,validation
row-15420,CWE-787,samba,0e2b3fb982d1f53d111e10d9197ed2ec2e13712c,,group-row-15420,train,train
row-15421,CWE-787,samba,0e2b3fb982d1f53d111e10d9197ed2ec2e13712c,,group-row-15420,train,train
row-15423,CWE-416,linux,15fab63e1e57be9fdb5eec1bbc5916e9825e9acb,,group-row-15423,train,train
row-15424,CWE-416,linux,15fab63e1e57be9fdb5eec1bbc5916e9825e9acb,,group-row-15423,train,train
row-15425,CWE-416,linux,15fab63e1e57be9fdb5eec1bbc5916e9825e9acb,,group-row-15423,train,train
row-15426,CWE-416,linux,15fab63e1e57be9fdb5eec1bbc5916e9825e9acb,,group-row-15423,train,train
row-15427,CWE-416,linux,15fab63e1e57be9fdb5eec1bbc5916e9825e9acb,,group-row-15423,train,train
row-15428,CWE-416,linux,15fab63e1e57be9fdb5eec1bbc5916e9825e9acb,,group-row-15423,train,train
row-15429,CWE-476,linux,dd504589577d8e8e70f51f997ad487a4cb6c026f,,group-row-15429,train,train
row-15430,CWE-476,linux,dd504589577d8e8e70f51f997ad487a4cb6c026f,,group-row-15429,train,train
row-15431,CWE-476,linux,dd504589577d8e8e70f51f997ad487a4cb6c026f,,group-row-15429,train,train
row-15432,CWE-476,linux,dd504589577d8e8e70f51f997ad487a4cb6c026f,,group-row-15429,train,train
row-15437,CWE-703,FFmpeg,f5d1d1e4667ba346ea7e0f97e6d2756bc9d4abde,,group-row-15437,test,train
row-15461,CWE-476,gpac,55a183e6b8602369c04ea3836e05436a79fbc7f8,,group-row-15461,test,train
row-15462,CWE-787,ok-file-formats,3ebe25d44566927c374dcdfd70361c6a070fa0c4,,group-row-15462,train,train
row-15463,CWE-787,ok-file-formats,3ebe25d44566927c374dcdfd70361c6a070fa0c4,,group-row-15462,train,train
row-15464,CWE-125,hermes,8cb935cd3b2321c46aa6b7ed8454d95c75a7fca0,,group-row-15464,train,train
row-15466,CWE-416,mruby,aa7f98dedb68d735a1665d3a289036c88b0c47ce,,group-row-15466,train,train
row-15467,CWE-416,mruby,aa7f98dedb68d735a1665d3a289036c88b0c47ce,,group-row-15466,train,train
row-15475,CWE-295,openfortivpn,60660e00b80bad0fadcf39aee86f6f8756c94f91,,group-row-15475,test,train
row-15480,CWE-476,gpac,b2db2f99b4c30f96e17b9a14537c776da6cb5dca,,group-row-15480,test,train
row-15481,CWE-369,tensorflow,d9204be9f49520cdaaeb2541d1dc5187b23f31d9,,group-row-15481,train,train
row-15482,CWE-20,tensorflow,203214568f5bc237603dbab6e1fd389f1572f5c9,,group-row-15482,train,train
row-15483,CWE-200,barebox,0a9f9a7410681e55362f8311537ebc7be9ad0fbe,,group-row-15483,train,train
row-15489,CWE-703,FFmpeg,5430839144c6da0160e8e0cfb0c8db01de432e94,,group-row-15489,test,train
row-15492,CWE-200,linux,c4c896e1471aec3b004a693c689f60be3b17ac86,,group-row-15492,train,train
row-15508,CWE-190,mbed-os,4450464fc87fb104a45190a2334b82b3bb2b13fb,,group-row-15508,train,train
row-15509,CWE-190,mbed-os,4450464fc87fb104a45190a2334b82b3bb2b13fb,,group-row-15508,train,train
row-15510,CWE-190,FreeRTOS-Kernel,d05b9c123f2bf9090bce386a244fc934ae44db5b,,group-row-15510,train,train
row-15512,CWE-399,linux,7d5145d8eb2b9791533ffe4dc003b129b9696c48,,group-row-15512,train,train
row-15513,CWE-399,linux,7d5145d8eb2b9791533ffe4dc003b129b9696c48,,group-row-15512,train,train
row-15514,CWE-399,linux,7d5145d8eb2b9791533ffe4dc003b129b9696c48,,group-row-15512,train,train
row-15515,CWE-399,linux,7d5145d8eb2b9791533ffe4dc003b129b9696c48,,group-row-15512,train,train
row-15516,CWE-416,gpac,dc7de8d3d604426c7a6e628d90cb9fb88e7b4c2c,,group-row-15516,test,train
row-15518,CWE-787,gpac,b15020f54aff24aaeb64b80771472be8e64a7adc,,group-row-15518,test,train
row-15525,CWE-20,proxygen,0600ebe59c3e82cd012def77ca9ca1918da74a71,,group-row-15525,train,train
row-15526,CWE-20,proxygen,0600ebe59c3e82cd012def77ca9ca1918da74a71,,group-row-15525,train,train
row-15532,CWE-369,tensorflow,311403edbc9816df80274bd1ea8b3c0c0f22c3fa,,group-row-15532,train,train
row-15533,CWE-369,tensorflow,311403edbc9816df80274bd1ea8b3c0c0f22c3fa,,group-row-15532,train,train
row-15534,CWE-369,tensorflow,311403edbc9816df80274bd1ea8b3c0c0f22c3fa,,group-row-15532,train,train
row-15535,CWE-369,tensorflow,311403edbc9816df80274bd1ea8b3c0c0f22c3fa,,group-row-15532,train,train
row-15537,CWE-125,cgal,5a1ab45058112f8647c14c02f58905ecc597ec76,,group-row-15537,train,train
row-15538,CWE-125,cgal,5a1ab45058112f8647c14c02f58905ecc597ec76,,group-row-15537,train,train
row-15539,CWE-125,cgal,5a1ab45058112f8647c14c02f58905ecc597ec76,,group-row-15537,train,train
row-15540,CWE-125,cgal,5a1ab45058112f8647c14c02f58905ecc597ec76,,group-row-15537,train,train
row-15541,CWE-125,cgal,5a1ab45058112f8647c14c02f58905ecc597ec76,,group-row-15537,train,train
row-15542,CWE-125,cgal,5a1ab45058112f8647c14c02f58905ecc597ec76,,group-row-15537,train,train
row-15543,CWE-125,cgal,5a1ab45058112f8647c14c02f58905ecc597ec76,,group-row-15537,train,train
row-15544,CWE-125,cgal,5a1ab45058112f8647c14c02f58905ecc597ec76,,group-row-15537,train,train
row-15545,CWE-416,linux,ced21a4c726bdc60b1680c050a284b08803bc64c,,group-row-15545,train,train
row-15546,CWE-416,linux,ced21a4c726bdc60b1680c050a284b08803bc64c,,group-row-15545,train,train
row-15547,CWE-416,linux,ced21a4c726bdc60b1680c050a284b08803bc64c,,group-row-15545,train,train
row-15548,CWE-416,linux,ced21a4c726bdc60b1680c050a284b08803bc64c,,group-row-15545,train,train
row-15574,CWE-703,cortx-s3server,dd6bfbc4b84f14f898598922ca9efd5aaa645c5d,,group-row-15574,validation,test
row-15592,CWE-190,linux,870aaff92e959e29d40f9cfdb5ed06ba2fc2dae0,,group-row-15592,train,train
row-15604,CWE-125,nDPI,b7e666e465f138ae48ab81976726e67deed12701,,group-row-15604,train,train
row-15605,CWE-125,nDPI,b7e666e465f138ae48ab81976726e67deed12701,,group-row-15604,train,train
row-15611,CWE-399,libass,aa54e0b59200a994d50a346b5d7ac818ebcf2d4b,,group-row-15611,train,train
row-15615,CWE-703,tflite-micro,4142e47e9e31db481781b955ed3ff807a781b494,,group-row-15615,train,validation
row-15616,CWE-703,tflite-micro,4142e47e9e31db481781b955ed3ff807a781b494,,group-row-15615,train,validation
row-15617,CWE-703,tflite-micro,4142e47e9e31db481781b955ed3ff807a781b494,,group-row-15615,train,validation
row-15621,CWE-476,radare2,d21e91f075a7a7a8ed23baa5c1bb1fac48313882,,group-row-15621,train,train
row-15622,CWE-787,u-boot,8f8c04bf1ebbd2f72f1643e7ad9617dafa6e5409,,group-row-15622,train,train
row-15623,CWE-787,u-boot,8f8c04bf1ebbd2f72f1643e7ad9617dafa6e5409,,group-row-15622,train,train
row-15624,CWE-787,u-boot,8f8c04bf1ebbd2f72f1643e7ad9617dafa6e5409,,group-row-15622,train,train
row-15625,CWE-787,u-boot,8f8c04bf1ebbd2f72f1643e7ad9617dafa6e5409,,group-row-15622,train,train
row-15626,CWE-787,u-boot,8f8c04bf1ebbd2f72f1643e7ad9617dafa6e5409,,group-row-15622,train,train
row-15627,CWE-787,u-boot,8f8c04bf1ebbd2f72f1643e7ad9617dafa6e5409,,group-row-15622,train,train
row-15628,CWE-787,u-boot,8f8c04bf1ebbd2f72f1643e7ad9617dafa6e5409,,group-row-15622,train,train
row-15629,CWE-369,tensorflow,49847ae69a4e1a97ae7f2db5e217c77721e37948,,group-row-15629,train,train
row-15631,CWE-787,jerryscript,efe63a5bbc5106164a08ee2eb415a7a701f5311f,,group-row-15631,train,train
row-15632,CWE-476,FFmpeg,611b35627488a8d0763e75c25ee0875c5b7987dd,,group-row-15632,test,test
row-15650,CWE-476,inspircd,2cc35d8625b7ea5cbd1d1ebb116aff86c5280162,,group-row-15650,train,validation
row-15651,CWE-200,linux,ecd7918745234e423dd87fcc0c077da557909720,,group-row-15651,train,train
row-15652,CWE-200,linux,ecd7918745234e423dd87fcc0c077da557909720,,group-row-15651,train,train
row-15653,CWE-200,linux,ecd7918745234e423dd87fcc0c077da557909720,,group-row-15651,train,train
row-15654,CWE-399,freeradius-server,ff94dd35673bba1476594299d31ce8293b8bd223,CVE-2010-3697,group-row-15654,train,test
row-15655,CWE-399,freeradius-server,ff94dd35673bba1476594299d31ce8293b8bd223,CVE-2010-3697,group-row-15654,train,test
row-15656,CWE-200,linux,792039c73cf176c8e39a6e8beef2c94ff46522ed,,group-row-15656,train,test
row-15657,CWE-476,njs,86c2c8270240d0a7a1bc4757fd2010fd989e8037,,group-row-15657,train,train
row-15659,CWE-200,linux,5ae94c0d2f0bed41d6718be743985d61b7f5c47d,,group-row-15659,train,validation
row-15660,CWE-20,linux,338c7dbadd2671189cec7faf64c84d01071b3f96,,group-row-15660,train,train
row-15668,CWE-703,FFmpeg,6e42ccb9dbc13836cd52cda594f819d17af9afa2,,group-row-15668,test,validation
row-15669,CWE-125,radare2,66191f780863ea8c66ace4040d0d04a8842e8432,,group-row-15669,train,train
row-15688,CWE-20,suricata,8357ef3f8ffc7d99ef6571350724160de356158b,,group-row-15688,train,train
row-15690,CWE-369,tensorflow,0d45ea1ca641b21b73bcf9c00e0179cda284e7e7,,group-row-15690,train,test
row-15693,CWE-787,tensorflow,698e01511f62a3c185754db78ebce0eee1f0184d,,group-row-15693,train,train
row-15699,CWE-787,frr,50044ec7fe129e0a74d3a679dd29fe17ce30e6bf,,group-row-15699,train,train
row-15700,CWE-200,linux,819cbb120eaec7e014e5abd029260db1ca8c5735,,group-row-15700,train,train
row-15701,CWE-787,openthread,b8c3161281f8e15873f8decabd8eac461717aefe,,group-row-15701,train,train
row-15704,CWE-703,lrzip,4b3942103b57c639c8e0f31d6d5fd7bac53bbdf4,,group-row-15704,train,train
row-15705,CWE-703,lrzip,4b3942103b57c639c8e0f31d6d5fd7bac53bbdf4,,group-row-15704,train,train
row-15706,CWE-703,lrzip,4b3942103b57c639c8e0f31d6d5fd7bac53bbdf4,,group-row-15704,train,train
row-15707,CWE-200,linux,b6878d9e03043695dbf3fa1caa6dfc09db225b16,,group-row-15707,train,train
row-15709,CWE-190,tensorflow,acd56b8bcb72b163c834ae4f18469047b001fadf,,group-row-15709,train,validation
row-15710,CWE-190,tensorflow,acd56b8bcb72b163c834ae4f18469047b001fadf,,group-row-15709,train,validation
row-15711,CWE-190,tensorflow,acd56b8bcb72b163c834ae4f18469047b001fadf,,group-row-15709,train,validation
row-15712,CWE-787,linux,ed34695e15aba74f45247f1ee2cf7e09d449f925,,group-row-15712,train,test
row-15713,CWE-369,tensorflow,5f7975d09eac0f10ed8a17dbb6f5964977725adc,,group-row-15713,train,validation
row-15715,CWE-476,ffjpeg,caade60a69633d74100bd3c2528bddee0b6a1291,,group-row-15715,train,train
row-15716,CWE-787,linux,1bff51ea59a9afb67d2dd78518ab0582a54a472c,,group-row-15716,train,validation
row-15717,CWE-787,linux,1bff51ea59a9afb67d2dd78518ab0582a54a472c,,group-row-15716,train,validation
row-15718,CWE-787,linux,1bff51ea59a9afb67d2dd78518ab0582a54a472c,,group-row-15716,train,validation
row-15728,CWE-200,linux,c802d759623acbd6e1ee9fbdabae89159a513913,,group-row-15728,train,train
row-15729,CWE-703,linux,c290f8358acaeffd8e0c551ddcc24d1206143376,,group-row-15729,train,train
row-15730,CWE-787,openrazer,7e8a04feb378a679f1bcdcae079a5100cc45663b,,group-row-15730,train,train
row-15731,CWE-787,openrazer,7e8a04feb378a679f1bcdcae079a5100cc45663b,,group-row-15730,train,train
row-15732,CWE-787,openrazer,7e8a04feb378a679f1bcdcae079a5100cc45663b,,group-row-15730,train,train
row-15749,CWE-787,ok-file-formats,e49cdfb84fb5eca2a6261f3c51a3c793fab9f62e,,group-row-15749,train,validation
row-15996,CWE-200,php-src,f151e048ed27f6f4eef729f3310d053ab5da71d4,,group-row-15996,validation,train
row-16000,CWE-125,asylo,8fed5e334131abaf9c5e17307642fbf6ce4a57ec,,group-row-16000,train,train
row-16001,CWE-190,gpac,faa75edde3dfeba1e2cf6ffa48e45a50f1042096,,group-row-16001,test,train
row-16003,CWE-703,bareos,e8e79984410f5d4f65e199e9e677443c88808a66,,group-row-16003,validation,train
row-16008,CWE-190,libarchive,3ad08e01b4d253c66ae56414886089684155af22,,group-row-16008,train,train
row-16011,CWE-369,tensorflow,67784700869470d65d5f2ef20aeb5e97c31673cb,,group-row-16011,train,train
row-16015,CWE-476,gpac,37592ad86c6ca934d34740012213e467acc4a3b0,,group-row-16015,test,train
row-16016,CWE-476,gpac,37592ad86c6ca934d34740012213e467acc4a3b0,,group-row-16015,test,train
row-16024,CWE-787,php-src,28022c9b1fd937436ab67bb3d61f652c108baf96,,group-row-16024,validation,train
row-16027,CWE-476,gpac,9eeac00b38348c664dfeae2525bba0cf1bc32349,,group-row-16027,test,train
row-16028,CWE-476,gpac,9eeac00b38348c664dfeae2525bba0cf1bc32349,,group-row-16027,test,train
row-16030,CWE-703,njs,8b39afdad9a0761e0a5d4af1a762bd9a6daef572,,group-row-16030,train,train
row-16032,CWE-476,php-src,698a691724c0a949295991e5df091ce16f899e02,,group-row-16032,validation,train
row-16046,CWE-125,moddable,135aa9a4a6a9b49b60aa730ebc3bcc6247d75c45,,group-row-16046,train,train
row-16047,CWE-125,moddable,135aa9a4a6a9b49b60aa730ebc3bcc6247d75c45,,group-row-16046,train,train
row-16050,CWE-703,LIEF,7acf0bc4224081d4f425fcc8b2e361b95291d878,,group-row-16050,train,train
row-16051,CWE-703,LIEF,7acf0bc4224081d4f425fcc8b2e361b95291d878,,group-row-16050,train,train
row-16052,CWE-703,LIEF,7acf0bc4224081d4f425fcc8b2e361b95291d878,,group-row-16050,train,train
row-16063,CWE-703,samba,f9b2267c6eb8138fc94df7a138ad5d87526f1d79,,group-row-16063,train,train
row-16064,CWE-20,linux,fda4e2e85589191b123d31cdc21fd33ee70f50fd,,group-row-16064,train,train
row-16065,CWE-20,linux,fda4e2e85589191b123d31cdc21fd33ee70f50fd,,group-row-16064,train,train
row-16066,CWE-20,linux,fda4e2e85589191b123d31cdc21fd33ee70f50fd,,group-row-16064,train,train
row-16067,CWE-20,linux,fda4e2e85589191b123d31cdc21fd33ee70f50fd,,group-row-16064,train,train
row-16068,CWE-20,linux,fda4e2e85589191b123d31cdc21fd33ee70f50fd,,group-row-16064,train,train
row-16069,CWE-20,linux,fda4e2e85589191b123d31cdc21fd33ee70f50fd,,group-row-16064,train,train
row-16070,CWE-20,linux,fda4e2e85589191b123d31cdc21fd33ee70f50fd,,group-row-16064,train,train
row-16071,CWE-703,FFmpeg,e8714f6f93d1a32f4e4655209960afcf4c185214,,group-row-16071,test,train
row-16072,CWE-476,libjpeg,ea6315164b1649ff932a396b7600eac4bffcfaba,,group-row-16072,train,train
row-16073,CWE-476,libjpeg,ea6315164b1649ff932a396b7600eac4bffcfaba,,group-row-16072,train,train
row-16074,CWE-703,FFmpeg,c953baa084607dd1d84c3bfcce3cf6a87c3e6e05,,group-row-16074,test,train
row-16076,CWE-416,linux,bc0bdc5afaa740d782fbf936aaeebd65e5c2921d,,group-row-16076,train,train
row-16077,CWE-200,wolfssl,9b9568d500f31f964af26ba8d01e542e1f27e5ca,,group-row-16077,train,train
row-16078,CWE-200,wolfssl,9b9568d500f31f964af26ba8d01e542e1f27e5ca,,group-row-16077,train,train
row-16081,CWE-20,linux,6e601a53566d84e1ffd25e7b6fe0b6894ffd79c0,,group-row-16081,train,train
row-16097,CWE-190,tensorflow,7c1692bd417eb4f9b33ead749a41166d6080af85,,group-row-16097,train,train
row-16098,CWE-190,tensorflow,7c1692bd417eb4f9b33ead749a41166d6080af85,,group-row-16097,train,train
row-16108,CWE-190,cmark-gfm,b1687e6af1367c596ab75428b03af55666a66530,,group-row-16108,train,train
row-16109,CWE-190,cmark-gfm,b1687e6af1367c596ab75428b03af55666a66530,,group-row-16108,train,train
row-16110,CWE-190,cmark-gfm,b1687e6af1367c596ab75428b03af55666a66530,,group-row-16108,train,train
row-16112,CWE-835,gpac,7f060bbb72966cae80d6fee338d0b07fa3fc06e1,,group-row-16112,test,train
row-16113,CWE-200,linux,e862f1a9b7df4e8196ebec45ac62295138aa3fc2,,group-row-16113,train,train
row-16114,CWE-476,php-src,0c8a2a2cd1056b7dc403eacb5d2c0eec6ce47c6f,,group-row-16114,validation,train
row-16115,CWE-125,tensorflow,ebc70b7a592420d3d2f359e4b1694c236b82c7ae,,group-row-16115,train,train
row-16116,CWE-125,tensorflow,ebc70b7a592420d3d2f359e4b1694c236b82c7ae,,group-row-16115,train,train
row-16117,CWE-125,tensorflow,ebc70b7a592420d3d2f359e4b1694c236b82c7ae,,group-row-16115,train,train
row-16126,CWE-416,linux,f26967b9f7a830e228bb13fb41bd516ddd9d789d,,group-row-16126,train,train
row-16127,CWE-416,linux,f26967b9f7a830e228bb13fb41bd516ddd9d789d,,group-row-16126,train,train
row-16141,CWE-787,gpac,86c1566f040b2b84c72afcb6cbd444c5aff56cfe,,group-row-16141,test,train
row-16157,CWE-399,linux,8e3fbf870481eb53b2d3a322d1fc395ad8b367ed,,group-row-16157,train,train
row-16158,CWE-20,linux,2172fa709ab32ca60e86179dc67d0857be8e2c98,,group-row-16158,train,test
row-16160,CWE-703,FFmpeg,1713eec29add37b654ec6bf262b843d139c1ffc6,,group-row-16160,test,train
row-16162,CWE-476,radare2,fbaf24bce7ea4211e4608b3ab6c1b45702cb243d,,group-row-16162,train,train
row-16166,CWE-125,FFmpeg,95556e27e2c1d56d9e18f5db34d6f756f3011148,,group-row-16166,test,test
row-16167,CWE-125,libgd,01c61f8ab110a77ae64b5ca67c244c728c506f03,,group-row-16167,validation,validation
row-16168,CWE-369,FFmpeg,fa19fbcf712a6a6cc5a5cfdc3254a97b9bce6582,,group-row-16168,test,train
row-16170,CWE-787,linux,9b57da0630c9fd36ed7a20fc0f98dc82cc0777fa,,group-row-16170,train,test
row-16171,CWE-787,linux,9b57da0630c9fd36ed7a20fc0f98dc82cc0777fa,,group-row-16170,train,test
row-16172,CWE-200,linux,9344a972961d1a6d2c04d9008b13617bcb6ec2ef,,group-row-16172,train,train
row-16173,CWE-125,FFmpeg,d893253fcd93d11258e98857175e93be7d158708,,group-row-16173,test,train
row-16181,CWE-703,FFmpeg,8c55ff393340998faae887dfac19e7ef128e1e58,,group-row-16181,test,train
row-16186,CWE-787,re2c,039c18949190c5de5397eba504d2c75dad2ea9ca,,group-row-16186,train,test
row-16187,CWE-787,re2c,039c18949190c5de5397eba504d2c75dad2ea9ca,,group-row-16186,train,test
row-16188,CWE-787,re2c,039c18949190c5de5397eba504d2c75dad2ea9ca,,group-row-16186,train,test
row-16189,CWE-787,re2c,039c18949190c5de5397eba504d2c75dad2ea9ca,,group-row-16186,train,test
row-16190,CWE-787,re2c,039c18949190c5de5397eba504d2c75dad2ea9ca,,group-row-16186,train,test
row-16191,CWE-787,re2c,039c18949190c5de5397eba504d2c75dad2ea9ca,,group-row-16186,train,test
row-16192,CWE-787,re2c,039c18949190c5de5397eba504d2c75dad2ea9ca,,group-row-16186,train,test
row-16193,CWE-787,re2c,039c18949190c5de5397eba504d2c75dad2ea9ca,,group-row-16186,train,test
row-16194,CWE-787,re2c,039c18949190c5de5397eba504d2c75dad2ea9ca,,group-row-16186,train,test
row-16195,CWE-787,re2c,039c18949190c5de5397eba504d2c75dad2ea9ca,,group-row-16186,train,test
row-16196,CWE-787,re2c,039c18949190c5de5397eba504d2c75dad2ea9ca,,group-row-16186,train,test
row-16197,CWE-787,re2c,039c18949190c5de5397eba504d2c75dad2ea9ca,,group-row-16186,train,test
row-16198,CWE-787,re2c,039c18949190c5de5397eba504d2c75dad2ea9ca,,group-row-16186,train,test
row-16199,CWE-787,re2c,039c18949190c5de5397eba504d2c75dad2ea9ca,,group-row-16186,train,test
row-16200,CWE-787,re2c,039c18949190c5de5397eba504d2c75dad2ea9ca,,group-row-16186,train,test
row-16201,CWE-787,re2c,039c18949190c5de5397eba504d2c75dad2ea9ca,,group-row-16186,train,test
row-16202,CWE-787,re2c,039c18949190c5de5397eba504d2c75dad2ea9ca,,group-row-16186,train,test
row-16203,CWE-787,re2c,039c18949190c5de5397eba504d2c75dad2ea9ca,,group-row-16186,train,test
row-16204,CWE-787,re2c,039c18949190c5de5397eba504d2c75dad2ea9ca,,group-row-16186,train,test
row-16205,CWE-787,re2c,039c18949190c5de5397eba504d2c75dad2ea9ca,,group-row-16186,train,test
row-16206,CWE-787,re2c,039c18949190c5de5397eba504d2c75dad2ea9ca,,group-row-16186,train,test
row-16207,CWE-787,re2c,039c18949190c5de5397eba504d2c75dad2ea9ca,,group-row-16186,train,test
row-16208,CWE-787,re2c,039c18949190c5de5397eba504d2c75dad2ea9ca,,group-row-16186,train,test
row-16209,CWE-787,re2c,039c18949190c5de5397eba504d2c75dad2ea9ca,,group-row-16186,train,test
row-16210,CWE-787,re2c,039c18949190c5de5397eba504d2c75dad2ea9ca,,group-row-16186,train,test
row-16211,CWE-787,re2c,039c18949190c5de5397eba504d2c75dad2ea9ca,,group-row-16186,train,test
row-16212,CWE-787,re2c,039c18949190c5de5397eba504d2c75dad2ea9ca,,group-row-16186,train,test
row-16213,CWE-787,re2c,039c18949190c5de5397eba504d2c75dad2ea9ca,,group-row-16186,train,test
row-16214,CWE-787,re2c,039c18949190c5de5397eba504d2c75dad2ea9ca,,group-row-16186,train,test
row-16215,CWE-787,re2c,039c18949190c5de5397eba504d2c75dad2ea9ca,,group-row-16186,train,test
row-16216,CWE-787,re2c,039c18949190c5de5397eba504d2c75dad2ea9ca,,group-row-16186,train,test
row-16217,CWE-787,re2c,039c18949190c5de5397eba504d2c75dad2ea9ca,,group-row-16186,train,test
row-16218,CWE-787,re2c,039c18949190c5de5397eba504d2c75dad2ea9ca,,group-row-16186,train,test
row-16219,CWE-787,re2c,039c18949190c5de5397eba504d2c75dad2ea9ca,,group-row-16186,train,test
row-16220,CWE-787,re2c,039c18949190c5de5397eba504d2c75dad2ea9ca,,group-row-16186,train,test
row-16221,CWE-787,re2c,039c18949190c5de5397eba504d2c75dad2ea9ca,,group-row-16186,train,test
row-16222,CWE-787,re2c,039c18949190c5de5397eba504d2c75dad2ea9ca,,group-row-16186,train,test
row-16223,CWE-787,re2c,039c18949190c5de5397eba504d2c75dad2ea9ca,,group-row-16186,train,test
row-16224,CWE-787,re2c,039c18949190c5de5397eba504d2c75dad2ea9ca,,group-row-16186,train,test
row-16225,CWE-787,re2c,039c18949190c5de5397eba504d2c75dad2ea9ca,,group-row-16186,train,test
row-16226,CWE-787,re2c,039c18949190c5de5397eba504d2c75dad2ea9ca,,group-row-16186,train,test
row-16227,CWE-787,re2c,039c18949190c5de5397eba504d2c75dad2ea9ca,,group-row-16186,train,test
row-16228,CWE-787,re2c,039c18949190c5de5397eba504d2c75dad2ea9ca,,group-row-16186,train,test
row-16229,CWE-787,re2c,039c18949190c5de5397eba504d2c75dad2ea9ca,,group-row-16186,train,test
row-16230,CWE-787,re2c,039c18949190c5de5397eba504d2c75dad2ea9ca,,group-row-16186,train,test
row-16231,CWE-787,re2c,039c18949190c5de5397eba504d2c75dad2ea9ca,,group-row-16186,train,test
row-16232,CWE-787,re2c,039c18949190c5de5397eba504d2c75dad2ea9ca,,group-row-16186,train,test
row-16233,CWE-787,re2c,039c18949190c5de5397eba504d2c75dad2ea9ca,,group-row-16186,train,test
row-16235,CWE-787,ImageMagick,c8718305f120293d8bf13724f12eed885d830b09,,group-row-16235,train,train
row-16236,CWE-703,envoy,18871dbfb168d3512a10c78dd267ff7c03f564c6,,group-row-16236,train,train
row-16237,CWE-703,envoy,18871dbfb168d3512a10c78dd267ff7c03f564c6,,group-row-16236,train,train
row-16238,CWE-703,envoy,18871dbfb168d3512a10c78dd267ff7c03f564c6,,group-row-16236,train,train
row-16244,CWE-416,vim,409510c588b1eec1ae33511ae97a21eb8e110895,,group-row-16244,train,train
row-16246,CWE-200,linux,338f977f4eb441e69bb9a46eaa0ac715c931a67f,,group-row-16246,train,train
row-16247,CWE-20,php-src,426aeb2808955ee3d3f52e0cfb102834cdb836a5,,group-row-16247,validation,validation
row-16249,CWE-125,Espruino,bf4416ab9129ee3afd56739ea4e3cd0da5484b6b,,group-row-16249,train,test
row-16250,CWE-125,Espruino,bf4416ab9129ee3afd56739ea4e3cd0da5484b6b,,group-row-16249,train,test
row-16251,CWE-369,tensorflow,7f283ff806b2031f407db64c4d3edcda8fb9f9f5,,group-row-16251,train,train
row-16259,CWE-787,FFmpeg,8c2ea3030af7b40a3c4275696fb5c76cdb80950a,,group-row-16259,test,train
row-16274,CWE-125,nDPI,61066fb106efa6d3d95b67e47b662de208b2b622,,group-row-16274,train,validation
row-16275,CWE-125,nDPI,61066fb106efa6d3d95b67e47b662de208b2b622,,group-row-16274,train,validation
row-16278,CWE-20,irssi-proxy,85bbc05b21678e80423815d2ef1dfe26208491ab,CVE-2010-1155,group-row-16278,train,train
row-16279,CWE-20,irssi-proxy,85bbc05b21678e80423815d2ef1dfe26208491ab,CVE-2010-1155,group-row-16278,train,train
row-16280,CWE-20,irssi-proxy,85bbc05b21678e80423815d2ef1dfe26208491ab,CVE-2010-1155,group-row-16278,train,train
row-16281,CWE-20,irssi-proxy,85bbc05b21678e80423815d2ef1dfe26208491ab,CVE-2010-1155,group-row-16278,train,train
row-16282,CWE-20,irssi-proxy,85bbc05b21678e80423815d2ef1dfe26208491ab,CVE-2010-1155,group-row-16278,train,train
row-16283,CWE-20,irssi-proxy,85bbc05b21678e80423815d2ef1dfe26208491ab,CVE-2010-1155,group-row-16278,train,train
row-16292,CWE-703,systemd-stable,b00674347337b7531c92fdb65590ab253bb57538,,group-row-16292,train,test
row-16294,CWE-787,libredwg,ecf5183d8b3b286afe2a30021353b7116e0208dd,,group-row-16294,train,validation
row-16295,CWE-787,libredwg,ecf5183d8b3b286afe2a30021353b7116e0208dd,,group-row-16294,train,validation
row-16296,CWE-125,tcpdump,0cb1b8a434b599b8d636db029aadb757c24e39d6,,group-row-16296,train,train
row-16297,CWE-703,systemd-stable,764b74113e36ac5219a4b82a05f311b5a92136ce,,group-row-16297,train,validation
row-16307,CWE-125,tensorflow,ae2daeb45abfe2c6dda539cf8d0d6f653d3ef412,,group-row-16307,train,train
row-16308,CWE-125,libass,f4f48950788b91c6a30029cc28a240b834713ea7,,group-row-16308,train,train
row-16311,CWE-476,gpac,44fdc3d972c31c56efe73e1a3b63438d46087652,,group-row-16311,test,train
row-16314,CWE-125,mruby,f72315575f78a9a773adbce0ee7d3ec33434cb76,,group-row-16314,train,train
row-16316,CWE-125,Pillow,6a83e4324738bb0452fbe8074a995b1c73f08de7,,group-row-16316,train,train
row-16317,CWE-703,FFmpeg,3edc3b159503d512c919b3d5902f7026e961823a,,group-row-16317,test,train
row-16318,CWE-476,radare2,1ea23bd6040441a21fbcfba69dce9a01af03f989,,group-row-16318,train,train
row-16319,CWE-476,radare2,1ea23bd6040441a21fbcfba69dce9a01af03f989,,group-row-16318,train,train
row-16320,CWE-476,radare2,1ea23bd6040441a21fbcfba69dce9a01af03f989,,group-row-16318,train,train
row-16321,CWE-476,radare2,1ea23bd6040441a21fbcfba69dce9a01af03f989,,group-row-16318,train,train
row-16322,CWE-476,radare2,1ea23bd6040441a21fbcfba69dce9a01af03f989,,group-row-16318,train,train
row-16323,CWE-476,radare2,1ea23bd6040441a21fbcfba69dce9a01af03f989,,group-row-16318,train,train
row-16324,CWE-476,radare2,1ea23bd6040441a21fbcfba69dce9a01af03f989,,group-row-16318,train,train
row-16329,CWE-476,linux,ea2bc483ff5caada7c4aa0d5fbf87d3a6590273d,,group-row-16329,train,train
row-16330,CWE-476,linux,d6f5e358452479fa8a773b5c6ccc9e4ec5a20880,,group-row-16330,train,train
row-16331,CWE-20,httpd,78eb3b9235515652ed141353d98c239237030410,,group-row-16331,train,train
row-16334,CWE-416,envoy,ce0ae309057a216aba031aff81c445c90c6ef145,,group-row-16334,train,train
row-16335,CWE-416,envoy,ce0ae309057a216aba031aff81c445c90c6ef145,,group-row-16334,train,train
row-16338,CWE-703,rizin,6ce71d8aa3dafe3cdb52d5d72ae8f4b95916f939,,group-row-16338,train,train
row-16339,CWE-703,rizin,6ce71d8aa3dafe3cdb52d5d72ae8f4b95916f939,,group-row-16338,train,train
row-16340,CWE-703,rizin,6ce71d8aa3dafe3cdb52d5d72ae8f4b95916f939,,group-row-16338,train,train
row-16342,CWE-787,u-boot,2ac0baab4aff1a0b45067d0b62f00c15f4e86856,,group-row-16342,train,train
row-16344,CWE-476,gpac,b2eab95e07cb5819375a50358d4806a8813b6e50,,group-row-16344,test,train
row-16345,CWE-476,gpac,b2eab95e07cb5819375a50358d4806a8813b6e50,,group-row-16344,test,train
row-16346,CWE-476,gpac,b2eab95e07cb5819375a50358d4806a8813b6e50,,group-row-16344,test,train
row-16348,CWE-200,linux,9a564bccb78a76740ea9d75a259942df8143d02c,,group-row-16348,train,test
row-16350,CWE-703,gpac,b09c75dc2d4bf68ac447daa71e72365aa30231a9,,group-row-16350,test,train
row-16351,CWE-703,gpac,b09c75dc2d4bf68ac447daa71e72365aa30231a9,,group-row-16350,test,train
row-16357,CWE-200,linux,b860d3cc62877fad02863e2a08efff69a19382d2,,group-row-16357,train,validation
row-16358,CWE-125,radare2,e9ce0d64faf19fa4e9c260250fbdf25e3c11e152,,group-row-16358,train,train
row-16359,CWE-125,radare2,e9ce0d64faf19fa4e9c260250fbdf25e3c11e152,,group-row-16358,train,train
row-16360,CWE-125,radare2,e9ce0d64faf19fa4e9c260250fbdf25e3c11e152,,group-row-16358,train,train
row-16361,CWE-125,radare2,e9ce0d64faf19fa4e9c260250fbdf25e3c11e152,,group-row-16358,train,train
row-16362,CWE-125,FFmpeg,ba4beaf6149f7241c8bd85fe853318c2f6837ad0,,group-row-16362,test,train
row-16363,CWE-787,mruby,b1d0296a937fe278239bdfac840a3fd0e93b3ee9,,group-row-16363,train,train
row-16370,CWE-125,radare2,77c47cf873dd55b396da60baa2ca83bbd39e4add,,group-row-16370,train,train
row-16371,CWE-787,gpac,d7daa8aeb6df4b6c3ec102622e1599279310a19e,,group-row-16371,test,train
row-16372,CWE-399,linux,c50ac050811d6485616a193eb0f37bfbd191cc89,,group-row-16372,train,validation
row-16373,CWE-399,linux,c50ac050811d6485616a193eb0f37bfbd191cc89,,group-row-16372,train,validation
row-16379,CWE-703,linux,864745d291b5ba80ea0bd0edcbe67273de368836,,group-row-16379,train,train
row-16389,CWE-476,linux,bc909d9ddbf7778371e36a651d6e4194b1cc7d4c,,group-row-16389,train,test
row-16393,CWE-476,FFmpeg,b3332a182f8ba33a34542e4a0370f38b914ccf7d,,group-row-16393,test,train
row-16394,CWE-476,FFmpeg,b3332a182f8ba33a34542e4a0370f38b914ccf7d,,group-row-16393,test,train
row-16404,CWE-20,tensorflow,14755416e364f17fb1870882fa778c7fec7f16e3,,group-row-16404,train,train
row-16405,CWE-20,tensorflow,14755416e364f17fb1870882fa778c7fec7f16e3,,group-row-16404,train,train
row-16408,CWE-703,FFmpeg,b25e84b7399bd91605596b67d761d3464dbe8a6e,,group-row-16408,test,train
row-16409,CWE-703,FFmpeg,b25e84b7399bd91605596b67d761d3464dbe8a6e,,group-row-16408,test,train
row-16410,CWE-399,linux,18f39e7be0121317550d03e267e3ebd4dbfbb3ce,,group-row-16410,train,train
row-16412,CWE-476,pupnp,c805c1de1141cb22f74c0d94dd5664bda37398e0,,group-row-16412,train,train
row-16413,CWE-476,pupnp,c805c1de1141cb22f74c0d94dd5664bda37398e0,,group-row-16412,train,train
row-16414,CWE-200,linux,04d4fbca1017c11381e7d82acea21dd741e748bc,,group-row-16414,train,train
row-16418,CWE-787,FFmpeg,4c3e1956ee35fdcc5ffdb28782050164b4623c0b,,group-row-16418,test,train
row-16419,CWE-787,GameNetworkingSockets,bea84e2844b647532a9b7fbc3a6a8989d66e49e3,,group-row-16419,train,train
row-16420,CWE-787,GameNetworkingSockets,bea84e2844b647532a9b7fbc3a6a8989d66e49e3,,group-row-16419,train,train
row-16421,CWE-703,linux,cf970c002d270c36202bd5b9c2804d3097a52da0,,group-row-16421,train,train
row-16422,CWE-416,php-src,b88393f08a558eec14964a55d3c680fe67407712,,group-row-16422,validation,train
row-16426,CWE-125,FreeRDP,58dc36b3c883fd460199cedb6d30e58eba58298c,,group-row-16426,train,test
row-16430,CWE-369,tensorflow,ff489d95a9006be080ad14feb378f2b4dac35552,,group-row-16430,train,train
row-16431,CWE-369,tensorflow,ff489d95a9006be080ad14feb378f2b4dac35552,,group-row-16430,train,train
row-16432,CWE-369,tensorflow,ff489d95a9006be080ad14feb378f2b4dac35552,,group-row-16430,train,train
row-16435,CWE-125,tcpdump,c5dd7bef5e54da5996dc4713284aa6266ae75b75,,group-row-16435,train,validation
row-16438,CWE-125,tensorflow,bb6a0383ed553c286f87ca88c207f6774d5c4a8f,,group-row-16438,train,train
row-16442,CWE-787,FFmpeg,18f94df8af04f2c02a25a7dec512289feff6517f,,group-row-16442,test,test
row-16450,CWE-787,FFmpeg,77bb0004bbe18f1498cfecdc68db5f10808b6599,,group-row-16450,test,validation
row-16452,CWE-787,samba,b4c0b4620f12055207adb0519c8d91c3021f354a,,group-row-16452,train,train
row-16453,CWE-787,samba,b4c0b4620f12055207adb0519c8d91c3021f354a,,group-row-16452,train,train
row-16454,CWE-200,linux,0a9ab9bdb3e891762553f667066190c1d22ad62b,,group-row-16454,train,train
row-16455,CWE-20,samba,b95431ab2303eb258e37e88d8841f2fb79fc4af5,,group-row-16455,train,train
row-16456,CWE-703,envoy,f0bb2219112d8cdb4c4e8b346834f962925362ca,,group-row-16456,train,train
row-16457,CWE-703,envoy,f0bb2219112d8cdb4c4e8b346834f962925362ca,,group-row-16456,train,train
row-16467,CWE-200,linux,ef3313e84acbf349caecae942ab3ab731471f1a1,,group-row-16467,train,train
row-16468,CWE-703,rhonabwy,dd528b3aabd13863f855a68e76966e4e019fc399,,group-row-16468,train,test
row-16469,CWE-703,rhonabwy,dd528b3aabd13863f855a68e76966e4e019fc399,,group-row-16468,train,test
row-16476,CWE-787,contiki-ng,9cdec6e19865d7b0d8caf61f1a34001f64d565b0,,group-row-16476,train,train
row-16477,CWE-125,tcpdump,e942fb84fbe3a73a98a00d2a279425872b5fb9d2,,group-row-16477,train,train
row-16479,CWE-787,tensorflow,6fc9141f42f6a72180ecd24021c3e6b36165fe0d,,group-row-16479,train,train
row-16481,CWE-476,sqlite,5f69512404cd2e5153ddf90ea277fbba6dd58ab7,,group-row-16481,train,validation
row-16486,CWE-125,FFmpeg,1f686d023b95219db933394a7704ad9aa5f01cbb,,group-row-16486,test,train
row-16490,CWE-200,trojita,25fffa3e25cbad85bbca804193ad336b090a9ce1,,group-row-16490,train,train
row-16491,CWE-369,tensorflow,801c1c6be5324219689c98e1bd3e0ca365ee834d,,group-row-16491,train,train
row-16497,CWE-369,tensorflow,b12aa1d44352de21d1a6faaf04172d8c2508b42b,,group-row-16497,train,train
row-16498,CWE-369,tensorflow,b12aa1d44352de21d1a6faaf04172d8c2508b42b,,group-row-16497,train,train
row-16499,CWE-369,tensorflow,b12aa1d44352de21d1a6faaf04172d8c2508b42b,,group-row-16497,train,train
row-16500,CWE-703,firejail,6b8dba29d73257311564ee7f27b9b14758cc693e,,group-row-16500,train,train
row-16501,CWE-787,LibRaw,efd8cfabb93fd0396266a7607069901657c082e3,,group-row-16501,train,train
row-16502,CWE-787,LibRaw,efd8cfabb93fd0396266a7607069901657c082e3,,group-row-16501,train,train
row-16514,CWE-369,tensorflow,1e206baedf8bef0334cca3eb92bab134ef525a28,,group-row-16514,train,train
row-16516,CWE-416,libheif,995a4283d8ed2d0d2c1ceb1a577b993df2f0e014,,group-row-16516,train,train
row-16517,CWE-703,ZLMediaKit,7d8b212a3c3368bc2f6507cb74664fc419eb9327,,group-row-16517,validation,train
row-16518,CWE-703,FFmpeg,912ce9dd2080c5837285a471d750fa311e09b555,,group-row-16518,test,validation
row-16519,CWE-703,FFmpeg,912ce9dd2080c5837285a471d750fa311e09b555,,group-row-16518,test,validation
row-16520,CWE-703,upx,8d1d605b3d8c49bdfe9376454f0196738bed8166,,group-row-16520,train,train
row-16521,CWE-703,upx,8d1d605b3d8c49bdfe9376454f0196738bed8166,,group-row-16520,train,train
row-16522,CWE-20,linux,d846f71195d57b0bbb143382647c2c6638b04c5a,,group-row-16522,train,train
row-16523,CWE-703,samba,08c9016cb9f25105c39488770113a1b00f8a4223,,group-row-16523,train,train
row-16524,CWE-703,samba,08c9016cb9f25105c39488770113a1b00f8a4223,,group-row-16523,train,train
row-16525,CWE-703,samba,08c9016cb9f25105c39488770113a1b00f8a4223,,group-row-16523,train,train
row-16526,CWE-125,openscad,b81369dffc3f385257a9b1f5c271118a88671d6d,,group-row-16526,train,train
row-16527,CWE-787,asylo,382da2b8b09cbf928668a2445efb778f76bd9c8a,,group-row-16527,train,train
row-16528,CWE-787,oniguruma,b4bf968ad52afe14e60a2dc8a95d3555c543353a,,group-row-16528,train,train
row-16529,CWE-416,gpac,b13e9986aa1134c764b0d84f0f66328429b9c2eb,,group-row-16529,test,train
row-16530,CWE-125,mbedtls,5224a7544c95552553e2e6be0b4a789956a6464e,,group-row-16530,train,train
row-16531,CWE-787,qpdf,d71f05ca07eb5c7cfa4d6d23e5c1f2a800f52e8e,,group-row-16531,validation,train
row-16532,CWE-787,qpdf,d71f05ca07eb5c7cfa4d6d23e5c1f2a800f52e8e,,group-row-16531,validation,train
row-16533,CWE-787,qpdf,d71f05ca07eb5c7cfa4d6d23e5c1f2a800f52e8e,,group-row-16531,validation,train
row-16534,CWE-787,qpdf,d71f05ca07eb5c7cfa4d6d23e5c1f2a800f52e8e,,group-row-16531,validation,train
row-16535,CWE-787,qpdf,d71f05ca07eb5c7cfa4d6d23e5c1f2a800f52e8e,,group-row-16531,validation,train
row-16536,CWE-787,qpdf,d71f05ca07eb5c7cfa4d6d23e5c1f2a800f52e8e,,group-row-16531,validation,train
row-16537,CWE-787,qpdf,d71f05ca07eb5c7cfa4d6d23e5c1f2a800f52e8e,,group-row-16531,validation,train
row-16538,CWE-787,qpdf,d71f05ca07eb5c7cfa4d6d23e5c1f2a800f52e8e,,group-row-16531,validation,train
row-16539,CWE-787,qpdf,d71f05ca07eb5c7cfa4d6d23e5c1f2a800f52e8e,,group-row-16531,validation,train
row-16540,CWE-787,qpdf,d71f05ca07eb5c7cfa4d6d23e5c1f2a800f52e8e,,group-row-16531,validation,train
row-16541,CWE-787,qpdf,d71f05ca07eb5c7cfa4d6d23e5c1f2a800f52e8e,,group-row-16531,validation,train
row-16542,CWE-787,qpdf,d71f05ca07eb5c7cfa4d6d23e5c1f2a800f52e8e,,group-row-16531,validation,train
row-16543,CWE-787,qpdf,d71f05ca07eb5c7cfa4d6d23e5c1f2a800f52e8e,,group-row-16531,validation,train
row-16544,CWE-787,qpdf,d71f05ca07eb5c7cfa4d6d23e5c1f2a800f52e8e,,group-row-16531,validation,train
row-16545,CWE-787,qpdf,d71f05ca07eb5c7cfa4d6d23e5c1f2a800f52e8e,,group-row-16531,validation,train
row-16546,CWE-787,qpdf,d71f05ca07eb5c7cfa4d6d23e5c1f2a800f52e8e,,group-row-16531,validation,train
row-16547,CWE-787,qpdf,d71f05ca07eb5c7cfa4d6d23e5c1f2a800f52e8e,,group-row-16531,validation,train
row-16548,CWE-787,qpdf,d71f05ca07eb5c7cfa4d6d23e5c1f2a800f52e8e,,group-row-16531,validation,train
row-16549,CWE-787,qpdf,d71f05ca07eb5c7cfa4d6d23e5c1f2a800f52e8e,,group-row-16531,validation,train
row-16550,CWE-787,qpdf,d71f05ca07eb5c7cfa4d6d23e5c1f2a800f52e8e,,group-row-16531,validation,train
row-16551,CWE-787,qpdf,d71f05ca07eb5c7cfa4d6d23e5c1f2a800f52e8e,,group-row-16531,validation,train
row-16552,CWE-787,qpdf,d71f05ca07eb5c7cfa4d6d23e5c1f2a800f52e8e,,group-row-16531,validation,train
row-16553,CWE-787,qpdf,d71f05ca07eb5c7cfa4d6d23e5c1f2a800f52e8e,,group-row-16531,validation,train
row-16554,CWE-787,qpdf,d71f05ca07eb5c7cfa4d6d23e5c1f2a800f52e8e,,group-row-16531,validation,train
row-16555,CWE-787,qpdf,d71f05ca07eb5c7cfa4d6d23e5c1f2a800f52e8e,,group-row-16531,validation,train
row-16556,CWE-787,qpdf,d71f05ca07eb5c7cfa4d6d23e5c1f2a800f52e8e,,group-row-16531,validation,train
row-16557,CWE-787,qpdf,d71f05ca07eb5c7cfa4d6d23e5c1f2a800f52e8e,,group-row-16531,validation,train
row-16558,CWE-787,qpdf,d71f05ca07eb5c7cfa4d6d23e5c1f2a800f52e8e,,group-row-16531,validation,train
row-16559,CWE-787,qpdf,d71f05ca07eb5c7cfa4d6d23e5c1f2a800f52e8e,,group-row-16531,validation,train
row-16560,CWE-787,qpdf,d71f05ca07eb5c7cfa4d6d23e5c1f2a800f52e8e,,group-row-16531,validation,train
row-16561,CWE-787,qpdf,d71f05ca07eb5c7cfa4d6d23e5c1f2a800f52e8e,,group-row-16531,validation,train
row-16562,CWE-787,qpdf,d71f05ca07eb5c7cfa4d6d23e5c1f2a800f52e8e,,group-row-16531,validation,train
row-16563,CWE-787,qpdf,d71f05ca07eb5c7cfa4d6d23e5c1f2a800f52e8e,,group-row-16531,validation,train
row-16564,CWE-787,qpdf,d71f05ca07eb5c7cfa4d6d23e5c1f2a800f52e8e,,group-row-16531,validation,train
row-16565,CWE-787,qpdf,d71f05ca07eb5c7cfa4d6d23e5c1f2a800f52e8e,,group-row-16531,validation,train
row-16566,CWE-787,qpdf,d71f05ca07eb5c7cfa4d6d23e5c1f2a800f52e8e,,group-row-16531,validation,train
row-16567,CWE-787,qpdf,d71f05ca07eb5c7cfa4d6d23e5c1f2a800f52e8e,,group-row-16531,validation,train
row-16568,CWE-787,qpdf,d71f05ca07eb5c7cfa4d6d23e5c1f2a800f52e8e,,group-row-16531,validation,train
row-16569,CWE-787,qpdf,d71f05ca07eb5c7cfa4d6d23e5c1f2a800f52e8e,,group-row-16531,validation,train
row-16570,CWE-787,qpdf,d71f05ca07eb5c7cfa4d6d23e5c1f2a800f52e8e,,group-row-16531,validation,train
row-16571,CWE-787,qpdf,d71f05ca07eb5c7cfa4d6d23e5c1f2a800f52e8e,,group-row-16531,validation,train
row-16572,CWE-787,qpdf,d71f05ca07eb5c7cfa4d6d23e5c1f2a800f52e8e,,group-row-16531,validation,train
row-16573,CWE-787,qpdf,d71f05ca07eb5c7cfa4d6d23e5c1f2a800f52e8e,,group-row-16531,validation,train
row-16574,CWE-787,qpdf,d71f05ca07eb5c7cfa4d6d23e5c1f2a800f52e8e,,group-row-16531,validation,train
row-16575,CWE-787,qpdf,d71f05ca07eb5c7cfa4d6d23e5c1f2a800f52e8e,,group-row-16531,validation,train
row-16576,CWE-787,qpdf,d71f05ca07eb5c7cfa4d6d23e5c1f2a800f52e8e,,group-row-16531,validation,train
row-16577,CWE-787,qpdf,d71f05ca07eb5c7cfa4d6d23e5c1f2a800f52e8e,,group-row-16531,validation,train
row-16578,CWE-787,qpdf,d71f05ca07eb5c7cfa4d6d23e5c1f2a800f52e8e,,group-row-16531,validation,train
row-16579,CWE-787,qpdf,d71f05ca07eb5c7cfa4d6d23e5c1f2a800f52e8e,,group-row-16531,validation,train
row-16580,CWE-787,qpdf,d71f05ca07eb5c7cfa4d6d23e5c1f2a800f52e8e,,group-row-16531,validation,train
row-16581,CWE-787,qpdf,d71f05ca07eb5c7cfa4d6d23e5c1f2a800f52e8e,,group-row-16531,validation,train
row-16582,CWE-787,qpdf,d71f05ca07eb5c7cfa4d6d23e5c1f2a800f52e8e,,group-row-16531,validation,train
row-16583,CWE-787,qpdf,d71f05ca07eb5c7cfa4d6d23e5c1f2a800f52e8e,,group-row-16531,validation,train
row-16584,CWE-787,qpdf,d71f05ca07eb5c7cfa4d6d23e5c1f2a800f52e8e,,group-row-16531,validation,train
row-16585,CWE-787,qpdf,d71f05ca07eb5c7cfa4d6d23e5c1f2a800f52e8e,,group-row-16531,validation,train
row-16586,CWE-787,qpdf,d71f05ca07eb5c7cfa4d6d23e5c1f2a800f52e8e,,group-row-16531,validation,train
row-16587,CWE-787,qpdf,d71f05ca07eb5c7cfa4d6d23e5c1f2a800f52e8e,,group-row-16531,validation,train
row-16588,CWE-787,qpdf,d71f05ca07eb5c7cfa4d6d23e5c1f2a800f52e8e,,group-row-16531,validation,train
row-16589,CWE-787,qpdf,d71f05ca07eb5c7cfa4d6d23e5c1f2a800f52e8e,,group-row-16531,validation,train
row-16590,CWE-787,qpdf,d71f05ca07eb5c7cfa4d6d23e5c1f2a800f52e8e,,group-row-16531,validation,train
row-16591,CWE-787,qpdf,d71f05ca07eb5c7cfa4d6d23e5c1f2a800f52e8e,,group-row-16531,validation,train
row-16592,CWE-787,qpdf,d71f05ca07eb5c7cfa4d6d23e5c1f2a800f52e8e,,group-row-16531,validation,train
row-16593,CWE-787,qpdf,d71f05ca07eb5c7cfa4d6d23e5c1f2a800f52e8e,,group-row-16531,validation,train
row-16594,CWE-787,qpdf,d71f05ca07eb5c7cfa4d6d23e5c1f2a800f52e8e,,group-row-16531,validation,train
row-16595,CWE-787,qpdf,d71f05ca07eb5c7cfa4d6d23e5c1f2a800f52e8e,,group-row-16531,validation,train
row-16596,CWE-787,qpdf,d71f05ca07eb5c7cfa4d6d23e5c1f2a800f52e8e,,group-row-16531,validation,train
row-16597,CWE-787,qpdf,d71f05ca07eb5c7cfa4d6d23e5c1f2a800f52e8e,,group-row-16531,validation,train
row-16598,CWE-787,qpdf,d71f05ca07eb5c7cfa4d6d23e5c1f2a800f52e8e,,group-row-16531,validation,train
row-16599,CWE-787,qpdf,d71f05ca07eb5c7cfa4d6d23e5c1f2a800f52e8e,,group-row-16531,validation,train
row-16600,CWE-787,qpdf,d71f05ca07eb5c7cfa4d6d23e5c1f2a800f52e8e,,group-row-16531,validation,train
row-16601,CWE-787,qpdf,d71f05ca07eb5c7cfa4d6d23e5c1f2a800f52e8e,,group-row-16531,validation,train
row-16602,CWE-787,qpdf,d71f05ca07eb5c7cfa4d6d23e5c1f2a800f52e8e,,group-row-16531,validation,train
row-16603,CWE-787,qpdf,d71f05ca07eb5c7cfa4d6d23e5c1f2a800f52e8e,,group-row-16531,validation,train
row-16604,CWE-787,qpdf,d71f05ca07eb5c7cfa4d6d23e5c1f2a800f52e8e,,group-row-16531,validation,train
row-16605,CWE-787,qpdf,d71f05ca07eb5c7cfa4d6d23e5c1f2a800f52e8e,,group-row-16531,validation,train
row-16606,CWE-787,qpdf,d71f05ca07eb5c7cfa4d6d23e5c1f2a800f52e8e,,group-row-16531,validation,train
row-16607,CWE-787,qpdf,d71f05ca07eb5c7cfa4d6d23e5c1f2a800f52e8e,,group-row-16531,validation,train
row-16608,CWE-787,qpdf,d71f05ca07eb5c7cfa4d6d23e5c1f2a800f52e8e,,group-row-16531,validation,train
row-16609,CWE-787,qpdf,d71f05ca07eb5c7cfa4d6d23e5c1f2a800f52e8e,,group-row-16531,validation,train
row-16610,CWE-787,qpdf,d71f05ca07eb5c7cfa4d6d23e5c1f2a800f52e8e,,group-row-16531,validation,train
row-16611,CWE-787,qpdf,d71f05ca07eb5c7cfa4d6d23e5c1f2a800f52e8e,,group-row-16531,validation,train
row-16612,CWE-787,qpdf,d71f05ca07eb5c7cfa4d6d23e5c1f2a800f52e8e,,group-row-16531,validation,train
row-16613,CWE-787,qpdf,d71f05ca07eb5c7cfa4d6d23e5c1f2a800f52e8e,,group-row-16531,validation,train
row-16614,CWE-787,qpdf,d71f05ca07eb5c7cfa4d6d23e5c1f2a800f52e8e,,group-row-16531,validation,train
row-16615,CWE-787,qpdf,d71f05ca07eb5c7cfa4d6d23e5c1f2a800f52e8e,,group-row-16531,validation,train
row-16616,CWE-787,qpdf,d71f05ca07eb5c7cfa4d6d23e5c1f2a800f52e8e,,group-row-16531,validation,train
row-16617,CWE-787,qpdf,d71f05ca07eb5c7cfa4d6d23e5c1f2a800f52e8e,,group-row-16531,validation,train
row-16618,CWE-787,qpdf,d71f05ca07eb5c7cfa4d6d23e5c1f2a800f52e8e,,group-row-16531,validation,train
row-16619,CWE-787,qpdf,d71f05ca07eb5c7cfa4d6d23e5c1f2a800f52e8e,,group-row-16531,validation,train
row-16620,CWE-787,qpdf,d71f05ca07eb5c7cfa4d6d23e5c1f2a800f52e8e,,group-row-16531,validation,train
row-16621,CWE-787,qpdf,d71f05ca07eb5c7cfa4d6d23e5c1f2a800f52e8e,,group-row-16531,validation,train
row-16622,CWE-787,qpdf,d71f05ca07eb5c7cfa4d6d23e5c1f2a800f52e8e,,group-row-16531,validation,train
row-16623,CWE-787,qpdf,d71f05ca07eb5c7cfa4d6d23e5c1f2a800f52e8e,,group-row-16531,validation,train
row-16624,CWE-787,qpdf,d71f05ca07eb5c7cfa4d6d23e5c1f2a800f52e8e,,group-row-16531,validation,train
row-16625,CWE-787,qpdf,d71f05ca07eb5c7cfa4d6d23e5c1f2a800f52e8e,,group-row-16531,validation,train
row-16626,CWE-787,qpdf,d71f05ca07eb5c7cfa4d6d23e5c1f2a800f52e8e,,group-row-16531,validation,train
row-16627,CWE-787,qpdf,d71f05ca07eb5c7cfa4d6d23e5c1f2a800f52e8e,,group-row-16531,validation,train
row-16628,CWE-787,qpdf,d71f05ca07eb5c7cfa4d6d23e5c1f2a800f52e8e,,group-row-16531,validation,train
row-16629,CWE-787,qpdf,d71f05ca07eb5c7cfa4d6d23e5c1f2a800f52e8e,,group-row-16531,validation,train
row-16630,CWE-787,qpdf,d71f05ca07eb5c7cfa4d6d23e5c1f2a800f52e8e,,group-row-16531,validation,train
row-16631,CWE-787,qpdf,d71f05ca07eb5c7cfa4d6d23e5c1f2a800f52e8e,,group-row-16531,validation,train
row-16632,CWE-787,qpdf,d71f05ca07eb5c7cfa4d6d23e5c1f2a800f52e8e,,group-row-16531,validation,train
row-16633,CWE-787,qpdf,d71f05ca07eb5c7cfa4d6d23e5c1f2a800f52e8e,,group-row-16531,validation,train
row-16634,CWE-787,qpdf,d71f05ca07eb5c7cfa4d6d23e5c1f2a800f52e8e,,group-row-16531,validation,train
row-16635,CWE-787,qpdf,d71f05ca07eb5c7cfa4d6d23e5c1f2a800f52e8e,,group-row-16531,validation,train
row-16636,CWE-787,qpdf,d71f05ca07eb5c7cfa4d6d23e5c1f2a800f52e8e,,group-row-16531,validation,train
row-16637,CWE-787,qpdf,d71f05ca07eb5c7cfa4d6d23e5c1f2a800f52e8e,,group-row-16531,validation,train
row-16638,CWE-787,qpdf,d71f05ca07eb5c7cfa4d6d23e5c1f2a800f52e8e,,group-row-16531,validation,train
row-16639,CWE-787,qpdf,d71f05ca07eb5c7cfa4d6d23e5c1f2a800f52e8e,,group-row-16531,validation,train
row-16640,CWE-787,qpdf,d71f05ca07eb5c7cfa4d6d23e5c1f2a800f52e8e,,group-row-16531,validation,train
row-16641,CWE-787,qpdf,d71f05ca07eb5c7cfa4d6d23e5c1f2a800f52e8e,,group-row-16531,validation,train
row-16642,CWE-787,qpdf,d71f05ca07eb5c7cfa4d6d23e5c1f2a800f52e8e,,group-row-16531,validation,train
row-16643,CWE-787,qpdf,d71f05ca07eb5c7cfa4d6d23e5c1f2a800f52e8e,,group-row-16531,validation,train
row-16644,CWE-787,qpdf,d71f05ca07eb5c7cfa4d6d23e5c1f2a800f52e8e,,group-row-16531,validation,train
row-16645,CWE-787,qpdf,d71f05ca07eb5c7cfa4d6d23e5c1f2a800f52e8e,,group-row-16531,validation,train
row-16646,CWE-787,qpdf,d71f05ca07eb5c7cfa4d6d23e5c1f2a800f52e8e,,group-row-16531,validation,train
row-16647,CWE-787,qpdf,d71f05ca07eb5c7cfa4d6d23e5c1f2a800f52e8e,,group-row-16531,validation,train
row-16648,CWE-787,qpdf,d71f05ca07eb5c7cfa4d6d23e5c1f2a800f52e8e,,group-row-16531,validation,train
row-16649,CWE-787,qpdf,d71f05ca07eb5c7cfa4d6d23e5c1f2a800f52e8e,,group-row-16531,validation,train
row-16650,CWE-787,qpdf,d71f05ca07eb5c7cfa4d6d23e5c1f2a800f52e8e,,group-row-16531,validation,train
row-16651,CWE-787,qpdf,d71f05ca07eb5c7cfa4d6d23e5c1f2a800f52e8e,,group-row-16531,validation,train
row-16652,CWE-787,qpdf,d71f05ca07eb5c7cfa4d6d23e5c1f2a800f52e8e,,group-row-16531,validation,train
row-16653,CWE-787,qpdf,d71f05ca07eb5c7cfa4d6d23e5c1f2a800f52e8e,,group-row-16531,validation,train
row-16654,CWE-787,qpdf,d71f05ca07eb5c7cfa4d6d23e5c1f2a800f52e8e,,group-row-16531,validation,train
row-16655,CWE-787,qpdf,d71f05ca07eb5c7cfa4d6d23e5c1f2a800f52e8e,,group-row-16531,validation,train
row-16656,CWE-787,qpdf,d71f05ca07eb5c7cfa4d6d23e5c1f2a800f52e8e,,group-row-16531,validation,train
row-16657,CWE-787,qpdf,d71f05ca07eb5c7cfa4d6d23e5c1f2a800f52e8e,,group-row-16531,validation,train
row-16658,CWE-787,qpdf,d71f05ca07eb5c7cfa4d6d23e5c1f2a800f52e8e,,group-row-16531,validation,train
row-16659,CWE-787,qpdf,d71f05ca07eb5c7cfa4d6d23e5c1f2a800f52e8e,,group-row-16531,validation,train
row-16660,CWE-787,qpdf,d71f05ca07eb5c7cfa4d6d23e5c1f2a800f52e8e,,group-row-16531,validation,train
row-16661,CWE-787,qpdf,d71f05ca07eb5c7cfa4d6d23e5c1f2a800f52e8e,,group-row-16531,validation,train
row-16662,CWE-787,qpdf,d71f05ca07eb5c7cfa4d6d23e5c1f2a800f52e8e,,group-row-16531,validation,train
row-16663,CWE-787,qpdf,d71f05ca07eb5c7cfa4d6d23e5c1f2a800f52e8e,,group-row-16531,validation,train
row-16664,CWE-787,qpdf,d71f05ca07eb5c7cfa4d6d23e5c1f2a800f52e8e,,group-row-16531,validation,train
row-16665,CWE-787,qpdf,d71f05ca07eb5c7cfa4d6d23e5c1f2a800f52e8e,,group-row-16531,validation,train
row-16666,CWE-787,qpdf,d71f05ca07eb5c7cfa4d6d23e5c1f2a800f52e8e,,group-row-16531,validation,train
row-16667,CWE-787,qpdf,d71f05ca07eb5c7cfa4d6d23e5c1f2a800f52e8e,,group-row-16531,validation,train
row-16668,CWE-787,qpdf,d71f05ca07eb5c7cfa4d6d23e5c1f2a800f52e8e,,group-row-16531,validation,train
row-16669,CWE-787,qpdf,d71f05ca07eb5c7cfa4d6d23e5c1f2a800f52e8e,,group-row-16531,validation,train
row-16670,CWE-787,qpdf,d71f05ca07eb5c7cfa4d6d23e5c1f2a800f52e8e,,group-row-16531,validation,train
row-16671,CWE-787,qpdf,d71f05ca07eb5c7cfa4d6d23e5c1f2a800f52e8e,,group-row-16531,validation,train
row-16672,CWE-787,qpdf,d71f05ca07eb5c7cfa4d6d23e5c1f2a800f52e8e,,group-row-16531,validation,train
row-16673,CWE-787,qpdf,d71f05ca07eb5c7cfa4d6d23e5c1f2a800f52e8e,,group-row-16531,validation,train
row-16674,CWE-787,qpdf,d71f05ca07eb5c7cfa4d6d23e5c1f2a800f52e8e,,group-row-16531,validation,train
row-16675,CWE-787,qpdf,d71f05ca07eb5c7cfa4d6d23e5c1f2a800f52e8e,,group-row-16531,validation,train
row-16676,CWE-787,qpdf,d71f05ca07eb5c7cfa4d6d23e5c1f2a800f52e8e,,group-row-16531,validation,train
row-16677,CWE-787,qpdf,d71f05ca07eb5c7cfa4d6d23e5c1f2a800f52e8e,,group-row-16531,validation,train
row-16678,CWE-787,qpdf,d71f05ca07eb5c7cfa4d6d23e5c1f2a800f52e8e,,group-row-16531,validation,train
row-16679,CWE-787,qpdf,d71f05ca07eb5c7cfa4d6d23e5c1f2a800f52e8e,,group-row-16531,validation,train
row-16680,CWE-787,qpdf,d71f05ca07eb5c7cfa4d6d23e5c1f2a800f52e8e,,group-row-16531,validation,train
row-16681,CWE-787,qpdf,d71f05ca07eb5c7cfa4d6d23e5c1f2a800f52e8e,,group-row-16531,validation,train
row-16682,CWE-787,qpdf,d71f05ca07eb5c7cfa4d6d23e5c1f2a800f52e8e,,group-row-16531,validation,train
row-16683,CWE-787,qpdf,d71f05ca07eb5c7cfa4d6d23e5c1f2a800f52e8e,,group-row-16531,validation,train
row-16684,CWE-787,qpdf,d71f05ca07eb5c7cfa4d6d23e5c1f2a800f52e8e,,group-row-16531,validation,train
row-16685,CWE-787,qpdf,d71f05ca07eb5c7cfa4d6d23e5c1f2a800f52e8e,,group-row-16531,validation,train
row-16686,CWE-787,qpdf,d71f05ca07eb5c7cfa4d6d23e5c1f2a800f52e8e,,group-row-16531,validation,train
row-16687,CWE-787,qpdf,d71f05ca07eb5c7cfa4d6d23e5c1f2a800f52e8e,,group-row-16531,validation,train
row-16688,CWE-787,qpdf,d71f05ca07eb5c7cfa4d6d23e5c1f2a800f52e8e,,group-row-16531,validation,train
row-16689,CWE-787,qpdf,d71f05ca07eb5c7cfa4d6d23e5c1f2a800f52e8e,,group-row-16531,validation,train
row-16690,CWE-787,qpdf,d71f05ca07eb5c7cfa4d6d23e5c1f2a800f52e8e,,group-row-16531,validation,train
row-16691,CWE-787,qpdf,d71f05ca07eb5c7cfa4d6d23e5c1f2a800f52e8e,,group-row-16531,validation,train
row-16692,CWE-787,qpdf,d71f05ca07eb5c7cfa4d6d23e5c1f2a800f52e8e,,group-row-16531,validation,train
row-16693,CWE-787,qpdf,d71f05ca07eb5c7cfa4d6d23e5c1f2a800f52e8e,,group-row-16531,validation,train
row-16694,CWE-787,qpdf,d71f05ca07eb5c7cfa4d6d23e5c1f2a800f52e8e,,group-row-16531,validation,train
row-16695,CWE-787,qpdf,d71f05ca07eb5c7cfa4d6d23e5c1f2a800f52e8e,,group-row-16531,validation,train
row-16696,CWE-787,qpdf,d71f05ca07eb5c7cfa4d6d23e5c1f2a800f52e8e,,group-row-16531,validation,train
row-16697,CWE-787,qpdf,d71f05ca07eb5c7cfa4d6d23e5c1f2a800f52e8e,,group-row-16531,validation,train
row-16698,CWE-787,qpdf,d71f05ca07eb5c7cfa4d6d23e5c1f2a800f52e8e,,group-row-16531,validation,train
row-16699,CWE-787,qpdf,d71f05ca07eb5c7cfa4d6d23e5c1f2a800f52e8e,,group-row-16531,validation,train
row-16700,CWE-787,qpdf,d71f05ca07eb5c7cfa4d6d23e5c1f2a800f52e8e,,group-row-16531,validation,train
row-16701,CWE-787,qpdf,d71f05ca07eb5c7cfa4d6d23e5c1f2a800f52e8e,,group-row-16531,validation,train
row-16702,CWE-787,qpdf,d71f05ca07eb5c7cfa4d6d23e5c1f2a800f52e8e,,group-row-16531,validation,train
row-16703,CWE-787,qpdf,d71f05ca07eb5c7cfa4d6d23e5c1f2a800f52e8e,,group-row-16531,validation,train
row-16704,CWE-787,qpdf,d71f05ca07eb5c7cfa4d6d23e5c1f2a800f52e8e,,group-row-16531,validation,train
row-16705,CWE-787,qpdf,d71f05ca07eb5c7cfa4d6d23e5c1f2a800f52e8e,,group-row-16531,validation,train
row-16706,CWE-787,qpdf,d71f05ca07eb5c7cfa4d6d23e5c1f2a800f52e8e,,group-row-16531,validation,train
row-16707,CWE-787,qpdf,d71f05ca07eb5c7cfa4d6d23e5c1f2a800f52e8e,,group-row-16531,validation,train
row-16708,CWE-787,qpdf,d71f05ca07eb5c7cfa4d6d23e5c1f2a800f52e8e,,group-row-16531,validation,train
row-16709,CWE-787,qpdf,d71f05ca07eb5c7cfa4d6d23e5c1f2a800f52e8e,,group-row-16531,validation,train
row-16710,CWE-787,qpdf,d71f05ca07eb5c7cfa4d6d23e5c1f2a800f52e8e,,group-row-16531,validation,train
row-16711,CWE-787,qpdf,d71f05ca07eb5c7cfa4d6d23e5c1f2a800f52e8e,,group-row-16531,validation,train
row-16712,CWE-787,qpdf,d71f05ca07eb5c7cfa4d6d23e5c1f2a800f52e8e,,group-row-16531,validation,train
row-16713,CWE-787,qpdf,d71f05ca07eb5c7cfa4d6d23e5c1f2a800f52e8e,,group-row-16531,validation,train
row-16714,CWE-787,qpdf,d71f05ca07eb5c7cfa4d6d23e5c1f2a800f52e8e,,group-row-16531,validation,train
row-16715,CWE-787,qpdf,d71f05ca07eb5c7cfa4d6d23e5c1f2a800f52e8e,,group-row-16531,validation,train
row-16716,CWE-787,qpdf,d71f05ca07eb5c7cfa4d6d23e5c1f2a800f52e8e,,group-row-16531,validation,train
row-16717,CWE-787,qpdf,d71f05ca07eb5c7cfa4d6d23e5c1f2a800f52e8e,,group-row-16531,validation,train
row-16718,CWE-787,qpdf,d71f05ca07eb5c7cfa4d6d23e5c1f2a800f52e8e,,group-row-16531,validation,train
row-16719,CWE-787,qpdf,d71f05ca07eb5c7cfa4d6d23e5c1f2a800f52e8e,,group-row-16531,validation,train
row-16720,CWE-787,qpdf,d71f05ca07eb5c7cfa4d6d23e5c1f2a800f52e8e,,group-row-16531,validation,train
row-16721,CWE-787,qpdf,d71f05ca07eb5c7cfa4d6d23e5c1f2a800f52e8e,,group-row-16531,validation,train
row-16722,CWE-787,qpdf,d71f05ca07eb5c7cfa4d6d23e5c1f2a800f52e8e,,group-row-16531,validation,train
row-16723,CWE-787,qpdf,d71f05ca07eb5c7cfa4d6d23e5c1f2a800f52e8e,,group-row-16531,validation,train
row-16724,CWE-787,qpdf,d71f05ca07eb5c7cfa4d6d23e5c1f2a800f52e8e,,group-row-16531,validation,train
row-16725,CWE-787,qpdf,d71f05ca07eb5c7cfa4d6d23e5c1f2a800f52e8e,,group-row-16531,validation,train
row-16726,CWE-787,qpdf,d71f05ca07eb5c7cfa4d6d23e5c1f2a800f52e8e,,group-row-16531,validation,train
row-16727,CWE-787,qpdf,d71f05ca07eb5c7cfa4d6d23e5c1f2a800f52e8e,,group-row-16531,validation,train
row-16728,CWE-787,qpdf,d71f05ca07eb5c7cfa4d6d23e5c1f2a800f52e8e,,group-row-16531,validation,train
row-16729,CWE-787,qpdf,d71f05ca07eb5c7cfa4d6d23e5c1f2a800f52e8e,,group-row-16531,validation,train
row-16730,CWE-787,qpdf,d71f05ca07eb5c7cfa4d6d23e5c1f2a800f52e8e,,group-row-16531,validation,train
row-16731,CWE-787,qpdf,d71f05ca07eb5c7cfa4d6d23e5c1f2a800f52e8e,,group-row-16531,validation,train
row-16732,CWE-787,qpdf,d71f05ca07eb5c7cfa4d6d23e5c1f2a800f52e8e,,group-row-16531,validation,train
row-16733,CWE-787,qpdf,d71f05ca07eb5c7cfa4d6d23e5c1f2a800f52e8e,,group-row-16531,validation,train
row-16734,CWE-787,qpdf,d71f05ca07eb5c7cfa4d6d23e5c1f2a800f52e8e,,group-row-16531,validation,train
row-16735,CWE-787,qpdf,d71f05ca07eb5c7cfa4d6d23e5c1f2a800f52e8e,,group-row-16531,validation,train
row-16736,CWE-787,qpdf,d71f05ca07eb5c7cfa4d6d23e5c1f2a800f52e8e,,group-row-16531,validation,train
row-16737,CWE-787,qpdf,d71f05ca07eb5c7cfa4d6d23e5c1f2a800f52e8e,,group-row-16531,validation,train
row-16738,CWE-787,qpdf,d71f05ca07eb5c7cfa4d6d23e5c1f2a800f52e8e,,group-row-16531,validation,train
row-16739,CWE-787,qpdf,d71f05ca07eb5c7cfa4d6d23e5c1f2a800f52e8e,,group-row-16531,validation,train
row-16740,CWE-787,qpdf,d71f05ca07eb5c7cfa4d6d23e5c1f2a800f52e8e,,group-row-16531,validation,train
row-16741,CWE-787,qpdf,d71f05ca07eb5c7cfa4d6d23e5c1f2a800f52e8e,,group-row-16531,validation,train
row-16742,CWE-787,qpdf,d71f05ca07eb5c7cfa4d6d23e5c1f2a800f52e8e,,group-row-16531,validation,train
row-16743,CWE-787,qpdf,d71f05ca07eb5c7cfa4d6d23e5c1f2a800f52e8e,,group-row-16531,validation,train
row-16744,CWE-787,qpdf,d71f05ca07eb5c7cfa4d6d23e5c1f2a800f52e8e,,group-row-16531,validation,train
row-16745,CWE-787,qpdf,d71f05ca07eb5c7cfa4d6d23e5c1f2a800f52e8e,,group-row-16531,validation,train
row-16746,CWE-787,qpdf,d71f05ca07eb5c7cfa4d6d23e5c1f2a800f52e8e,,group-row-16531,validation,train
row-16747,CWE-787,qpdf,d71f05ca07eb5c7cfa4d6d23e5c1f2a800f52e8e,,group-row-16531,validation,train
row-16748,CWE-787,qpdf,d71f05ca07eb5c7cfa4d6d23e5c1f2a800f52e8e,,group-row-16531,validation,train
row-16749,CWE-787,qpdf,d71f05ca07eb5c7cfa4d6d23e5c1f2a800f52e8e,,group-row-16531,validation,train
row-16750,CWE-787,qpdf,d71f05ca07eb5c7cfa4d6d23e5c1f2a800f52e8e,,group-row-16531,validation,train
row-16751,CWE-787,qpdf,d71f05ca07eb5c7cfa4d6d23e5c1f2a800f52e8e,,group-row-16531,validation,train
row-16752,CWE-787,qpdf,d71f05ca07eb5c7cfa4d6d23e5c1f2a800f52e8e,,group-row-16531,validation,train
row-16753,CWE-787,qpdf,d71f05ca07eb5c7cfa4d6d23e5c1f2a800f52e8e,,group-row-16531,validation,train
row-16754,CWE-787,qpdf,d71f05ca07eb5c7cfa4d6d23e5c1f2a800f52e8e,,group-row-16531,validation,train
row-16755,CWE-787,qpdf,d71f05ca07eb5c7cfa4d6d23e5c1f2a800f52e8e,,group-row-16531,validation,train
row-16756,CWE-787,qpdf,d71f05ca07eb5c7cfa4d6d23e5c1f2a800f52e8e,,group-row-16531,validation,train
row-16757,CWE-787,qpdf,d71f05ca07eb5c7cfa4d6d23e5c1f2a800f52e8e,,group-row-16531,validation,train
row-16758,CWE-787,qpdf,d71f05ca07eb5c7cfa4d6d23e5c1f2a800f52e8e,,group-row-16531,validation,train
row-16759,CWE-787,qpdf,d71f05ca07eb5c7cfa4d6d23e5c1f2a800f52e8e,,group-row-16531,validation,train
row-16760,CWE-787,qpdf,d71f05ca07eb5c7cfa4d6d23e5c1f2a800f52e8e,,group-row-16531,validation,train
row-16761,CWE-787,qpdf,d71f05ca07eb5c7cfa4d6d23e5c1f2a800f52e8e,,group-row-16531,validation,train
row-16762,CWE-787,qpdf,d71f05ca07eb5c7cfa4d6d23e5c1f2a800f52e8e,,group-row-16531,validation,train
row-16763,CWE-787,qpdf,d71f05ca07eb5c7cfa4d6d23e5c1f2a800f52e8e,,group-row-16531,validation,train
row-16764,CWE-787,qpdf,d71f05ca07eb5c7cfa4d6d23e5c1f2a800f52e8e,,group-row-16531,validation,train
row-16765,CWE-787,qpdf,d71f05ca07eb5c7cfa4d6d23e5c1f2a800f52e8e,,group-row-16531,validation,train
row-16766,CWE-787,qpdf,d71f05ca07eb5c7cfa4d6d23e5c1f2a800f52e8e,,group-row-16531,validation,train
row-16767,CWE-787,qpdf,d71f05ca07eb5c7cfa4d6d23e5c1f2a800f52e8e,,group-row-16531,validation,train
row-16768,CWE-787,qpdf,d71f05ca07eb5c7cfa4d6d23e5c1f2a800f52e8e,,group-row-16531,validation,train
row-16769,CWE-787,qpdf,d71f05ca07eb5c7cfa4d6d23e5c1f2a800f52e8e,,group-row-16531,validation,train
row-16770,CWE-787,qpdf,d71f05ca07eb5c7cfa4d6d23e5c1f2a800f52e8e,,group-row-16531,validation,train
row-16771,CWE-787,qpdf,d71f05ca07eb5c7cfa4d6d23e5c1f2a800f52e8e,,group-row-16531,validation,train
row-16772,CWE-787,qpdf,d71f05ca07eb5c7cfa4d6d23e5c1f2a800f52e8e,,group-row-16531,validation,train
row-16773,CWE-787,qpdf,d71f05ca07eb5c7cfa4d6d23e5c1f2a800f52e8e,,group-row-16531,validation,train
row-16774,CWE-787,qpdf,d71f05ca07eb5c7cfa4d6d23e5c1f2a800f52e8e,,group-row-16531,validation,train
row-16775,CWE-787,qpdf,d71f05ca07eb5c7cfa4d6d23e5c1f2a800f52e8e,,group-row-16531,validation,train
row-16793,CWE-476,tensorflow,b055b9c474cd376259dde8779908f9eeaf097d93,,group-row-16793,train,train
row-16794,CWE-399,linux,f54e18f1b831c92f6512d2eedb224cd63d607d3d,,group-row-16794,train,train
row-16801,CWE-200,samba,7efe8182c165fbf17d2f88c173527a7a554e214b,,group-row-16801,train,train
row-16802,CWE-200,samba,7efe8182c165fbf17d2f88c173527a7a554e214b,,group-row-16801,train,train
row-16803,CWE-125,ImageMagick,1bc1fd0ff8c555841c78829217ac81fa0598255d,,group-row-16803,train,train
row-16804,CWE-787,glibc,d6db68e66dff25d12c3bc5641b60cbd7fb6ab44f,,group-row-16804,train,train
row-16805,CWE-787,glibc,d6db68e66dff25d12c3bc5641b60cbd7fb6ab44f,,group-row-16804,train,train
row-16806,CWE-264,libfep,293d9d3f7565f01a9dc40b53259886832eaa2ace,,group-row-16806,test,train
row-16807,CWE-264,libfep,293d9d3f7565f01a9dc40b53259886832eaa2ace,,group-row-16806,test,train
row-16808,CWE-22,hhvm,65c95a01541dd2fbc9c978ac53bed235b5376686,,group-row-16808,train,test
row-16809,CWE-369,tensorflow,4071d8e2f6c45c1955a811fee757ca2adbe462c1,,group-row-16809,train,train
row-16810,CWE-787,gpac,77510778516803b7f7402d7423c6d6bef50254c3,,group-row-16810,test,train
row-16814,CWE-787,sqlite,0990c415f65d2556a5e4122cbe5727d500411aeb,,group-row-16814,train,train
row-16820,CWE-125,tcpdump,d17507ffa3e9742199b02a66aa940e79ababfa30,,group-row-16820,train,train
row-16821,CWE-125,tcpdump,d17507ffa3e9742199b02a66aa940e79ababfa30,,group-row-16820,train,train
row-16825,CWE-416,radare2,f85bc674b2a2256a364fe796351bc1971e106005,,group-row-16825,train,test
row-16826,CWE-416,radare2,f85bc674b2a2256a364fe796351bc1971e106005,,group-row-16825,train,test
row-16828,CWE-20,memcached,d9cd01ede97f4145af9781d448c62a3318952719,CVE-2010-1152,group-row-16828,train,train
row-16829,CWE-125,radare2,b35530fa0681b27eba084de5527037ebfb397422,,group-row-16829,train,train
row-16830,CWE-200,linux,e15ca9a0ef9a86f0477530b0f44a725d67f889ee,,group-row-16830,train,train
row-16831,CWE-125,asylo,6ff3b77ffe110a33a2f93848a6333f33616f02c4,,group-row-16831,train,train
row-16833,CWE-200,ImageMagick,51b0ae01709adc1e4a9245e158ef17b85a110960,,group-row-16833,train,train
row-16839,CWE-787,upx,cc9ccdbbd12eb1fe2d926667d0427c63e95a0ca6,,group-row-16839,train,train
row-16840,CWE-787,upx,cc9ccdbbd12eb1fe2d926667d0427c63e95a0ca6,,group-row-16839,train,train
row-16841,CWE-787,upx,cc9ccdbbd12eb1fe2d926667d0427c63e95a0ca6,,group-row-16839,train,train
row-16844,CWE-190,haproxy,3b69886f7dcc3cfb3d166309018e6cfec9ce2c95,,group-row-16844,test,train
row-16845,CWE-190,haproxy,3b69886f7dcc3cfb3d166309018e6cfec9ce2c95,,group-row-16844,test,train
row-16846,CWE-22,quazip,5d2fc16a1976e5bf78d2927b012f67a2ae047a98,,group-row-16846,train,train
row-16847,CWE-22,quazip,5d2fc16a1976e5bf78d2927b012f67a2ae047a98,,group-row-16846,train,train
row-16848,CWE-22,quazip,5d2fc16a1976e5bf78d2927b012f67a2ae047a98,,group-row-16846,train,train
row-16858,CWE-125,tensorflow,701cfaca222a82afbeeb17496bd718baa65a67d2,,group-row-16858,train,test
row-16861,CWE-476,glibc,fc82b0a2dfe7dbd35671c10510a8da1043d746a5,,group-row-16861,train,train
row-16862,CWE-476,glibc,fc82b0a2dfe7dbd35671c10510a8da1043d746a5,,group-row-16861,train,train
row-16863,CWE-476,glibc,fc82b0a2dfe7dbd35671c10510a8da1043d746a5,,group-row-16861,train,train
row-16865,CWE-703,linux,9955ac47f4ba1c95ecb6092aeaefb40a22e99268,,group-row-16865,train,train
row-16867,CWE-476,tensorflow,e6a7c7cc18c3aaad1ae0872cb0a959f5c923d2bd,,group-row-16867,train,train
row-16868,CWE-476,tensorflow,e6a7c7cc18c3aaad1ae0872cb0a959f5c923d2bd,,group-row-16867,train,train
row-16869,CWE-399,linux,54a20552e1eae07aa240fa370a0293e006b5faed,,group-row-16869,train,train
row-16870,CWE-399,linux,54a20552e1eae07aa240fa370a0293e006b5faed,,group-row-16869,train,train
row-16871,CWE-399,linux,54a20552e1eae07aa240fa370a0293e006b5faed,,group-row-16869,train,train
row-16873,CWE-369,tensorflow,a776040a5e7ebf76eeb7eb923bf1ae417dd4d233,,group-row-16873,train,train
row-16874,CWE-200,FFmpeg,a5d849b149ca67ced2d271dc84db0bc95a548abb,,group-row-16874,test,train
row-16876,CWE-399,xterm-snapshots,82ba55b8f994ab30ff561a347b82ea340ba7075c,,group-row-16876,train,train
row-16882,CWE-399,linux,0e9a9a1ad619e7e987815d20262d36a2f95717ca,,group-row-16882,train,train
row-16883,CWE-125,pure-ftpd,bf6fcd4935e95128cf22af5924cdc8fe5c0579da,,group-row-16883,train,validation
row-16884,CWE-703,linux,87c48fa3b4630905f98268dde838ee43626a060c,,group-row-16884,train,train
row-16885,CWE-703,linux,87c48fa3b4630905f98268dde838ee43626a060c,,group-row-16884,train,train
row-16886,CWE-703,linux,87c48fa3b4630905f98268dde838ee43626a060c,,group-row-16884,train,train
row-16887,CWE-703,linux,87c48fa3b4630905f98268dde838ee43626a060c,,group-row-16884,train,train
row-16888,CWE-703,linux,87c48fa3b4630905f98268dde838ee43626a060c,,group-row-16884,train,train
row-16889,CWE-703,linux,87c48fa3b4630905f98268dde838ee43626a060c,,group-row-16884,train,train
row-16890,CWE-703,linux,87c48fa3b4630905f98268dde838ee43626a060c,,group-row-16884,train,train
row-16891,CWE-476,envoy,9b1c3962172a972bc0359398af6daa3790bb59db,,group-row-16891,train,train
row-16892,CWE-476,envoy,9b1c3962172a972bc0359398af6daa3790bb59db,,group-row-16891,train,train
row-16903,CWE-399,pure-ftpd,65c4d4ad331e94661de763e9b5304d28698999c4,,group-row-16903,train,train
row-16904,CWE-399,pure-ftpd,65c4d4ad331e94661de763e9b5304d28698999c4,,group-row-16903,train,train
row-16909,CWE-20,openjpeg,c277159986c80142180fbe5efb256bbf3bdf3edc,,group-row-16909,validation,train
row-16910,CWE-20,openjpeg,c277159986c80142180fbe5efb256bbf3bdf3edc,,group-row-16909,validation,train
row-16911,CWE-20,openjpeg,c277159986c80142180fbe5efb256bbf3bdf3edc,,group-row-16909,validation,train
row-16912,CWE-20,openjpeg,c277159986c80142180fbe5efb256bbf3bdf3edc,,group-row-16909,validation,train
row-16913,CWE-20,openjpeg,c277159986c80142180fbe5efb256bbf3bdf3edc,,group-row-16909,validation,train
row-16914,CWE-416,ImageMagick,8c35502217c1879cb8257c617007282eee3fe1cc,,group-row-16914,train,train
row-16915,CWE-190,FFmpeg,a392bf657015c9a79a5a13adfbfb15086c1943b9,,group-row-16915,test,train
row-16916,CWE-190,FFmpeg,a392bf657015c9a79a5a13adfbfb15086c1943b9,,group-row-16915,test,train
row-16917,CWE-190,FFmpeg,a392bf657015c9a79a5a13adfbfb15086c1943b9,,group-row-16915,test,train
row-16918,CWE-190,FFmpeg,a392bf657015c9a79a5a13adfbfb15086c1943b9,,group-row-16915,test,train
row-16921,CWE-200,samba,0a3aa5f908e351201dc9c4d4807b09ed9eedff77,,group-row-16921,train,train
row-16922,CWE-200,samba,0a3aa5f908e351201dc9c4d4807b09ed9eedff77,,group-row-16921,train,train
row-16923,CWE-200,samba,0a3aa5f908e351201dc9c4d4807b09ed9eedff77,,group-row-16921,train,train
row-16924,CWE-200,samba,0a3aa5f908e351201dc9c4d4807b09ed9eedff77,,group-row-16921,train,train
row-16925,CWE-200,samba,0a3aa5f908e351201dc9c4d4807b09ed9eedff77,,group-row-16921,train,train
row-16926,CWE-200,samba,0a3aa5f908e351201dc9c4d4807b09ed9eedff77,,group-row-16921,train,train
row-16927,CWE-200,samba,0a3aa5f908e351201dc9c4d4807b09ed9eedff77,,group-row-16921,train,train
row-16928,CWE-200,samba,0a3aa5f908e351201dc9c4d4807b09ed9eedff77,,group-row-16921,train,train
row-16929,CWE-200,samba,0a3aa5f908e351201dc9c4d4807b09ed9eedff77,,group-row-16921,train,train
row-16930,CWE-200,samba,0a3aa5f908e351201dc9c4d4807b09ed9eedff77,,group-row-16921,train,train
row-16931,CWE-200,samba,0a3aa5f908e351201dc9c4d4807b09ed9eedff77,,group-row-16921,train,train
row-16932,CWE-200,samba,0a3aa5f908e351201dc9c4d4807b09ed9eedff77,,group-row-16921,train,train
row-16933,CWE-200,samba,0a3aa5f908e351201dc9c4d4807b09ed9eedff77,,group-row-16921,train,train
row-16934,CWE-200,samba,0a3aa5f908e351201dc9c4d4807b09ed9eedff77,,group-row-16921,train,train
row-16935,CWE-200,samba,0a3aa5f908e351201dc9c4d4807b09ed9eedff77,,group-row-16921,train,train
row-16936,CWE-200,samba,0a3aa5f908e351201dc9c4d4807b09ed9eedff77,,group-row-16921,train,train
row-16937,CWE-200,samba,0a3aa5f908e351201dc9c4d4807b09ed9eedff77,,group-row-16921,train,train
row-16938,CWE-200,samba,0a3aa5f908e351201dc9c4d4807b09ed9eedff77,,group-row-16921,train,train
row-16939,CWE-200,samba,0a3aa5f908e351201dc9c4d4807b09ed9eedff77,,group-row-16921,train,train
row-16940,CWE-200,samba,0a3aa5f908e351201dc9c4d4807b09ed9eedff77,,group-row-16921,train,train
row-16941,CWE-200,samba,0a3aa5f908e351201dc9c4d4807b09ed9eedff77,,group-row-16921,train,train
row-16942,CWE-200,samba,0a3aa5f908e351201dc9c4d4807b09ed9eedff77,,group-row-16921,train,train
row-16943,CWE-200,samba,0a3aa5f908e351201dc9c4d4807b09ed9eedff77,,group-row-16921,train,train
row-16944,CWE-200,samba,0a3aa5f908e351201dc9c4d4807b09ed9eedff77,,group-row-16921,train,train
row-16945,CWE-200,samba,0a3aa5f908e351201dc9c4d4807b09ed9eedff77,,group-row-16921,train,train
row-16946,CWE-200,samba,0a3aa5f908e351201dc9c4d4807b09ed9eedff77,,group-row-16921,train,train
row-16947,CWE-200,samba,0a3aa5f908e351201dc9c4d4807b09ed9eedff77,,group-row-16921,train,train
row-16948,CWE-200,samba,0a3aa5f908e351201dc9c4d4807b09ed9eedff77,,group-row-16921,train,train
row-16959,CWE-22,tsMuxer,3763dd34755a8944d903aa19578fa22cd3734165,,group-row-16959,test,validation
row-16960,CWE-22,tsMuxer,3763dd34755a8944d903aa19578fa22cd3734165,,group-row-16959,test,validation
row-16961,CWE-22,tsMuxer,3763dd34755a8944d903aa19578fa22cd3734165,,group-row-16959,test,validation
row-16962,CWE-22,tsMuxer,3763dd34755a8944d903aa19578fa22cd3734165,,group-row-16959,test,validation
row-16963,CWE-22,tsMuxer,3763dd34755a8944d903aa19578fa22cd3734165,,group-row-16959,test,validation
row-16964,CWE-22,tsMuxer,3763dd34755a8944d903aa19578fa22cd3734165,,group-row-16959,test,validation
row-16965,CWE-476,gpac,df8fffd839fe5ae9acd82d26fd48280a397411d9,,group-row-16965,test,train
row-16967,CWE-20,php-src,ecb7f58a069be0dec4a6131b6351a761f808f22e,,group-row-16967,validation,train
row-16968,CWE-20,php-src,ecb7f58a069be0dec4a6131b6351a761f808f22e,,group-row-16967,validation,train
row-16970,CWE-416,libde265,f538254e4658ef5ea4e233c2185dcbfd165e8911,,group-row-16970,train,train
row-16971,CWE-476,FFmpeg,8df6884832ec413cf032dfaa45c23b1c7876670c,,group-row-16971,test,train
row-16972,CWE-369,tensorflow,fca9874a9b42a2134f907d2fb46ab774a831404a,,group-row-16972,train,train
row-16973,CWE-125,LibRaw,5563e6ddc3f7cb93d98b491194ceebdee7288d36,,group-row-16973,train,train
row-16976,CWE-125,gpac,2320eb73afba753b39b7147be91f7be7afc0eeb7,,group-row-16976,test,train
row-16978,CWE-476,gpac,1653f31cf874eb6df964bea88d58d8e9b98b485e,,group-row-16978,test,train
row-16981,CWE-703,tensorflow,25d622ffc432acc736b14ca3904177579e733cc6,,group-row-16981,train,train
row-16982,CWE-416,linux,1fd819ecb90cc9b822cd84d3056ddba315d3340f,,group-row-16982,train,test
row-16985,CWE-476,mruby,55edae0226409de25e59922807cb09acb45731a2,,group-row-16985,train,train
row-16986,CWE-476,gpac,ce01bd15f711d4575b7424b54b3a395ec64c1784,,group-row-16986,test,train
row-16987,CWE-476,znc,d229761821da38d984a9e4098ad96842490dc001,,group-row-16987,train,test
row-16988,CWE-476,znc,d229761821da38d984a9e4098ad96842490dc001,,group-row-16987,train,test
row-16989,CWE-125,radare2,d04c78773f6959bcb427453f8e5b9824d5ba9eff,,group-row-16989,train,train
row-16990,CWE-787,gpac,8986422c21fbd9a7bf6561cae65aae42077447e8,,group-row-16990,test,train
row-16993,CWE-200,bluez,e2b0f0d8d63e1223bb714a9efb37e2257818268b,,group-row-16993,train,train
row-16994,CWE-703,FFmpeg,61d59703c91869f4e5cdacd8d6be52f8b89d4ba4,,group-row-16994,test,train
row-16995,CWE-476,zsh,c187154f47697cdbf822c2f9d714d570ed4a0fd1,,group-row-16995,train,train
row-16996,CWE-200,linux,fe685aabf7c8c9f138e5ea900954d295bf229175,,group-row-16996,train,test
row-16997,CWE-20,FFmpeg,880c73cd76109697447fbfbaa8e5ee5683309446,,group-row-16997,test,train
row-17054,CWE-369,tensorflow,4923de56ec94fff7770df259ab7f2288a74feb41,,group-row-17054,train,test
row-17055,CWE-787,upx,cc60f03b2eae1626155d0b6d97a2d9d7529616c7,,group-row-17055,train,train
row-17056,CWE-787,upx,cc60f03b2eae1626155d0b6d97a2d9d7529616c7,,group-row-17055,train,train
row-17062,CWE-787,upx,4e2fdb464a885c694408552c31739cb04b77bdcf,,group-row-17062,train,validation
row-17063,CWE-787,upx,4e2fdb464a885c694408552c31739cb04b77bdcf,,group-row-17062,train,validation
row-17064,CWE-787,upx,4e2fdb464a885c694408552c31739cb04b77bdcf,,group-row-17062,train,validation
row-17065,CWE-787,upx,4e2fdb464a885c694408552c31739cb04b77bdcf,,group-row-17062,train,validation
row-17066,CWE-787,upx,4e2fdb464a885c694408552c31739cb04b77bdcf,,group-row-17062,train,validation
row-17067,CWE-787,upx,4e2fdb464a885c694408552c31739cb04b77bdcf,,group-row-17062,train,validation
row-17068,CWE-787,upx,4e2fdb464a885c694408552c31739cb04b77bdcf,,group-row-17062,train,validation
row-17069,CWE-787,upx,4e2fdb464a885c694408552c31739cb04b77bdcf,,group-row-17062,train,validation
row-17072,CWE-399,linux,c03aa9f6e1f938618e6db2e23afef0574efeeb65,,group-row-17072,train,train
row-17073,CWE-125,tcpdump,4601c685e7fd19c3724d5e499c69b8d3ec49933e,,group-row-17073,train,train
row-17074,CWE-787,proxygen,2f07985bef9fbae124cc63e5c0272e32da4fdaec,,group-row-17074,train,train
row-17075,CWE-787,proxygen,2f07985bef9fbae124cc63e5c0272e32da4fdaec,,group-row-17074,train,train
row-17076,CWE-787,gpac,1273cdc706eeedf8346d4b9faa5b33435056061d,,group-row-17076,test,train
row-17083,CWE-416,gpac,9723dd0955894f2cb7be13b94cf7a47f2754b893,,group-row-17083,test,train
row-17084,CWE-416,gpac,9723dd0955894f2cb7be13b94cf7a47f2754b893,,group-row-17083,test,train
row-17085,CWE-416,gpac,9723dd0955894f2cb7be13b94cf7a47f2754b893,,group-row-17083,test,train
row-17087,CWE-787,davs2,b41cf117452e2d73d827f02d3e30aa20f1c721ac,,group-row-17087,train,train
row-17088,CWE-787,davs2,b41cf117452e2d73d827f02d3e30aa20f1c721ac,,group-row-17087,train,train
row-17089,CWE-190,redis,c992857618db99776917f10bf4f2345a5fdc78b0,,group-row-17089,test,train
row-17090,CWE-190,redis,c992857618db99776917f10bf4f2345a5fdc78b0,,group-row-17089,test,train
row-17091,CWE-190,redis,c992857618db99776917f10bf4f2345a5fdc78b0,,group-row-17089,test,train
row-17092,CWE-190,redis,c992857618db99776917f10bf4f2345a5fdc78b0,,group-row-17089,test,train
row-17093,CWE-190,redis,c992857618db99776917f10bf4f2345a5fdc78b0,,group-row-17089,test,train
row-17094,CWE-125,nanopb,aa9d0d1ca78d6adec3adfeecf3a706c7f9df81f2,,group-row-17094,train,train
row-17096,CWE-369,tensorflow,a1b11d2fdd1e51bfe18bb1ede804f60abfa92da6,,group-row-17096,train,validation
row-17100,CWE-476,gpac,dae9900580a8888969481cd72035408091edb11b,,group-row-17100,test,test
row-17101,CWE-200,linux,3c0c5cfdcd4d69ffc4b9c0907cec99039f30a50a,,group-row-17101,train,validation
row-17105,CWE-369,tensorflow,548b5eaf23685d86f722233d8fbc21d0a4aecb96,,group-row-17105,train,train
row-17108,CWE-125,gpac,bceb03fd2be95097a7b409ea59914f332fb6bc86,,group-row-17108,test,train
row-17109,CWE-125,gpac,bceb03fd2be95097a7b409ea59914f332fb6bc86,,group-row-17108,test,train
row-17118,CWE-476,FFmpeg,0a709e2a10b8288a0cc383547924ecfe285cef89,,group-row-17118,test,validation
row-17128,CWE-787,FFmpeg,1f097d168d9cad473dd44010a337c1413a9cd198,,group-row-17128,test,train
row-17129,CWE-787,FFmpeg,1f097d168d9cad473dd44010a337c1413a9cd198,,group-row-17128,test,train
row-17130,CWE-787,FFmpeg,1f097d168d9cad473dd44010a337c1413a9cd198,,group-row-17128,test,train
row-17131,CWE-703,linux,0449641130f5652b344ef6fa39fa019d7e94660a,,group-row-17131,train,validation
row-17132,CWE-369,tensorflow,3ebedd7e345453d68e279cfc3e4072648e5e12e5,,group-row-17132,train,train
row-17133,CWE-399,linux,a2ae4cc9a16e211c8a128ba10d22a85431f093ab,,group-row-17133,train,validation
row-17139,CWE-190,nginx,b900cc28fcbb4cf5a32ab62f80b59292e1c85b4b,,group-row-17139,train,test
row-17140,CWE-787,php-src,1bd103df00f49cf4d4ade2cfe3f456ac058a4eae,,group-row-17140,validation,test
row-17146,CWE-703,lighttpd1.4,b03b86f47b0d5a553137f081fadc482b4af1372d,,group-row-17146,train,train
row-17147,CWE-200,linux,9ad2de43f1aee7e7274a4e0d41465489299e344b,,group-row-17147,train,train
row-17149,CWE-20,memcached,75cc83685e103bc8ba380a57468c8f04413033f9,,group-row-17149,train,test
row-17150,CWE-20,memcached,75cc83685e103bc8ba380a57468c8f04413033f9,,group-row-17149,train,test
row-17155,CWE-415,mruby,97319697c8f9f6ff27b32589947e1918e3015503,,group-row-17155,train,train
row-17156,CWE-703,httpd,be0f5335e3e73eb63253b050fdc23f252f5c8ae3,,group-row-17156,train,train
row-17157,CWE-416,jerryscript,3ad76f932c8d2e3b9ba2d95e64848698ec7d7290,,group-row-17157,train,validation
row-17158,CWE-787,tensorflow,c59c37e7b2d563967da813fa50fe20b21f4da683,,group-row-17158,train,validation
row-17159,CWE-787,pesign,b879dda52f8122de697d145977c285fb0a022d76,,group-row-17159,train,train
row-17164,CWE-476,tensorflow,f7cc8755ac6683131fdfa7a8a121f9d7a9dec6fb,,group-row-17164,train,test
row-17165,CWE-476,tensorflow,f7cc8755ac6683131fdfa7a8a121f9d7a9dec6fb,,group-row-17164,train,test
row-17166,CWE-476,tensorflow,f7cc8755ac6683131fdfa7a8a121f9d7a9dec6fb,,group-row-17164,train,test
row-17170,CWE-703,linux,4c185ce06dca14f5cea192f5a2c981ef50663f2b,,group-row-17170,train,train
row-17171,CWE-703,linux,4c185ce06dca14f5cea192f5a2c981ef50663f2b,,group-row-17170,train,train
row-17172,CWE-703,linux,4c185ce06dca14f5cea192f5a2c981ef50663f2b,,group-row-17170,train,train
row-17173,CWE-20,linux,a5b2c5b2ad5853591a6cac6134cd0f599a720865,,group-row-17173,train,train
row-17210,CWE-125,FreeRDP,baee520e3dd9be6511c45a14c5f5e77784de1471,,group-row-17210,train,train
row-17211,CWE-125,FreeRDP,baee520e3dd9be6511c45a14c5f5e77784de1471,,group-row-17210,train,train
row-17212,CWE-125,FreeRDP,baee520e3dd9be6511c45a14c5f5e77784de1471,,group-row-17210,train,train
row-17213,CWE-125,FreeRDP,baee520e3dd9be6511c45a14c5f5e77784de1471,,group-row-17210,train,train
row-17214,CWE-125,FreeRDP,baee520e3dd9be6511c45a14c5f5e77784de1471,,group-row-17210,train,train
row-17215,CWE-125,FreeRDP,baee520e3dd9be6511c45a14c5f5e77784de1471,,group-row-17210,train,train
row-17216,CWE-125,FreeRDP,baee520e3dd9be6511c45a14c5f5e77784de1471,,group-row-17210,train,train
row-17217,CWE-125,FreeRDP,baee520e3dd9be6511c45a14c5f5e77784de1471,,group-row-17210,train,train
row-17218,CWE-703,FFmpeg,2240e2078d53d3cfce8ff1dda64e58fa72038602,,group-row-17218,test,train
row-17219,CWE-200,linux,9ad36309e2719a884f946678e0296be10f0bb4c1,,group-row-17219,train,train
row-17220,CWE-200,linux,713b9825a4c47897f66ad69409581e7734a8728e,,group-row-17220,train,train
row-17221,CWE-476,linux,ac64115a66c18c01745bbd3c47a36b124e5fd8c0,,group-row-17221,train,train
row-17222,CWE-369,FFmpeg,3a2d21bc5f97aa0161db3ae731fc2732be6108b8,,group-row-17222,test,train
row-17223,CWE-20,neomutt,9e927affe3a021175f354af5fa01d22657c20585,,group-row-17223,train,train
row-17226,CWE-787,linux,7e6bc1f6cabcd30aba0b11219d8e01b952eacbb6,,group-row-17226,train,train
row-17246,CWE-200,botan,48fc8df51d99f9d8ba251219367b3d629cc848e3,,group-row-17246,train,train
row-17247,CWE-200,botan,48fc8df51d99f9d8ba251219367b3d629cc848e3,,group-row-17246,train,train
row-17248,CWE-200,botan,48fc8df51d99f9d8ba251219367b3d629cc848e3,,group-row-17246,train,train
row-17249,CWE-200,botan,48fc8df51d99f9d8ba251219367b3d629cc848e3,,group-row-17246,train,train
row-17250,CWE-200,botan,48fc8df51d99f9d8ba251219367b3d629cc848e3,,group-row-17246,train,train
row-17251,CWE-200,botan,48fc8df51d99f9d8ba251219367b3d629cc848e3,,group-row-17246,train,train
row-17252,CWE-200,botan,48fc8df51d99f9d8ba251219367b3d629cc848e3,,group-row-17246,train,train
row-17253,CWE-200,botan,48fc8df51d99f9d8ba251219367b3d629cc848e3,,group-row-17246,train,train
row-17255,CWE-125,yara,992480c30f75943e9cd6245bb2015c7737f9b661,,group-row-17255,train,train
row-17256,CWE-125,yara,992480c30f75943e9cd6245bb2015c7737f9b661,,group-row-17255,train,train
row-17259,CWE-416,radare2,3345147916b9bb3da225248d571cdbac690c0c4d,,group-row-17259,train,train
row-17262,CWE-416,FFmpeg,a7e032a277452366771951e29fd0bf2bd5c029f0,,group-row-17262,test,train
row-17276,CWE-125,ImageMagick,d072ed6aff835c174e856ce3a428163c0da9e8f4,,group-row-17276,train,train
row-17280,CWE-20,neomutt,36a29280448097f34ce9c94606195f2ac643fed1,,group-row-17280,train,test
row-17282,CWE-20,contiki-ng,a4597001d50a04f4b9c78f323ba731e2f979802c,,group-row-17282,train,train
row-17283,CWE-20,contiki-ng,a4597001d50a04f4b9c78f323ba731e2f979802c,,group-row-17282,train,train
row-17284,CWE-20,contiki-ng,a4597001d50a04f4b9c78f323ba731e2f979802c,,group-row-17282,train,train
row-17285,CWE-20,linux,4e2024624e678f0ebb916e6192bd23c1f9fdf696,,group-row-17285,train,validation
row-17288,CWE-125,radare2,224e6bc13fa353dd3b7f7a2334588f1c4229e58d,,group-row-17288,train,train
row-17291,CWE-125,FFmpeg,22aa37c0fedf14531783189a197542a055959b6c,,group-row-17291,test,train
row-17293,CWE-476,tensorflow,9a133d73ae4b4664d22bd1aa6d654fec13c52ee1,,group-row-17293,train,train
row-17294,CWE-476,mruby,44f591aa8f7091e6ca6cb418e428ae6d4ceaf77d,,group-row-17294,train,train
row-17295,CWE-369,tensorflow,6841e522a3e7d48706a02e8819836e809f738682,,group-row-17295,train,train
row-17298,CWE-476,deark,287f5ac31dfdc074669182f51ece637706070eeb,,group-row-17298,test,train
row-17302,CWE-476,radare2,62e39f34b2705131a2d08aff0c2e542c6a52cf0e,,group-row-17302,train,train
row-17311,CWE-703,FFmpeg,6ba02602aa7fc7d38db582e75b8b093fb3c1608d,,group-row-17311,test,train
row-17318,CWE-416,linux,f71f01394f742fc4558b3f9f4c7ef4c4cf3b07c8,,group-row-17318,train,train
row-17319,CWE-416,linux,f71f01394f742fc4558b3f9f4c7ef4c4cf3b07c8,,group-row-17318,train,train
row-17320,CWE-416,linux,f71f01394f742fc4558b3f9f4c7ef4c4cf3b07c8,,group-row-17318,train,train
row-17321,CWE-416,linux,f71f01394f742fc4558b3f9f4c7ef4c4cf3b07c8,,group-row-17318,train,train
row-17322,CWE-416,linux,f71f01394f742fc4558b3f9f4c7ef4c4cf3b07c8,,group-row-17318,train,train
row-17324,CWE-200,linux,7b07f8eb75aa3097cdfd4f6eac3da49db787381d,,group-row-17324,train,train
row-17326,CWE-703,libde265,45904e5667c5bf59c67fcdc586dfba110832894c,,group-row-17326,train,train
row-17327,CWE-703,libde265,45904e5667c5bf59c67fcdc586dfba110832894c,,group-row-17326,train,train
row-17328,CWE-399,linux,96b340406724d87e4621284ebac5e059d67b2194,,group-row-17328,train,train
row-17330,CWE-415,android-gif-drawable,cc5b4f8e43463995a84efd594f89a21f906c2d20,,group-row-17330,train,train
row-17331,CWE-787,libde265,697aa4f7c774abd6374596e6707a6f4f54265355,,group-row-17331,train,train
row-17332,CWE-703,edgeless-mariadb,91d5fffa0796b8208c3d6633c8f296da8914af4d,,group-row-17332,train,train
row-17343,CWE-125,ImageMagick,7b1cf5784b5bcd85aa9293ecf56769f68c037231,,group-row-17343,train,test
row-17344,CWE-476,FFmpeg,54655623a82632e7624714d7b2a3e039dc5faa7e,,group-row-17344,test,validation
row-17345,CWE-476,FFmpeg,54655623a82632e7624714d7b2a3e039dc5faa7e,,group-row-17344,test,validation
row-17346,CWE-476,ImageMagick,5b4bebaa91849c592a8448bc353ab25a54ff8c44,,group-row-17346,train,train
row-17347,CWE-476,radare2,7ab66cca5bbdf6cb2d69339ef4f513d95e532dbf,,group-row-17347,train,train
row-17350,CWE-476,gpac,a4eb327049132359cae54b59faec9e2f14c5a619,,group-row-17350,test,train
row-17353,CWE-125,njs,b9aea5854bcf6f2de8f7a7f1550874e392b94be2,,group-row-17353,train,validation
row-17355,CWE-200,samba,a2bb5beee82fd9c4c29decc07024057febeaf1b5,,group-row-17355,train,train
row-17356,CWE-200,samba,a2bb5beee82fd9c4c29decc07024057febeaf1b5,,group-row-17355,train,train
row-17357,CWE-200,samba,a2bb5beee82fd9c4c29decc07024057febeaf1b5,,group-row-17355,train,train
row-17358,CWE-125,asylo,83036fd841d33baa7e039f842d131aa7881fdcc2,,group-row-17358,train,train
row-17360,CWE-125,glibc,ee8d5e33adb284601c00c94687bc907e10aec9bb,,group-row-17360,train,train
row-17364,CWE-125,tensorflow,ef0c008ee84bad91ec6725ddc42091e19a30cf0e,,group-row-17364,train,train
row-17365,CWE-703,tensorflow,3796cc4fcd93ae55812a457abc96dcd55fbb854b,,group-row-17365,train,train
row-17366,CWE-703,tensorflow,3796cc4fcd93ae55812a457abc96dcd55fbb854b,,group-row-17365,train,train
row-17367,CWE-20,suricata,11f3659f64a4e42e90cb3c09fcef66894205aefe,,group-row-17367,train,train
row-17368,CWE-20,suricata,11f3659f64a4e42e90cb3c09fcef66894205aefe,,group-row-17367,train,train
row-17369,CWE-20,suricata,11f3659f64a4e42e90cb3c09fcef66894205aefe,,group-row-17367,train,train
row-17370,CWE-20,suricata,11f3659f64a4e42e90cb3c09fcef66894205aefe,,group-row-17367,train,train
row-17374,CWE-295,openfortivpn,6328a070ddaab16faaf008cb9a8a62439c30f2a8,,group-row-17374,test,train
row-17376,CWE-703,csync2,416f1de878ef97e27e27508914f7ba8599a0be22,,group-row-17376,validation,train
row-17377,CWE-476,exif,eb84b0e3c5f2a86013b6fcfb800d187896a648fa,,group-row-17377,train,test
row-17378,CWE-703,GameNetworkingSockets,d944a10808891d202bb1d5e1998de6e0423af678,,group-row-17378,train,train
row-17381,CWE-416,envoy,fe7c69c248f4fe5a9080c7ccb35275b5218bb5ab,,group-row-17381,train,train
row-17382,CWE-416,envoy,fe7c69c248f4fe5a9080c7ccb35275b5218bb5ab,,group-row-17381,train,train
row-17383,CWE-416,envoy,fe7c69c248f4fe5a9080c7ccb35275b5218bb5ab,,group-row-17381,train,train
row-17384,CWE-416,envoy,fe7c69c248f4fe5a9080c7ccb35275b5218bb5ab,,group-row-17381,train,train
row-17385,CWE-416,envoy,fe7c69c248f4fe5a9080c7ccb35275b5218bb5ab,,group-row-17381,train,train
row-17386,CWE-416,envoy,fe7c69c248f4fe5a9080c7ccb35275b5218bb5ab,,group-row-17381,train,train
row-17392,CWE-787,astc-encoder,6ffb3058bfbcc836108c25274e955e399481e2b4,,group-row-17392,train,train
row-17393,CWE-787,astc-encoder,6ffb3058bfbcc836108c25274e955e399481e2b4,,group-row-17392,train,train
row-17394,CWE-787,astc-encoder,6ffb3058bfbcc836108c25274e955e399481e2b4,,group-row-17392,train,train
row-17395,CWE-787,astc-encoder,6ffb3058bfbcc836108c25274e955e399481e2b4,,group-row-17392,train,train
row-17398,CWE-476,mruby,00acae117da1b45b318dc36531a7b0021b8097ae,,group-row-17398,train,validation
row-17414,CWE-125,tcpdump,3c4d7c0ee30a30e5abff3d6d9586a3753101faf5,,group-row-17414,train,train
row-17415,CWE-416,mruby,5c114c91d4ff31859fcd84cf8bf349b737b90d99,,group-row-17415,train,train
row-17417,CWE-416,envoy,7ffda4e809dec74449ebc330cebb9d2f4ab61360,,group-row-17417,train,test
row-17418,CWE-416,envoy,7ffda4e809dec74449ebc330cebb9d2f4ab61360,,group-row-17417,train,test
row-17419,CWE-416,envoy,7ffda4e809dec74449ebc330cebb9d2f4ab61360,,group-row-17417,train,test
row-17420,CWE-416,envoy,7ffda4e809dec74449ebc330cebb9d2f4ab61360,,group-row-17417,train,test
row-17421,CWE-416,envoy,7ffda4e809dec74449ebc330cebb9d2f4ab61360,,group-row-17417,train,test
row-17422,CWE-416,envoy,7ffda4e809dec74449ebc330cebb9d2f4ab61360,,group-row-17417,train,test
row-17423,CWE-416,envoy,7ffda4e809dec74449ebc330cebb9d2f4ab61360,,group-row-17417,train,test
row-17424,CWE-787,FFmpeg,e477f09d0b3619f3d29173b2cd593e17e2d1978e,,group-row-17424,test,train
row-17425,CWE-787,FFmpeg,e477f09d0b3619f3d29173b2cd593e17e2d1978e,,group-row-17424,test,train
row-17427,CWE-190,LibRaw,1334647862b0c90b2e8cb2f668e66627d9517b17,,group-row-17427,train,validation
row-17433,CWE-20,linux,48856286b64e4b66ec62b94e504d0b29c1ade664,,group-row-17433,train,train
row-17434,CWE-20,linux,48856286b64e4b66ec62b94e504d0b29c1ade664,,group-row-17433,train,train
row-17435,CWE-20,linux,48856286b64e4b66ec62b94e504d0b29c1ade664,,group-row-17433,train,train
row-17436,CWE-20,linux,48856286b64e4b66ec62b94e504d0b29c1ade664,,group-row-17433,train,train
row-17437,CWE-20,linux,48856286b64e4b66ec62b94e504d0b29c1ade664,,group-row-17433,train,train
row-17440,CWE-20,linux,a963a37d384d71ad43b3e9e79d68d42fbe0901f3,,group-row-17440,train,train
row-17442,CWE-703,samba,3a4eb50cf74671de3442d179bd2d44afd5bc52c1,,group-row-17442,train,train
row-17443,CWE-703,samba,3a4eb50cf74671de3442d179bd2d44afd5bc52c1,,group-row-17442,train,train
row-17444,CWE-787,janet,7fda7709ff15ab4b4cdea57619365eb2798f15c4,,group-row-17444,train,train
row-17445,CWE-20,linux,b2853fd6c2d0f383dbdf7427e263eb576a633867,,group-row-17445,train,validation
row-17446,CWE-20,linux,b2853fd6c2d0f383dbdf7427e263eb576a633867,,group-row-17445,train,validation
row-17449,CWE-125,tensorflow,595a65a3e224a0362d7e68c2213acfc2b499a196,,group-row-17449,train,test
row-17450,CWE-125,tensorflow,595a65a3e224a0362d7e68c2213acfc2b499a196,,group-row-17449,train,test
row-17451,CWE-125,tensorflow,595a65a3e224a0362d7e68c2213acfc2b499a196,,group-row-17449,train,test
row-17454,CWE-125,tensorflow,7cf73a2274732c9d82af51c2bc2cf90d13cd7e6d,,group-row-17454,train,train
row-17458,CWE-369,tensorflow,f61c57bd425878be108ec787f4d96390579fb83e,,group-row-17458,train,train
row-17460,CWE-703,linux,6e5714eaf77d79ae1c8b47e3e040ff5411b717ec,,group-row-17460,train,train
row-17461,CWE-703,linux,6e5714eaf77d79ae1c8b47e3e040ff5411b717ec,,group-row-17460,train,train
row-17462,CWE-703,linux,6e5714eaf77d79ae1c8b47e3e040ff5411b717ec,,group-row-17460,train,train
row-17463,CWE-703,linux,6e5714eaf77d79ae1c8b47e3e040ff5411b717ec,,group-row-17460,train,train
row-17464,CWE-703,linux,6e5714eaf77d79ae1c8b47e3e040ff5411b717ec,,group-row-17460,train,train
row-17465,CWE-703,linux,6e5714eaf77d79ae1c8b47e3e040ff5411b717ec,,group-row-17460,train,train
row-17466,CWE-703,linux,6e5714eaf77d79ae1c8b47e3e040ff5411b717ec,,group-row-17460,train,train
row-17467,CWE-703,linux,6e5714eaf77d79ae1c8b47e3e040ff5411b717ec,,group-row-17460,train,train
row-17468,CWE-703,linux,6e5714eaf77d79ae1c8b47e3e040ff5411b717ec,,group-row-17460,train,train
row-17469,CWE-703,linux,6e5714eaf77d79ae1c8b47e3e040ff5411b717ec,,group-row-17460,train,train
row-17470,CWE-703,linux,6e5714eaf77d79ae1c8b47e3e040ff5411b717ec,,group-row-17460,train,train
row-17471,CWE-703,linux,6e5714eaf77d79ae1c8b47e3e040ff5411b717ec,,group-row-17460,train,train
row-17472,CWE-703,linux,6e5714eaf77d79ae1c8b47e3e040ff5411b717ec,,group-row-17460,train,train
row-17473,CWE-703,linux,6e5714eaf77d79ae1c8b47e3e040ff5411b717ec,,group-row-17460,train,train
row-17475,CWE-369,tensorflow,cbda3c6b2dbbd3fbdc482ff8c0170a78ec2e97d0,,group-row-17475,train,validation
row-17476,CWE-369,tensorflow,cbda3c6b2dbbd3fbdc482ff8c0170a78ec2e97d0,,group-row-17475,train,validation
row-17478,CWE-476,tensorflow,e6340f0665d53716ef3197ada88936c2a5f7a2d3,,group-row-17478,train,validation
row-17479,CWE-476,tensorflow,e6340f0665d53716ef3197ada88936c2a5f7a2d3,,group-row-17478,train,validation
row-17480,CWE-476,tensorflow,e6340f0665d53716ef3197ada88936c2a5f7a2d3,,group-row-17478,train,validation
row-17481,CWE-200,linux,7b789836f434c87168eab067cfbed1ec4783dffd,,group-row-17481,train,train
row-17484,CWE-125,radare2,44ded3ff35b8264f54b5a900cab32ec489d9e5b9,,group-row-17484,train,train
row-17485,CWE-200,FFmpeg,189ff4219644532bdfa7bab28dfedaee4d6d4021,,group-row-17485,test,train
row-17486,CWE-369,ImageMagick,728dc6a600cf4cbdac846964c85cc04339db8ac1,,group-row-17486,train,train
row-17487,CWE-200,samba,df487eb2d713e817660dd3b56bb26ba715fadfea,,group-row-17487,train,train
row-17488,CWE-125,tcpdump,99798bd9a41bd3d03fdc1e949810a38967f20ed3,,group-row-17488,train,train
row-17498,CWE-125,tcpdump,a1eefe986065846b6c69dbc09afd9fa1a02c4a3d,,group-row-17498,train,train
row-17499,CWE-125,tcpdump,a1eefe986065846b6c69dbc09afd9fa1a02c4a3d,,group-row-17498,train,train
row-17500,CWE-20,jansson,64ce0ad3731ebd77e02897b07920eadd0e2cc318,,group-row-17500,train,train
row-17501,CWE-20,jansson,64ce0ad3731ebd77e02897b07920eadd0e2cc318,,group-row-17500,train,train
row-17503,CWE-703,gpac,3718d583c6ade191dc7979c64f48c001ca6f0243,,group-row-17503,test,train
row-17504,CWE-476,acrn-hypervisor,154fe59531c12b82e26d1b24b5531f5066d224f5,,group-row-17504,train,train
row-17505,CWE-20,FFmpeg,2fc108f60f98cd00813418a8754a46476b404a3c,,group-row-17505,test,train
row-17506,CWE-125,FFmpeg,296debd213bd6dce7647cedd34eb64e5b94cdc92,,group-row-17506,test,train
row-17509,CWE-20,ntp,553f2fa65865c31c5e3c48812cfd46176cffdd27,,group-row-17509,validation,train
row-17513,CWE-125,ImageMagick,307fa45d512641fcd105f0d57ca50c1437cd1b81,,group-row-17513,train,test
row-17514,CWE-20,contiki-ng,4fffab0e632c4d01910fa957d1fd9ef321eb87d2,,group-row-17514,train,train
row-17516,CWE-369,deark,62acb7753b0e3c0d3ab3c15057b0a65222313334,,group-row-17516,test,train
row-17517,CWE-787,linux,9aa422ad326634b76309e8ff342c246800621216,,group-row-17517,train,test
row-17518,CWE-787,linux,9aa422ad326634b76309e8ff342c246800621216,,group-row-17517,train,test
row-17519,CWE-703,linux,64f3b9e203bd06855072e295557dca1485a2ecba,,group-row-17519,train,test
row-17520,CWE-476,gpac,586e817dcd531bb3e75438390f1f753cfe6e940a,,group-row-17520,test,train
row-17521,CWE-476,gpac,586e817dcd531bb3e75438390f1f753cfe6e940a,,group-row-17520,test,train
row-17522,CWE-476,gpac,586e817dcd531bb3e75438390f1f753cfe6e940a,,group-row-17520,test,train
row-17523,CWE-125,nDPI,8e7b1ea7a136cc4e4aa9880072ec2d69900a825e,,group-row-17523,train,validation
row-17527,CWE-476,tensorflow,a3d9f9be9ac2296615644061b40cefcee341dcc4,,group-row-17527,train,train
row-17558,CWE-787,zephyr,6ec31c852049641095f2cdf25591f2e1bff86774,,group-row-17558,train,validation
row-17559,CWE-787,zephyr,6ec31c852049641095f2cdf25591f2e1bff86774,,group-row-17558,train,validation
row-17560,CWE-703,FFmpeg,8001e9f7d17e90b4b0898ba64e3b8bbd716c513c,,group-row-17560,test,validation
row-17561,CWE-200,linux,a117dacde0288f3ec60b6e5bcedae8fa37ee0dfc,,group-row-17561,train,train
row-17563,CWE-787,libtpms,3ef9b26cb9f28bd64d738bff9505a20d4eb56acd,,group-row-17563,train,train
row-17564,CWE-787,libtpms,3ef9b26cb9f28bd64d738bff9505a20d4eb56acd,,group-row-17563,train,train
row-17565,CWE-787,libtpms,3ef9b26cb9f28bd64d738bff9505a20d4eb56acd,,group-row-17563,train,train
row-17566,CWE-787,libtpms,3ef9b26cb9f28bd64d738bff9505a20d4eb56acd,,group-row-17563,train,train
row-17567,CWE-787,libtpms,3ef9b26cb9f28bd64d738bff9505a20d4eb56acd,,group-row-17563,train,train
row-17568,CWE-787,libtpms,3ef9b26cb9f28bd64d738bff9505a20d4eb56acd,,group-row-17563,train,train
row-17569,CWE-787,libtpms,3ef9b26cb9f28bd64d738bff9505a20d4eb56acd,,group-row-17563,train,train
row-17570,CWE-787,libtpms,3ef9b26cb9f28bd64d738bff9505a20d4eb56acd,,group-row-17563,train,train
row-17571,CWE-787,libtpms,3ef9b26cb9f28bd64d738bff9505a20d4eb56acd,,group-row-17563,train,train
row-17572,CWE-787,libtpms,3ef9b26cb9f28bd64d738bff9505a20d4eb56acd,,group-row-17563,train,train
row-17573,CWE-787,libtpms,3ef9b26cb9f28bd64d738bff9505a20d4eb56acd,,group-row-17563,train,train
row-17574,CWE-787,libtpms,3ef9b26cb9f28bd64d738bff9505a20d4eb56acd,,group-row-17563,train,train
row-17575,CWE-787,libtpms,3ef9b26cb9f28bd64d738bff9505a20d4eb56acd,,group-row-17563,train,train
row-17576,CWE-787,libtpms,3ef9b26cb9f28bd64d738bff9505a20d4eb56acd,,group-row-17563,train,train
row-17577,CWE-787,libtpms,3ef9b26cb9f28bd64d738bff9505a20d4eb56acd,,group-row-17563,train,train
row-17578,CWE-787,libtpms,3ef9b26cb9f28bd64d738bff9505a20d4eb56acd,,group-row-17563,train,train
row-17579,CWE-787,libtpms,3ef9b26cb9f28bd64d738bff9505a20d4eb56acd,,group-row-17563,train,train
row-17580,CWE-787,libtpms,3ef9b26cb9f28bd64d738bff9505a20d4eb56acd,,group-row-17563,train,train
row-17581,CWE-787,rsyslog,89955b0bcb1ff105e1374aad7e0e993faa6a038f,,group-row-17581,train,train
row-17582,CWE-787,rsyslog,89955b0bcb1ff105e1374aad7e0e993faa6a038f,,group-row-17581,train,train
row-17583,CWE-787,rsyslog,89955b0bcb1ff105e1374aad7e0e993faa6a038f,,group-row-17581,train,train
row-17599,CWE-703,gpac,f5a038e6893019ee471b6a57490cf7a495673816,,group-row-17599,test,train
row-17600,CWE-476,libav,e5b019725f53b79159931d3a7317107cbbfd0860,,group-row-17600,train,train
row-17603,CWE-200,linux,12176503366885edd542389eed3aaf94be163fdb,,group-row-17603,train,test
row-17604,CWE-200,linux,f43bfaeddc79effbf3d0fcb53ca477cca66f3db8,,group-row-17604,train,validation
row-17605,CWE-125,FFmpeg,23ccf3cabb4baf6e8af4b1af3fcc59c904736f21,,group-row-17605,test,train
row-17606,CWE-787,FFmpeg,3e5959b3457f7f1856d997261e6ac672bba49e8b,,group-row-17606,test,train
row-17610,CWE-20,openssl,cca1cd9a3447dd067503e4a85ebd1679ee78a48e,,group-row-17610,test,train
row-17792,CWE-20,librsvg,d83e426fff3f6d0fa6042d0930fb70357db24125,CVE-2013-1881,group-row-17792,validation,train
row-17793,CWE-20,librsvg,d83e426fff3f6d0fa6042d0930fb70357db24125,CVE-2013-1881,group-row-17792,validation,train
row-17794,CWE-20,librsvg,d83e426fff3f6d0fa6042d0930fb70357db24125,CVE-2013-1881,group-row-17792,validation,train
row-17795,CWE-20,librsvg,d83e426fff3f6d0fa6042d0930fb70357db24125,CVE-2013-1881,group-row-17792,validation,train
row-17796,CWE-20,librsvg,f01aded72c38f0e18bc7ff67dee800e380251c8e,CVE-2013-1881,group-row-17792,validation,train
row-17797,CWE-20,librsvg,f01aded72c38f0e18bc7ff67dee800e380251c8e,CVE-2013-1881,group-row-17792,validation,train
row-17798,CWE-20,librsvg,f01aded72c38f0e18bc7ff67dee800e380251c8e,CVE-2013-1881,group-row-17792,validation,train
row-17822,CWE-20,openssl,197e0ea817ad64820789d86711d55ff50d71f631,CVE-2013-4353,group-row-17822,test,train
row-17883,CWE-399,openssl,d3152655d5319ce883c8e3ac4b99f8de4c59d846,CVE-2014-0221,group-row-17883,test,train
row-17892,CWE-120,openssl,82ba68c42d6a9cf245afa489471005b2a0377c10,CVE-2014-0195,group-row-17892,test,train
row-17893,CWE-476,openssl,8011cd56e39a433b1837465259a9bd24a38727fb,CVE-2014-3470,group-row-17893,test,train
row-17894,CWE-476,openssl,141a5482fdd1944804cc342c1c443362eed8501b,CVE-2014-3470,group-row-17893,test,train
row-17929,CWE-200,openssl,0042fb5fd1c9d257d713b15a1f45da05cf5c1c87,CVE-2014-3508,group-row-17929,test,train
row-17930,CWE-200,openssl,0042fb5fd1c9d257d713b15a1f45da05cf5c1c87,CVE-2014-3508,group-row-17929,test,train
row-17952,CWE-399,openssl,1250f12613b61758675848f6600ebd914ccd7636,CVE-2014-3506,group-row-17952,test,train
row-17953,CWE-399,openssl,1250f12613b61758675848f6600ebd914ccd7636,CVE-2014-3506,group-row-17952,test,train
row-17954,CWE-399,openssl,d0a4b7d1a2948fce38515b8d862f43e7ba0ebf74,CVE-2014-3507,group-row-17954,test,train
row-17955,CWE-399,openssl,d0a4b7d1a2948fce38515b8d862f43e7ba0ebf74,CVE-2014-3507,group-row-17954,test,train
row-17958,CWE-119,openssl,4a23b12a031860253b58d503f296377ca076427b,CVE-2014-3512,group-row-17958,test,train
row-17959,CWE-119,openssl,4a23b12a031860253b58d503f296377ca076427b,CVE-2014-3512,group-row-17958,test,train
row-17996,CWE-20,openssl,2b0532f3984324ebe1236a63d15893792384328d,CVE-2014-3513,group-row-17996,test,train
row-17997,CWE-20,openssl,2b0532f3984324ebe1236a63d15893792384328d,CVE-2014-3513,group-row-17996,test,train
row-17998,CWE-20,openssl,2b0532f3984324ebe1236a63d15893792384328d,CVE-2014-3513,group-row-17996,test,train
row-17999,CWE-20,openssl,2b0532f3984324ebe1236a63d15893792384328d,CVE-2014-3513,group-row-17996,test,train
row-18000,CWE-20,openssl,2b0532f3984324ebe1236a63d15893792384328d,CVE-2014-3513,group-row-17996,test,train
row-18001,CWE-20,openssl,2b0532f3984324ebe1236a63d15893792384328d,CVE-2014-3513,group-row-17996,test,train
row-18002,CWE-20,openssl,2b0532f3984324ebe1236a63d15893792384328d,CVE-2014-3513,group-row-17996,test,train
row-18003,CWE-20,openssl,7fd4ce6a997be5f5c9e744ac527725c2850de203,CVE-2014-3567,group-row-18003,test,train
row-18004,CWE-20,openssl,2ed80d14d7159de7b52c7720128459e8c24a94d5,CVE-2014-3567,group-row-18003,test,train
row-18071,CWE-369,libtiff,3c5eb8b1be544e41d2c336191bc4936300ad7543,CVE-2014-8130,group-row-18071,train,train
row-18072,CWE-369,libtiff,3c5eb8b1be544e41d2c336191bc4936300ad7543,CVE-2014-8130,group-row-18071,train,train
row-18073,CWE-119,libtiff,40a5955cbf0df62b1f9e9bd7d9657b0070725d19,,group-row-18073,train,test
row-18074,CWE-119,libtiff,40a5955cbf0df62b1f9e9bd7d9657b0070725d19,,group-row-18073,train,test
row-18075,CWE-119,libtiff,40a5955cbf0df62b1f9e9bd7d9657b0070725d19,,group-row-18073,train,test
row-18076,CWE-119,libtiff,40a5955cbf0df62b1f9e9bd7d9657b0070725d19,,group-row-18073,train,test
row-18111,CWE-119,openssl,d0666f289ac013094bbbf547bfbcd616199b7d2d,,group-row-18111,test,train
row-18112,CWE-20,openssl,86f8fb0e344d62454f8daf3e15236b2b59210756,CVE-2015-0293,group-row-18112,test,train
row-18113,CWE-20,openssl,86f8fb0e344d62454f8daf3e15236b2b59210756,CVE-2015-0293,group-row-18112,test,train
row-18114,CWE-20,openssl,b19d8143212ae5fbc9cebfd51c01f802fabccd33,CVE-2015-1787,group-row-18114,test,train
row-18121,CWE-399,openssl,f61bbf8da532038ed0eae16a9a11771f3da22d30,CVE-2015-1788,group-row-18121,test,train
row-18122,CWE-119,openssl,370ac320301e28bb615cee80124c042649c95d14,CVE-2015-1789,group-row-18122,test,train
row-18123,CWE-119,openssl,fa57f74a3941db6b2efb2f43c6add914ec83db20,CVE-2015-1789,group-row-18122,test,train
row-18126,CWE-399,openssl,dd90a91d8771fd1ad5083fd46a2b3da16a587757,CVE-2015-1792,group-row-18126,test,train
row-18130,CWE-295,freeradius-server,5e698b407dcac2bc45cf03484bac4398109d25c3,CVE-2015-4680,group-row-3062,train,test
row-18151,CWE-200,openssl,d73cc256c8e256c32ed959456101b73ba9842f72,CVE-2015-3193,group-row-18151,test,train
row-18152,CWE-476,openssl,c394a488942387246653833359a5c94b5832674e,CVE-2015-3194,group-row-18152,test,train
row-18153,CWE-476,openssl,d8541d7e9e63bf5f343af24644046c8d96498c17,CVE-2015-3194,group-row-18152,test,train
row-18154,CWE-200,openssl,cc598f321fbac9c04da5766243ed55d55948637d,CVE-2015-3195,group-row-18154,test,train
row-18155,CWE-200,openssl,cc598f321fbac9c04da5766243ed55d55948637d,CVE-2015-3195,group-row-18154,test,train
row-18156,CWE-200,openssl,cf432b3b1bd7caa22943b41b94ec2472ae497dc6,CVE-2015-3195,group-row-18154,test,train
row-18157,CWE-200,openssl,2cdafc51f008e65b2d5263a80ad0e89e9b56c8d3,CVE-2015-3195,group-row-18154,test,train
row-18158,CWE-200,openssl,2cdafc51f008e65b2d5263a80ad0e89e9b56c8d3,CVE-2015-3195,group-row-18154,test,train
row-18169,CWE-119,libtiff,f94a29a822f5528d2334592760fbb7938f15eb55,CVE-2015-8683,group-row-18169,train,train
row-18170,CWE-119,libtiff,f94a29a822f5528d2334592760fbb7938f15eb55,CVE-2015-8683,group-row-18169,train,train
row-18171,CWE-119,libtiff,f94a29a822f5528d2334592760fbb7938f15eb55,CVE-2015-8683,group-row-18169,train,train
row-18178,CWE-787,libtiff,aaab5c3c9d2a2c6984f23ccbc79702610439bc65,CVE-2015-8781,group-row-18178,train,train
row-18179,CWE-787,libtiff,aaab5c3c9d2a2c6984f23ccbc79702610439bc65,CVE-2015-8781,group-row-18178,train,train
row-18180,CWE-787,libtiff,aaab5c3c9d2a2c6984f23ccbc79702610439bc65,CVE-2015-8781,group-row-18178,train,train
row-18181,CWE-787,libtiff,aaab5c3c9d2a2c6984f23ccbc79702610439bc65,CVE-2015-8781,group-row-18178,train,train
row-18182,CWE-787,libtiff,aaab5c3c9d2a2c6984f23ccbc79702610439bc65,CVE-2015-8781,group-row-18178,train,train
row-18183,CWE-787,libtiff,aaab5c3c9d2a2c6984f23ccbc79702610439bc65,CVE-2015-8781,group-row-18178,train,train
row-18197,CWE-200,openssl,d6482a82bc2228327aa4ba98aeeecd9979542a31,CVE-2016-0702,group-row-18197,test,test
row-18198,CWE-200,openssl,d6482a82bc2228327aa4ba98aeeecd9979542a31,CVE-2016-0702,group-row-18197,test,test
row-18199,CWE-200,openssl,d6482a82bc2228327aa4ba98aeeecd9979542a31,CVE-2016-0702,group-row-18197,test,test
row-18200,CWE-200,openssl,8fc8f486f7fa098c9fbb6a6ae399e3c6856e0d87,CVE-2016-0702,group-row-18197,test,test
row-18201,CWE-399,openssl,380f18ed5f140e0ae1b68f3ab8f4f7c395658d9e,CVE-2016-0798,group-row-18201,test,train
row-18202,CWE-399,openssl,380f18ed5f140e0ae1b68f3ab8f4f7c395658d9e,CVE-2016-0798,group-row-18201,test,train
row-18203,CWE-399,openssl,380f18ed5f140e0ae1b68f3ab8f4f7c395658d9e,CVE-2016-0798,group-row-18201,test,train
row-18204,CWE-399,openssl,380f18ed5f140e0ae1b68f3ab8f4f7c395658d9e,CVE-2016-0798,group-row-18201,test,train
row-18205,CWE-399,openssl,380f18ed5f140e0ae1b68f3ab8f4f7c395658d9e,CVE-2016-0798,group-row-18201,test,train
row-18206,CWE-399,openssl,380f18ed5f140e0ae1b68f3ab8f4f7c395658d9e,CVE-2016-0798,group-row-18201,test,train
row-18207,CWE-399,openssl,380f18ed5f140e0ae1b68f3ab8f4f7c395658d9e,CVE-2016-0798,group-row-18201,test,train
row-18210,CWE-119,openssl,9cb177301fdab492e4cfef376b28339afe3ef663,CVE-2016-0799,group-row-18210,test,test
row-18211,CWE-119,openssl,9cb177301fdab492e4cfef376b28339afe3ef663,CVE-2016-0799,group-row-18210,test,test
row-18212,CWE-119,openssl,9cb177301fdab492e4cfef376b28339afe3ef663,CVE-2016-0799,group-row-18210,test,test
row-18213,CWE-119,openssl,9cb177301fdab492e4cfef376b28339afe3ef663,CVE-2016-0799,group-row-18210,test,test
row-18214,CWE-119,openssl,9cb177301fdab492e4cfef376b28339afe3ef663,CVE-2016-0799,group-row-18210,test,test
row-18215,CWE-119,openssl,9cb177301fdab492e4cfef376b28339afe3ef663,CVE-2016-0799,group-row-18210,test,test
row-18216,CWE-119,openssl,9cb177301fdab492e4cfef376b28339afe3ef663,CVE-2016-0799,group-row-18210,test,test
row-18217,CWE-119,openssl,578b956fe741bf8e84055547b1e83c28dd902c73,CVE-2016-2842,group-row-18217,test,train
row-18218,CWE-119,openssl,578b956fe741bf8e84055547b1e83c28dd902c73,CVE-2016-2842,group-row-18217,test,train
row-18219,CWE-119,openssl,578b956fe741bf8e84055547b1e83c28dd902c73,CVE-2016-2842,group-row-18217,test,train
row-18220,CWE-399,openssl,c62981390d6cf9e3d612c489b8b77c2913b25807,CVE-2016-2109,group-row-18220,test,train
row-18221,CWE-119,openssl,3661bb4e7934668bd99ca777ea8b30eedfafa871,CVE-2016-2108,group-row-18221,test,train
row-18222,CWE-119,openssl,3661bb4e7934668bd99ca777ea8b30eedfafa871,CVE-2016-2108,group-row-18221,test,train
row-18223,CWE-119,openssl,f5da52e308a6aeea6d5f3df98c4da295d7e9cc27,CVE-2016-2108,group-row-18221,test,train
row-18224,CWE-119,openssl,f5da52e308a6aeea6d5f3df98c4da295d7e9cc27,CVE-2016-2108,group-row-18221,test,train
row-18225,CWE-119,openssl,f5da52e308a6aeea6d5f3df98c4da295d7e9cc27,CVE-2016-2108,group-row-18221,test,train
row-18230,CWE-189,openssl,3f3582139fbb259a1c3cbb0a25236500a409bf26,CVE-2016-2106,group-row-18230,test,train
row-18231,CWE-119,openssl,2919516136a4227d9e6d8f2fe66ef976aaf8c561,CVE-2016-2176,group-row-18231,test,train
row-18237,CWE-20,librsvg,d1c9191949747f6dcfd207831d15dd4ba00e31f2,CVE-2016-4348,group-row-18237,validation,train
row-18238,CWE-20,librsvg,d1c9191949747f6dcfd207831d15dd4ba00e31f2,CVE-2016-4348,group-row-18237,validation,train
row-18239,CWE-20,librsvg,d1c9191949747f6dcfd207831d15dd4ba00e31f2,CVE-2016-4348,group-row-18237,validation,train
row-18240,CWE-20,librsvg,d1c9191949747f6dcfd207831d15dd4ba00e31f2,CVE-2016-4348,group-row-18237,validation,train
row-18241,CWE-20,librsvg,d1c9191949747f6dcfd207831d15dd4ba00e31f2,CVE-2016-4348,group-row-18237,validation,train
row-18242,CWE-20,librsvg,d1c9191949747f6dcfd207831d15dd4ba00e31f2,CVE-2016-4348,group-row-18237,validation,train
row-18243,CWE-200,ocaml,659615c7b100a89eafe6253e7a5b9d84d0e8df74,,group-row-18243,train,train
row-18244,CWE-200,ocaml,659615c7b100a89eafe6253e7a5b9d84d0e8df74,,group-row-18243,train,train
row-18245,CWE-200,ocaml,659615c7b100a89eafe6253e7a5b9d84d0e8df74,,group-row-18243,train,train
row-18246,CWE-200,ocaml,659615c7b100a89eafe6253e7a5b9d84d0e8df74,,group-row-18243,train,train
row-18247,CWE-200,ocaml,659615c7b100a89eafe6253e7a5b9d84d0e8df74,,group-row-18243,train,train
row-18249,CWE-119,node,fcb9145e291e8cb82164bc1fe3db1c1dae219b55,CVE-2016-1669,group-row-18249,validation,train
row-18250,CWE-119,node,fcb9145e291e8cb82164bc1fe3db1c1dae219b55,CVE-2016-1669,group-row-18249,validation,train
row-18251,CWE-190,openssl,a004e72b95835136d3f1ea90517f706c24c03da7,CVE-2016-2177,group-row-18251,test,train
row-18252,CWE-190,openssl,a004e72b95835136d3f1ea90517f706c24c03da7,CVE-2016-2177,group-row-18251,test,train
row-18253,CWE-190,openssl,a004e72b95835136d3f1ea90517f706c24c03da7,CVE-2016-2177,group-row-18251,test,train
row-18254,CWE-190,openssl,a004e72b95835136d3f1ea90517f706c24c03da7,CVE-2016-2177,group-row-18251,test,train
row-18255,CWE-190,openssl,a004e72b95835136d3f1ea90517f706c24c03da7,CVE-2016-2177,group-row-18251,test,train
row-18256,CWE-190,openssl,a004e72b95835136d3f1ea90517f706c24c03da7,CVE-2016-2177,group-row-18251,test,train
row-18257,CWE-190,openssl,a004e72b95835136d3f1ea90517f706c24c03da7,CVE-2016-2177,group-row-18251,test,train
row-18258,CWE-190,openssl,6f35f6deb5ca7daebe289f86477e061ce3ee5f46,CVE-2016-2177,group-row-18251,test,train
row-18259,CWE-190,openssl,6f35f6deb5ca7daebe289f86477e061ce3ee5f46,CVE-2016-2177,group-row-18251,test,train
row-18260,CWE-190,openssl,6f35f6deb5ca7daebe289f86477e061ce3ee5f46,CVE-2016-2177,group-row-18251,test,train
row-18261,CWE-190,openssl,6f35f6deb5ca7daebe289f86477e061ce3ee5f46,CVE-2016-2177,group-row-18251,test,train
row-18264,CWE-125,librsvg,0035e95118a60c0cd3949c2300472d805e16a022,CVE-2016-6163,group-row-18264,validation,train
row-18265,CWE-125,librsvg,0035e95118a60c0cd3949c2300472d805e16a022,CVE-2016-6163,group-row-18264,validation,train
row-18266,CWE-189,libtiff,0ba5d8814a17a64bdb8d9035f4c533f3f3f4b496,CVE-2016-6223,group-row-18266,train,validation
row-18267,CWE-189,libtiff,0ba5d8814a17a64bdb8d9035f4c533f3f3f4b496,CVE-2016-6223,group-row-18266,train,validation
row-18268,CWE-125,openssl,0ed26acce328ec16a3aa635f1ca37365e8c7403a,,group-row-18268,test,train
row-18269,CWE-787,openssl,07bed46f332fce8c1d157689a2cdf915a982ae34,CVE-2016-2182,group-row-18269,test,train
row-18270,CWE-787,openssl,3612ff6fcec0e3d1f2a598135fe12177c0419582,CVE-2016-2182,group-row-18269,test,train
row-18271,CWE-189,openssl,b77ab018b79a00f789b0fb85596b446b08be4c9d,CVE-2016-2181,group-row-18271,test,validation
row-18272,CWE-189,openssl,b77ab018b79a00f789b0fb85596b446b08be4c9d,CVE-2016-2181,group-row-18271,test,validation
row-18273,CWE-189,openssl,b77ab018b79a00f789b0fb85596b446b08be4c9d,CVE-2016-2181,group-row-18271,test,validation
row-18274,CWE-189,openssl,fa75569758298e2930c78989b516cac937118acc,CVE-2016-2181,group-row-18271,test,validation
row-18275,CWE-189,openssl,fa75569758298e2930c78989b516cac937118acc,CVE-2016-2181,group-row-18271,test,validation
row-18276,CWE-189,openssl,fa75569758298e2930c78989b516cac937118acc,CVE-2016-2181,group-row-18271,test,validation
row-18277,CWE-399,openssl,00a4c1421407b6ac796688871b0a49a179c694d9,CVE-2016-2179,group-row-18277,test,train
row-18278,CWE-399,openssl,00a4c1421407b6ac796688871b0a49a179c694d9,CVE-2016-2179,group-row-18277,test,train
row-18279,CWE-399,openssl,00a4c1421407b6ac796688871b0a49a179c694d9,CVE-2016-2179,group-row-18277,test,train
row-18280,CWE-399,openssl,00a4c1421407b6ac796688871b0a49a179c694d9,CVE-2016-2179,group-row-18277,test,train
row-18281,CWE-399,openssl,00a4c1421407b6ac796688871b0a49a179c694d9,CVE-2016-2179,group-row-18277,test,train
row-18282,CWE-399,openssl,00a4c1421407b6ac796688871b0a49a179c694d9,CVE-2016-2179,group-row-18277,test,train
row-18283,CWE-399,openssl,cfd40fd39e69f5e3c654ae8fbf9acb1d2a051144,CVE-2016-2179,group-row-18277,test,train
row-18284,CWE-20,openssl,1bbe48ab149893a78bf99c8eb8895c928900a16f,CVE-2016-6302,group-row-18284,test,test
row-18285,CWE-787,openssl,2b4029e68fd7002d2307e6c3cde0f3784eef9c83,CVE-2016-6303,group-row-18285,test,train
row-18286,CWE-125,openssl,52e623c4cb06fffa9d5e75c60b34b4bc130b12e9,CVE-2016-6306,group-row-18286,test,train
row-18287,CWE-125,openssl,52e623c4cb06fffa9d5e75c60b34b4bc130b12e9,CVE-2016-6306,group-row-18286,test,train
row-18288,CWE-125,openssl,52e623c4cb06fffa9d5e75c60b34b4bc130b12e9,CVE-2016-6306,group-row-18286,test,train
row-18289,CWE-125,openssl,bb1a4866034255749ac578adb06a76335fc117b1,CVE-2016-6306,group-row-18286,test,train
row-18290,CWE-125,openssl,bb1a4866034255749ac578adb06a76335fc117b1,CVE-2016-6306,group-row-18286,test,train
row-18292,CWE-20,openssl,63658103d4441924f8dbfc517b99bb54758a98b9,CVE-2016-6305,group-row-18292,test,validation
row-18293,CWE-400,openssl,4b390b6c3f8df925dc92a3dd6b022baa9a2f4650,CVE-2016-6307,group-row-18293,test,validation
row-18294,CWE-400,openssl,4b390b6c3f8df925dc92a3dd6b022baa9a2f4650,CVE-2016-6307,group-row-18293,test,validation
row-18295,CWE-399,openssl,df6b5e29ffea2d5a3e08de92fb765fdb21c7a21e,CVE-2016-6308,group-row-18295,test,train
row-18296,CWE-399,openssl,df6b5e29ffea2d5a3e08de92fb765fdb21c7a21e,CVE-2016-6308,group-row-18295,test,train
row-18299,CWE-416,openssl,acacbfa7565c78d2273c0b2a2e5e803f44afefeb,CVE-2016-6309,group-row-18299,test,train
row-18300,CWE-476,openssl,6e629b5be45face20b4ca71c4fcbfed78b864a2e,CVE-2016-7052,group-row-18300,test,train
row-18309,CWE-400,openssl,af58be768ebb690f78530f796e92b8ae5c9a4401,CVE-2016-8610,group-row-4711,test,test
row-18310,CWE-400,openssl,af58be768ebb690f78530f796e92b8ae5c9a4401,CVE-2016-8610,group-row-4711,test,test
row-18311,CWE-119,libtiff,b5d6803f0898e931cf772d3d0755704ab8488e63,CVE-2016-5652,group-row-18311,train,validation
row-18314,CWE-787,libtiff,d2955714a4a0b8ca10941550cfbf64c7e111fbf1,CVE-2016-9453,group-row-18314,train,train
row-18315,CWE-125,libtiff,21d39de1002a5e69caa0574b2cc05d795d6fbfad,CVE-2016-9532,group-row-18315,train,validation
row-18316,CWE-125,libtiff,21d39de1002a5e69caa0574b2cc05d795d6fbfad,CVE-2016-9532,group-row-18315,train,validation
row-18317,CWE-125,libtiff,21d39de1002a5e69caa0574b2cc05d795d6fbfad,CVE-2016-9532,group-row-18315,train,validation
row-18344,CWE-190,libtiff,43c0b81a818640429317c80fea1e66771e85024b,,group-row-18344,train,train
row-18345,CWE-190,libtiff,43c0b81a818640429317c80fea1e66771e85024b,,group-row-18344,train,train
row-18346,CWE-190,libtiff,43c0b81a818640429317c80fea1e66771e85024b,,group-row-18344,train,train
row-18350,CWE-20,core,1f2c35da2b96905bec6e45f88af0f33ee63789e6,CVE-2016-8652,group-row-18350,train,train
row-18351,CWE-20,core,2c3f37672277b1f73f84722802aaa0ab1ab3e413,CVE-2016-8652,group-row-18350,train,train
row-18355,CWE-189,libtiff,c7153361a4041260719b340f73f2f76b0969235c,,group-row-18355,train,train
row-18366,CWE-125,openssl,2198b3a55de681e1f3c23edb0586afe13f438051,CVE-2017-3731,group-row-18366,test,train
row-18367,CWE-125,openssl,2198b3a55de681e1f3c23edb0586afe13f438051,CVE-2017-3731,group-row-18366,test,train
row-18368,CWE-125,openssl,2198b3a55de681e1f3c23edb0586afe13f438051,CVE-2017-3731,group-row-18366,test,train
row-18369,CWE-125,openssl,8e20499629b6bcf868d0072c7011e590b5c2294d,CVE-2017-3731,group-row-18366,test,train
row-18376,CWE-476,openssl,efbe126e3ebb9123ac9d058aa2bb044261342aaa,,group-row-18376,test,train
row-18377,CWE-476,openssl,efbe126e3ebb9123ac9d058aa2bb044261342aaa,,group-row-18376,test,train
row-18380,CWE-416,server,eef21014898d61e77890359d6546d4985d829ef6,CVE-2017-3302,group-row-5195,train,test
row-18399,CWE-125,libtiff,9a72a69e035ee70ff5c41541c8c61cd97990d018,,group-row-18399,train,train
row-18400,CWE-125,libtiff,9a72a69e035ee70ff5c41541c8c61cd97990d018,,group-row-18399,train,train
row-18401,CWE-125,libtiff,1044b43637fa7f70fb19b93593777b78bd20da86,,group-row-18401,train,train
row-18402,CWE-125,libtiff,1044b43637fa7f70fb19b93593777b78bd20da86,,group-row-18401,train,train
row-18403,CWE-125,libtiff,1044b43637fa7f70fb19b93593777b78bd20da86,,group-row-18401,train,train
row-18405,CWE-369,libtiff,43bc256d8ae44b92d2734a3c5bc73957a4d7c1ec,,group-row-18405,train,train
row-18406,CWE-369,libtiff,43bc256d8ae44b92d2734a3c5bc73957a4d7c1ec,,group-row-18405,train,train
row-18407,CWE-369,libtiff,438274f938e046d33cb0e1230b41da32ffe223e1,,group-row-18407,train,train
row-18409,CWE-20,libtiff,48780b4fcc425cddc4ef8ffdf536f96a0d1b313b,CVE-2017-7592,group-row-18409,train,train
row-18410,CWE-119,libtiff,d60332057b9575ada4f264489582b13e30137be1,CVE-2017-7593,group-row-18410,train,train
row-18414,CWE-369,libtiff,47f2fb61a3a64667bce1a8398a8fcb1b348ff122,CVE-2017-7595,group-row-18414,train,test
row-18415,CWE-20,libtiff,3144e57770c1e4d26520d8abee750f8ac8b75490,CVE-2017-7596,group-row-18415,train,train
row-18416,CWE-20,libtiff,3144e57770c1e4d26520d8abee750f8ac8b75490,CVE-2017-7596,group-row-18415,train,train
row-18417,CWE-20,libtiff,3144e57770c1e4d26520d8abee750f8ac8b75490,CVE-2017-7596,group-row-18415,train,train
row-18418,CWE-20,libtiff,3144e57770c1e4d26520d8abee750f8ac8b75490,CVE-2017-7596,group-row-18415,train,train
row-18419,CWE-20,libtiff,3144e57770c1e4d26520d8abee750f8ac8b75490,CVE-2017-7596,group-row-18415,train,train
row-18420,CWE-369,libtiff,3cfd62d77c2a7e147a05bd678524c345fa9c2bb8,CVE-2017-7598,group-row-18420,train,train
row-18421,CWE-369,libtiff,3cfd62d77c2a7e147a05bd678524c345fa9c2bb8,CVE-2017-7598,group-row-18420,train,train
row-18422,CWE-20,libtiff,0a76a8c765c7b8327c59646284fa78c3c27e5490,CVE-2017-7601,group-row-18422,train,train
row-18423,CWE-190,libtiff,66e7bd59520996740e4df5495a830b42fae48bc4,CVE-2017-7602,group-row-18423,train,train
row-18425,CWE-787,libtiff,69bfeec247899776b1b396651adb47436e5f1556,CVE-2017-11335,group-row-18425,train,train
row-18426,CWE-369,librsvg,ecf9267a24b2c3c0cd211dbdfa9ef2232511972a,,group-row-18426,validation,train
row-18427,CWE-369,librsvg,ecf9267a24b2c3c0cd211dbdfa9ef2232511972a,,group-row-18426,validation,train
row-18428,CWE-190,libidn2,16853b6973a1e72fee2b7cccda85472cb9951305,CVE-2017-14061,group-row-18428,train,train
row-18429,CWE-190,libidn2,3284eb342cd0ed1a18786e3fcdf0cdd7e76676bd,CVE-2017-14062,group-row-18429,train,train
row-18430,CWE-770,libtiff,dc02f9050311a90b3c0655147cee09bfa7081cfc,CVE-2017-12944,group-row-18430,train,train
row-18438,CWE-125,libsndfile,2d54514a4f6437b67829717c05472d2e3300a258,CVE-2017-14245,group-row-18438,validation,train
row-18439,CWE-125,libsndfile,2d54514a4f6437b67829717c05472d2e3300a258,CVE-2017-14245,group-row-18438,validation,train
row-18440,CWE-125,libsndfile,2d54514a4f6437b67829717c05472d2e3300a258,CVE-2017-14245,group-row-18438,validation,train
row-18469,CWE-787,audiofile,822b732fd31ffcb78f6920001e9b1fbd815fa712,CVE-2018-17095,group-row-18469,train,test
row-18516,CWE-476,graphviz,839085f8026afd6f6920a0c31ad2a9d880d97932,CVE-2019-11023,group-row-18516,validation,train
row-18517,CWE-476,graphviz,839085f8026afd6f6920a0c31ad2a9d880d97932,CVE-2019-11023,group-row-18516,validation,train
row-18518,CWE-476,graphviz,839085f8026afd6f6920a0c31ad2a9d880d97932,CVE-2019-11023,group-row-18516,validation,train
row-18533,CWE-787,core,85fcb895ca7f0bcb8ee72047fe0e1e78532ff90b,CVE-2019-11500,group-row-8520,train,train
row-18534,CWE-787,core,f904cbdfec25582bc5e2a7435bf82ff769f2526a,CVE-2019-11500,group-row-8520,train,train
row-18588,CWE-400,librsvg,572f95f739529b865e2717664d6fefcef9493135,CVE-2019-20446,group-row-18588,validation,train
row-18589,CWE-400,librsvg,572f95f739529b865e2717664d6fefcef9493135,CVE-2019-20446,group-row-18588,validation,train
row-18590,CWE-835,core,ed4b7d5d1b30964216d61d3090a7b47a957f5b26,CVE-2020-7046,group-row-18590,train,train
row-18591,CWE-20,core,3a55f35c208b5fd3d52c0a6272bd5b8717a2ae54,CVE-2020-7957,group-row-18591,train,train
row-18601,CWE-476,openssl,5235ef44b93306a14d0b6c695b13c64b16e1fdec,CVE-2020-1967,group-row-18601,test,validation
row-18602,CWE-476,openssl,5235ef44b93306a14d0b6c695b13c64b16e1fdec,CVE-2020-1967,group-row-18601,test,validation
row-18603,CWE-476,openssl,5235ef44b93306a14d0b6c695b13c64b16e1fdec,CVE-2020-1967,group-row-18601,test,validation
row-18604,CWE-476,openssl,5235ef44b93306a14d0b6c695b13c64b16e1fdec,CVE-2020-1967,group-row-18601,test,validation
row-18605,CWE-476,openssl,a87f3fe01a5a894aa27ccd6a239155fd129988e4,CVE-2020-1967,group-row-18601,test,validation
row-18606,CWE-476,envoy,8788a3cf255b647fd14e6b5e2585abaaedb28153,,group-row-18606,train,train
row-18607,CWE-476,envoy,8788a3cf255b647fd14e6b5e2585abaaedb28153,,group-row-18606,train,train
row-18608,CWE-476,envoy,8788a3cf255b647fd14e6b5e2585abaaedb28153,,group-row-18606,train,train
row-18609,CWE-476,envoy,8788a3cf255b647fd14e6b5e2585abaaedb28153,,group-row-18606,train,train
row-18610,CWE-476,envoy,8788a3cf255b647fd14e6b5e2585abaaedb28153,,group-row-18606,train,train
row-18611,CWE-476,envoy,8788a3cf255b647fd14e6b5e2585abaaedb28153,,group-row-18606,train,train
row-18612,CWE-476,envoy,8788a3cf255b647fd14e6b5e2585abaaedb28153,,group-row-18606,train,train
row-18613,CWE-476,envoy,8788a3cf255b647fd14e6b5e2585abaaedb28153,,group-row-18606,train,train
row-18614,CWE-476,envoy,8788a3cf255b647fd14e6b5e2585abaaedb28153,,group-row-18606,train,train
row-18615,CWE-476,envoy,8788a3cf255b647fd14e6b5e2585abaaedb28153,,group-row-18606,train,train
row-18616,CWE-476,envoy,8788a3cf255b647fd14e6b5e2585abaaedb28153,,group-row-18606,train,train
row-18617,CWE-476,envoy,8788a3cf255b647fd14e6b5e2585abaaedb28153,,group-row-18606,train,train
row-18618,CWE-476,envoy,8788a3cf255b647fd14e6b5e2585abaaedb28153,,group-row-18606,train,train
row-18619,CWE-476,envoy,8788a3cf255b647fd14e6b5e2585abaaedb28153,,group-row-18606,train,train
row-18620,CWE-476,envoy,8788a3cf255b647fd14e6b5e2585abaaedb28153,,group-row-18606,train,train
row-18621,CWE-476,envoy,8788a3cf255b647fd14e6b5e2585abaaedb28153,,group-row-18606,train,train
row-18622,CWE-476,envoy,8788a3cf255b647fd14e6b5e2585abaaedb28153,,group-row-18606,train,train
row-18635,CWE-125,core,fb246611e62ad8c5a95b0ca180a63f17aa34b0d8,CVE-2020-12673,group-row-18635,train,train
row-18636,CWE-125,core,69ad3c902ea4bbf9f21ab1857d8923f975dc6145,CVE-2020-12674,group-row-18636,train,train
row-18643,CWE-400,node,753f3b247ae2d24fee0b3f48b9ec3a5c308f0650,CVE-2020-8251,group-row-18643,validation,train
row-18644,CWE-400,node,753f3b247ae2d24fee0b3f48b9ec3a5c308f0650,CVE-2020-8251,group-row-18643,validation,train
row-18645,CWE-415,gnuplot,052cbd17c3cbbc602ee080b2617d32a8417d7563,CVE-2020-25559,group-row-18645,train,train
row-18646,CWE-787,gnuplot,963c7df3e0c5266efff260d0dff757dfe03d3632,CVE-2020-25412,group-row-18646,train,validation
row-18649,CWE-476,openssl,3db2c9f3e5fb9f649ebb4a55918398756310af43,CVE-2020-1971,group-row-18649,test,train
row-18650,CWE-476,openssl,43a7033a010feaf72c79d39df65ca733fb9dcd4c,CVE-2020-1971,group-row-18649,test,train
row-18651,CWE-476,openssl,b33c48b75aaf33c93aeda42d7138616b9e6a64cb,CVE-2020-1971,group-row-18649,test,train
row-18652,CWE-476,openssl,b33c48b75aaf33c93aeda42d7138616b9e6a64cb,CVE-2020-1971,group-row-18649,test,train
row-18653,CWE-476,openssl,b33c48b75aaf33c93aeda42d7138616b9e6a64cb,CVE-2020-1971,group-row-18649,test,train
row-18654,CWE-476,openssl,22b88fc9c0e22545401c0b34d24843883ea73fec,CVE-2020-1971,group-row-18649,test,train
row-18655,CWE-476,openssl,22b88fc9c0e22545401c0b34d24843883ea73fec,CVE-2020-1971,group-row-18649,test,train
row-18656,CWE-476,openssl,97ab3c4b538840037812c8d9164d09a1f4bf11a1,CVE-2020-1971,group-row-18649,test,train
row-18659,CWE-20,core,266e54b7b8c34c9a58dd60a2e53c5ca7d1deae19,CVE-2020-25275,group-row-18659,train,train
row-18660,CWE-20,core,fb97a1cddbda4019e327fa736972a1c7433fedaa,CVE-2020-25275,group-row-18659,train,train
row-18661,CWE-20,core,fb97a1cddbda4019e327fa736972a1c7433fedaa,CVE-2020-25275,group-row-18659,train,train
row-18662,CWE-416,node,7f178663ebffc82c9f8a5a1b6bf2da0c263a30ed,CVE-2020-8265,group-row-18662,validation,test
row-18663,CWE-416,node,7f178663ebffc82c9f8a5a1b6bf2da0c263a30ed,CVE-2020-8265,group-row-18662,validation,test
row-18664,CWE-416,node,7f178663ebffc82c9f8a5a1b6bf2da0c263a30ed,CVE-2020-8265,group-row-18662,validation,test
row-18665,CWE-416,node,7f178663ebffc82c9f8a5a1b6bf2da0c263a30ed,CVE-2020-8265,group-row-18662,validation,test
row-18666,CWE-416,node,7f178663ebffc82c9f8a5a1b6bf2da0c263a30ed,CVE-2020-8265,group-row-18662,validation,test
row-18667,CWE-416,node,7f178663ebffc82c9f8a5a1b6bf2da0c263a30ed,CVE-2020-8265,group-row-18662,validation,test
row-18668,CWE-416,node,7f178663ebffc82c9f8a5a1b6bf2da0c263a30ed,CVE-2020-8265,group-row-18662,validation,test
row-18669,CWE-416,node,4f8772f9b731118628256189b73cd202149bbd97,CVE-2020-8265,group-row-18662,validation,test
row-18670,CWE-416,node,4f8772f9b731118628256189b73cd202149bbd97,CVE-2020-8265,group-row-18662,validation,test
row-18671,CWE-416,node,4f8772f9b731118628256189b73cd202149bbd97,CVE-2020-8265,group-row-18662,validation,test
row-18676,CWE-476,openssl,8130d654d1de922ea224fa18ee3bc7262edc39c0,CVE-2021-23841,group-row-18676,test,train
row-18677,CWE-476,openssl,55869f594f052561b11a2db6a7c42690051868de,CVE-2021-23841,group-row-18676,test,train
row-18678,CWE-190,openssl,6a51b9e1d0cf0bf8515f7201b68fb0a3482b3dc1,CVE-2021-23840,group-row-18678,test,train
row-18679,CWE-190,openssl,6a51b9e1d0cf0bf8515f7201b68fb0a3482b3dc1,CVE-2021-23840,group-row-18678,test,train
row-18680,CWE-295,openssl,2a40b7bc7b94dd7de897a74571e7024f0cf0d63b,CVE-2021-3450,group-row-18680,test,validation
row-18681,CWE-295,openssl,2a40b7bc7b94dd7de897a74571e7024f0cf0d63b,CVE-2021-3450,group-row-18680,test,validation
row-18682,CWE-476,openssl,fb9fa6b51defd48157eeb207f52181f735d96148,CVE-2021-3449,group-row-18682,test,train
row-18688,CWE-787,qemu,defac5e2fbddf8423a354ff0454283a2115e1367,CVE-2021-3507,group-row-18688,train,train
row-18689,CWE-787,qemu,46609b90d9e3a6304def11038a76b58ff43f77bc,CVE-2021-3507,group-row-18688,train,train
row-18690,CWE-120,graphviz,784411ca3655c80da0f6025ab20634b2a6ff696b,CVE-2020-18032,group-row-18690,validation,train
row-18701,CWE-22,core,15682a20d5589ebf5496b31c55ecf9238ff2457b,CVE-2021-29157,group-row-18701,train,train
row-18702,CWE-22,core,15682a20d5589ebf5496b31c55ecf9238ff2457b,CVE-2021-29157,group-row-18701,train,train
row-18703,CWE-22,core,15682a20d5589ebf5496b31c55ecf9238ff2457b,CVE-2021-29157,group-row-18701,train,train
row-18704,CWE-22,core,368adea6d911d4012274ea1ff5d950a141f1ee89,CVE-2021-29157,group-row-18701,train,train
row-18705,CWE-22,core,137558d31ce73359b19dbfc0621d16d32176a16e,CVE-2021-29157,group-row-18701,train,train
row-18706,CWE-22,core,137558d31ce73359b19dbfc0621d16d32176a16e,CVE-2021-29157,group-row-18701,train,train
row-18707,CWE-22,core,137558d31ce73359b19dbfc0621d16d32176a16e,CVE-2021-29157,group-row-18701,train,train
row-18708,CWE-22,core,cf8f670629cf2b9ff862eb42d5446ac4a9383a84,CVE-2021-29157,group-row-18701,train,train
row-18709,CWE-22,core,cf8f670629cf2b9ff862eb42d5446ac4a9383a84,CVE-2021-29157,group-row-18701,train,train
row-18710,CWE-22,core,cf8f670629cf2b9ff862eb42d5446ac4a9383a84,CVE-2021-29157,group-row-18701,train,train
row-18711,CWE-22,core,8b716828c4a4ba11f2189ce002b80bf62a74538e,CVE-2021-29157,group-row-18701,train,train
row-18712,CWE-22,core,1db66e39500672bc167d5e4e2e7232b8f7d87c05,CVE-2021-29157,group-row-18701,train,train
row-18717,CWE-416,node,a3c33d4ce78f74d1cf1765704af5b427aa3840a6,CVE-2021-22940,group-row-18717,validation,train
row-18718,CWE-120,openssl,59f5e75f3bced8fc0e130d72a3f582cf7b480b46,CVE-2021-3711,group-row-18718,test,test
row-18719,CWE-120,openssl,59f5e75f3bced8fc0e130d72a3f582cf7b480b46,CVE-2021-3711,group-row-18718,test,test
row-18720,CWE-120,openssl,59f5e75f3bced8fc0e130d72a3f582cf7b480b46,CVE-2021-3711,group-row-18718,test,test
row-18721,CWE-125,openssl,94d23fcff9b2a7a8368dfe52214d5c2569882c11,CVE-2021-3712,group-row-18721,test,train
row-18722,CWE-125,openssl,2d0e5d4a4a5d4332325b5e5cea492fad2be633e1,CVE-2021-3712,group-row-18721,test,train
row-18723,CWE-125,openssl,bb4d2ed4091408404e18b3326e3df67848ef63d0,CVE-2021-3712,group-row-18721,test,train
row-18724,CWE-125,openssl,4de66925203ca99189c842136ec4a623137ea447,CVE-2021-3712,group-row-18721,test,train
row-18725,CWE-125,openssl,8393de42498f8be75cf0353f5c9f906a43a748d2,CVE-2021-3712,group-row-18721,test,train
row-18726,CWE-125,openssl,8393de42498f8be75cf0353f5c9f906a43a748d2,CVE-2021-3712,group-row-18721,test,train
row-18727,CWE-125,openssl,8393de42498f8be75cf0353f5c9f906a43a748d2,CVE-2021-3712,group-row-18721,test,train
row-18728,CWE-125,openssl,8393de42498f8be75cf0353f5c9f906a43a748d2,CVE-2021-3712,group-row-18721,test,train
row-18729,CWE-125,openssl,8393de42498f8be75cf0353f5c9f906a43a748d2,CVE-2021-3712,group-row-18721,test,train
row-18730,CWE-125,openssl,8393de42498f8be75cf0353f5c9f906a43a748d2,CVE-2021-3712,group-row-18721,test,train
row-18731,CWE-125,openssl,23446958685a593d4d9434475734b99138902ed2,CVE-2021-3712,group-row-18721,test,train
row-18732,CWE-125,openssl,5f54e57406ca17731b9ade3afd561d3c652e07f2,CVE-2021-3712,group-row-18721,test,train
row-18733,CWE-125,openssl,5f54e57406ca17731b9ade3afd561d3c652e07f2,CVE-2021-3712,group-row-18721,test,train
row-18734,CWE-125,openssl,d9d838ddc0ed083fb4c26dd067e71aad7c65ad16,CVE-2021-3712,group-row-18721,test,train
row-18797,CWE-835,openssl,758754966791c537ea95241438454aa86f91f256,CVE-2021-4044,group-row-18797,test,validation
row-18798,CWE-835,openssl,758754966791c537ea95241438454aa86f91f256,CVE-2021-4044,group-row-18797,test,validation
row-18806,CWE-295,node,466e5415a2b7b3574ab5403acb87e89a94a980d1,CVE-2021-44532,group-row-18806,validation,validation
row-18807,CWE-295,node,466e5415a2b7b3574ab5403acb87e89a94a980d1,CVE-2021-44532,group-row-18806,validation,validation
row-18808,CWE-295,node,466e5415a2b7b3574ab5403acb87e89a94a980d1,CVE-2021-44532,group-row-18806,validation,validation
row-18809,CWE-295,node,466e5415a2b7b3574ab5403acb87e89a94a980d1,CVE-2021-44532,group-row-18806,validation,validation
row-18810,CWE-295,node,466e5415a2b7b3574ab5403acb87e89a94a980d1,CVE-2021-44532,group-row-18806,validation,validation
row-18811,CWE-295,node,a336444c7fb9fd1d0055481d84cdd57d7d569879,CVE-2021-44533,group-row-18811,validation,validation
row-18812,CWE-295,node,a336444c7fb9fd1d0055481d84cdd57d7d569879,CVE-2021-44533,group-row-18811,validation,validation
row-18818,CWE-476,server,3a52569499e2f0c4d1f25db1e81617a9d9755400,CVE-2021-46664,group-row-18818,train,train
row-18819,CWE-617,server,2e7891080667c59ac80f788eef4d59d447595772,CVE-2021-46666,group-row-18819,train,train
row-18820,CWE-190,server,0dec71ca53729bd1a565bdc800e64008b44ffa48,CVE-2021-46667,group-row-18820,train,train
row-18821,CWE-400,server,9e39d0ae44595dbd1570805d97c9c874778a6be8,CVE-2021-46668,group-row-18821,train,train
row-18822,CWE-835,openssl,3118eb64934499d93db3230748a452351d1d9a65,CVE-2022-0778,group-row-18822,test,train
row-18823,CWE-416,server,c02ebf3510850ba78a106be9974c94c3b97d8585,CVE-2022-27376,group-row-18823,train,train
row-18824,CWE-416,server,c02ebf3510850ba78a106be9974c94c3b97d8585,CVE-2022-27376,group-row-18823,train,train
row-18825,CWE-416,server,c02ebf3510850ba78a106be9974c94c3b97d8585,CVE-2022-27376,group-row-18823,train,train
row-18826,CWE-416,server,c02ebf3510850ba78a106be9974c94c3b97d8585,CVE-2022-27376,group-row-18823,train,train
row-18827,CWE-416,server,c02ebf3510850ba78a106be9974c94c3b97d8585,CVE-2022-27376,group-row-18823,train,train
row-18828,CWE-416,server,c02ebf3510850ba78a106be9974c94c3b97d8585,CVE-2022-27376,group-row-18823,train,train
row-18829,CWE-416,server,c02ebf3510850ba78a106be9974c94c3b97d8585,CVE-2022-27376,group-row-18823,train,train
row-18830,CWE-416,server,c02ebf3510850ba78a106be9974c94c3b97d8585,CVE-2022-27376,group-row-18823,train,train
row-18831,CWE-416,server,c02ebf3510850ba78a106be9974c94c3b97d8585,CVE-2022-27376,group-row-18823,train,train
row-18832,CWE-416,server,c02ebf3510850ba78a106be9974c94c3b97d8585,CVE-2022-27376,group-row-18823,train,train
row-18833,CWE-416,server,c02ebf3510850ba78a106be9974c94c3b97d8585,CVE-2022-27376,group-row-18823,train,train
row-18834,CWE-416,server,c02ebf3510850ba78a106be9974c94c3b97d8585,CVE-2022-27376,group-row-18823,train,train
row-18835,CWE-416,server,c02ebf3510850ba78a106be9974c94c3b97d8585,CVE-2022-27376,group-row-18823,train,train
row-18836,CWE-416,server,c02ebf3510850ba78a106be9974c94c3b97d8585,CVE-2022-27376,group-row-18823,train,train
row-18837,CWE-416,server,c02ebf3510850ba78a106be9974c94c3b97d8585,CVE-2022-27376,group-row-18823,train,train
row-18853,CWE-416,server,b3c3291f0b7c1623cb20663f7cf31b7f749768bc,CVE-2022-27376,group-row-18823,train,train
row-18854,CWE-416,server,4681b6f2d8c82b4ec5cf115e83698251963d80d5,CVE-2022-27377,group-row-18854,train,train
row-18855,CWE-416,server,4681b6f2d8c82b4ec5cf115e83698251963d80d5,CVE-2022-27377,group-row-18854,train,train
row-18856,CWE-416,server,4681b6f2d8c82b4ec5cf115e83698251963d80d5,CVE-2022-27377,group-row-18854,train,train
row-18857,CWE-416,server,4681b6f2d8c82b4ec5cf115e83698251963d80d5,CVE-2022-27377,group-row-18854,train,train
row-18860,CWE-617,server,807945f2eb5fa22e6f233cc17b85a2e141efe2c8,CVE-2022-27382,group-row-18860,train,train
row-18861,CWE-416,server,c05fd700970ad45735caed3a6f9930d4ce19a3bd,CVE-2022-27383,group-row-18861,train,train
row-18867,CWE-120,server,eca207c46293bc72dd8d0d5622153fab4d3fccf1,CVE-2022-27387,group-row-18867,train,validation
row-18868,CWE-120,server,eca207c46293bc72dd8d0d5622153fab4d3fccf1,CVE-2022-27387,group-row-18867,train,validation
row-18869,CWE-120,server,eca207c46293bc72dd8d0d5622153fab4d3fccf1,CVE-2022-27387,group-row-18867,train,validation
row-18870,CWE-120,server,eca207c46293bc72dd8d0d5622153fab4d3fccf1,CVE-2022-27387,group-row-18867,train,validation
row-18871,CWE-120,server,eca207c46293bc72dd8d0d5622153fab4d3fccf1,CVE-2022-27387,group-row-18867,train,validation
row-18872,CWE-120,server,eca207c46293bc72dd8d0d5622153fab4d3fccf1,CVE-2022-27387,group-row-18867,train,validation
row-18880,CWE-617,server,ecb6f9c894d3ebafeff1c6eb3b65cd248062296f,CVE-2022-27448,group-row-18880,train,train
row-18881,CWE-416,server,af810407f78b7f792a9bb8c47c8c532eb3b3a758,CVE-2022-27457,group-row-18881,train,train
row-18882,CWE-416,server,0beed9b5e933f0ff79b3bb346524f7a451d14e38,CVE-2022-27455,group-row-18882,train,train
row-18890,CWE-787,openssl,4d8a88c134df634ba610ff8db1eb8478ac5fd345,CVE-2022-2274,group-row-18890,test,train
row-18909,CWE-703,server,39feab3cd31b5414aa9b428eaba915c251ac34a2,,group-row-18909,train,train
row-18910,CWE-703,server,39feab3cd31b5414aa9b428eaba915c251ac34a2,,group-row-18909,train,train
row-18911,CWE-787,accel-ppp,a0b8bfc4e74ff31b15ccfa6c626e3bbc591ba98f,,group-row-18911,train,train
row-18912,CWE-787,openssl,a1f7034bbd8f0730d360211f5ba0feeaef0b7b2c,,group-row-18912,test,train
row-18914,CWE-703,profanity,69ff010c14ff80ec14246772db6a245aa59e6689,,group-row-18914,train,train
row-18915,CWE-703,profanity,69ff010c14ff80ec14246772db6a245aa59e6689,,group-row-18914,train,train
row-18917,CWE-703,server,f439cfdf93691d451a2efe075a90526bd67b8278,,group-row-18917,train,train
row-18918,CWE-703,server,f439cfdf93691d451a2efe075a90526bd67b8278,,group-row-18917,train,train
row-18919,CWE-20,openssl,4ad93618d26a3ea23d36ad5498ff4f59eff3a4d2,,group-row-18919,test,train
row-18920,CWE-20,openssl,4ad93618d26a3ea23d36ad5498ff4f59eff3a4d2,,group-row-18919,test,train
row-18921,CWE-20,openssl,4ad93618d26a3ea23d36ad5498ff4f59eff3a4d2,,group-row-18919,test,train
row-18922,CWE-20,openssl,4ad93618d26a3ea23d36ad5498ff4f59eff3a4d2,,group-row-18919,test,train
row-18923,CWE-20,openssl,4ad93618d26a3ea23d36ad5498ff4f59eff3a4d2,,group-row-18919,test,train
row-18924,CWE-20,openssl,4ad93618d26a3ea23d36ad5498ff4f59eff3a4d2,,group-row-18919,test,train
row-18925,CWE-20,openssl,4ad93618d26a3ea23d36ad5498ff4f59eff3a4d2,,group-row-18919,test,train
row-18926,CWE-20,openssl,4ad93618d26a3ea23d36ad5498ff4f59eff3a4d2,,group-row-18919,test,train
row-18927,CWE-20,openssl,4ad93618d26a3ea23d36ad5498ff4f59eff3a4d2,,group-row-18919,test,train
row-18928,CWE-20,openssl,4ad93618d26a3ea23d36ad5498ff4f59eff3a4d2,,group-row-18919,test,train
row-18930,CWE-399,openssl,1b31b5ad560b16e2fe1cad54a755e3e6b5e778a3,,group-row-18930,test,train
row-18931,CWE-399,openssl,1b31b5ad560b16e2fe1cad54a755e3e6b5e778a3,,group-row-18930,test,train
row-18932,CWE-399,openssl,1b31b5ad560b16e2fe1cad54a755e3e6b5e778a3,,group-row-18930,test,train
row-18935,CWE-20,openssl,7e4cae1d2f555cbe9226b377aff4b56c9f7ddd4d,,group-row-18935,test,train
row-18936,CWE-703,openssl,59302b600e8d5b77ef144e447bb046fd7ab72686,,group-row-18936,test,train
